#pragma once
// Inter Bold subset - SIL OFL 1.1. (rsms.me/inter)
// AUTO-GENERATED - do not edit.
const unsigned char inter_bold_font[24264] = {
    0x00, 0x01, 0x00, 0x00, 0x00, 0x10, 0x01, 0x00, 0x00, 0x04, 0x00, 0x00, 0x47, 0x44, 0x45, 0x46,
    0x0B, 0x43, 0x0A, 0xFD, 0x00, 0x00, 0x5D, 0xD8, 0x00, 0x00, 0x00, 0x5E, 0x47, 0x50, 0x4F, 0x53,
    0x44, 0x76, 0x4C, 0x75, 0x00, 0x00, 0x5E, 0x38, 0x00, 0x00, 0x00, 0x20, 0x47, 0x53, 0x55, 0x42,
    0xB8, 0xFA, 0xB8, 0xF4, 0x00, 0x00, 0x5E, 0x58, 0x00, 0x00, 0x00, 0x2A, 0x4F, 0x53, 0x2F, 0x32,
    0x7D, 0x59, 0x7D, 0xE2, 0x00, 0x00, 0x01, 0x88, 0x00, 0x00, 0x00, 0x60, 0x53, 0x54, 0x41, 0x54,
    0xEF, 0x79, 0xD9, 0x45, 0x00, 0x00, 0x5E, 0x84, 0x00, 0x00, 0x00, 0x44, 0x63, 0x6D, 0x61, 0x70,
    0x65, 0x10, 0x68, 0xEC, 0x00, 0x00, 0x07, 0x4C, 0x00, 0x00, 0x02, 0xBC, 0x67, 0x61, 0x73, 0x70,
    0x00, 0x00, 0x00, 0x10, 0x00, 0x00, 0x5D, 0xD0, 0x00, 0x00, 0x00, 0x08, 0x67, 0x6C, 0x79, 0x66,
    0x27, 0xC6, 0x44, 0x07, 0x00, 0x00, 0x0C, 0xC4, 0x00, 0x00, 0x4F, 0xDA, 0x68, 0x65, 0x61, 0x64,
    0x2D, 0x2B, 0x61, 0x6E, 0x00, 0x00, 0x01, 0x0C, 0x00, 0x00, 0x00, 0x36, 0x68, 0x68, 0x65, 0x61,
    0x1E, 0x5D, 0x10, 0xE3, 0x00, 0x00, 0x01, 0x44, 0x00, 0x00, 0x00, 0x24, 0x68, 0x6D, 0x74, 0x78,
    0x86, 0x46, 0xB6, 0x6B, 0x00, 0x00, 0x01, 0xE8, 0x00, 0x00, 0x05, 0x64, 0x6C, 0x6F, 0x63, 0x61,
    0x36, 0xD7, 0x4B, 0x25, 0x00, 0x00, 0x0A, 0x10, 0x00, 0x00, 0x02, 0xB4, 0x6D, 0x61, 0x78, 0x70,
    0x01, 0x72, 0x01, 0x06, 0x00, 0x00, 0x01, 0x68, 0x00, 0x00, 0x00, 0x20, 0x6E, 0x61, 0x6D, 0x65,
    0x15, 0x33, 0x33, 0xDC, 0x00, 0x00, 0x5C, 0xA0, 0x00, 0x00, 0x01, 0x10, 0x70, 0x6F, 0x73, 0x74,
    0xFE, 0x33, 0x00, 0xC0, 0x00, 0x00, 0x5D, 0xB0, 0x00, 0x00, 0x00, 0x20, 0x70, 0x72, 0x65, 0x70,
    0x68, 0x06, 0x8C, 0x85, 0x00, 0x00, 0x0A, 0x08, 0x00, 0x00, 0x00, 0x07, 0x00, 0x01, 0x00, 0x00,
    0x00, 0x03, 0x04, 0xDD, 0x94, 0xB7, 0xF5, 0x7D, 0x5F, 0x0F, 0x3C, 0xF5, 0x00, 0x1B, 0x0B, 0x00,
    0x00, 0x00, 0x00, 0x00, 0xDC, 0xF2, 0xBB, 0x1B, 0x00, 0x00, 0x00, 0x00, 0xDD, 0x55, 0x50, 0xD6,
    0xF7, 0x48, 0xFC, 0x7C, 0x1C, 0x6A, 0x0C, 0x29, 0x00, 0x00, 0x00, 0x06, 0x00, 0x02, 0x00, 0x00,
    0x00, 0x00, 0x00, 0x00, 0x00, 0x01, 0x00, 0x00, 0x0A, 0xA8, 0xFD, 0x58, 0x00, 0x00, 0x1D, 0x80,
    0xF7, 0x48, 0xF4, 0xB1, 0x1C, 0x6A, 0x00, 0x01, 0x00, 0x00, 0x00, 0x00, 0x00, 0x00, 0x00, 0x00,
    0x00, 0x00, 0x00, 0x00, 0x00, 0x00, 0x01, 0x59, 0x00, 0x01, 0x00, 0x00, 0x01, 0x59, 0x00, 0x94,
    0x00, 0x0C, 0x00, 0x70, 0x00, 0x07, 0x00, 0x01, 0x00, 0x00, 0x00, 0x00, 0x00, 0x00, 0x00, 0x00,
    0x00, 0x00, 0x00, 0x00, 0x00, 0x05, 0x00, 0x01, 0x00, 0x04, 0x07, 0x2E, 0x02, 0x58, 0x00, 0x05,
    0x00, 0x00, 0x07, 0x26, 0x06, 0x9A, 0x00, 0x00, 0x00, 0xD3, 0x07, 0x26, 0x06, 0x9A, 0x00, 0x00,
    0x03, 0xDA, 0x00, 0xC0, 0x03, 0x9A, 0x00, 0x00, 0x02, 0x00, 0x05, 0x03, 0x00, 0x00, 0x00, 0x02,
    0x00, 0x04, 0x00, 0x00, 0x00, 0x07, 0x00, 0x00, 0x00, 0x00, 0x00, 0x00, 0x00, 0x00, 0x00, 0x00,
    0x00, 0x00, 0x52, 0x53, 0x4D, 0x53, 0x00, 0xC0, 0x00, 0x20, 0x01, 0x7F, 0x0A, 0xA8, 0xFD, 0x58,
    0x00, 0x00, 0x0A, 0xA8, 0x02, 0xA8, 0x00, 0x00, 0x00, 0x93, 0x00, 0x00, 0x00, 0x00, 0x06, 0x00,
    0x08, 0x00, 0x00, 0x00, 0x00, 0x20, 0x00, 0x0C, 0x0B, 0x58, 0x01, 0x15, 0x00, 0x00, 0x00, 0x00,
    0x07, 0xF6, 0x00, 0x45, 0x07, 0xF6, 0x00, 0x45, 0x07, 0xF6, 0x00, 0x45, 0x07, 0xF6, 0x00, 0x45,
    0x07, 0xF6, 0x00, 0x45, 0x07, 0xF6, 0x00, 0x45, 0x07, 0xF6, 0x00, 0x45, 0x07, 0xF6, 0x00, 0x45,
    0x07, 0xF6, 0x00, 0x45, 0x07, 0xF6, 0x00, 0x45, 0x0B, 0x2F, 0x00, 0x45, 0x07, 0x3B, 0x00, 0xCA,
    0x08, 0x2E, 0x00, 0x96, 0x08, 0x2E, 0x00, 0x96, 0x08, 0x2E, 0x00, 0x96, 0x08, 0x2E, 0x00, 0x96,
    0x08, 0x2E, 0x00, 0x96, 0x08, 0x2E, 0x00, 0x96, 0x07, 0xF8, 0x00, 0xCA, 0x07, 0xF8, 0x00, 0xCA,
    0x07, 0xF8, 0xFF, 0xA2, 0x06, 0xAF, 0x00, 0xCA, 0x06, 0xAF, 0x00, 0xCA, 0x06, 0xAF, 0x00, 0xCA,
    0x06, 0xAF, 0x00, 0xCA, 0x06, 0xAF, 0x00, 0xCA, 0x06, 0xAF, 0x00, 0xCA, 0x06, 0xAF, 0x00, 0xCA,
    0x06, 0xAF, 0x00, 0xCA, 0x06, 0xAF, 0x00, 0xCA, 0x06, 0xAF, 0x00, 0xCA, 0x06, 0x71, 0x00, 0xCA,
    0x08, 0x4E, 0x00, 0x96, 0x08, 0x4E, 0x00, 0x96, 0x08, 0x4E, 0x00, 0x96, 0x08, 0x4E, 0x00, 0x96,
    0x08, 0x4E, 0x00, 0x96, 0x08, 0x2F, 0x00, 0xCA, 0x08, 0x2F, 0x00, 0xCA, 0x08, 0xCA, 0x00, 0x70,
    0x03, 0x06, 0x00, 0xCA, 0x03, 0x06, 0xFF, 0x97, 0x03, 0x06, 0xFF, 0xCD, 0x03, 0x06, 0x00, 0xCA,
    0x03, 0x06, 0xFF, 0x7C, 0x04, 0xEE, 0x00, 0x76, 0x03, 0x06, 0xFF, 0xA3, 0x03, 0x06, 0xFF, 0xB1,
    0x03, 0x06, 0x00, 0x34, 0x03, 0x06, 0x00, 0xB2, 0x06, 0x2B, 0x00, 0x52, 0x06, 0x2B, 0x00, 0x52,
    0x07, 0x72, 0x00, 0xCA, 0x07, 0x72, 0x00, 0xCA, 0x06, 0x3A, 0x00, 0xCA, 0x06, 0x3A, 0x00, 0xCA,
    0x06, 0x3A, 0x00, 0xCA, 0x06, 0x3A, 0x00, 0xCA, 0x06, 0x5B, 0x00, 0x2F, 0x09, 0xF8, 0x00, 0xCA,
    0x08, 0x26, 0x00, 0xCA, 0x08, 0x26, 0x00, 0xCA, 0x08, 0x26, 0x00, 0xCA, 0x08, 0x26, 0x00, 0xCA,
    0x08, 0x26, 0x00, 0xCA, 0x08, 0x26, 0x00, 0xCA, 0x08, 0x86, 0x00, 0x96, 0x08, 0x86, 0x00, 0x96,
    0x08, 0x86, 0x00, 0x96, 0x08, 0x86, 0x00, 0x96, 0x08, 0x86, 0x00, 0x96, 0x08, 0x86, 0x00, 0x96,
    0x08, 0x86, 0x00, 0x96, 0x08, 0x86, 0x00, 0x96, 0x08, 0x86, 0x00, 0x96, 0x08, 0x86, 0x00, 0x96,
    0x0A, 0xF6, 0x00, 0x96, 0x07, 0x14, 0x00, 0xCA, 0x08, 0x88, 0x00, 0x96, 0x07, 0x28, 0x00, 0xCA,
    0x07, 0x28, 0x00, 0xCA, 0x07, 0x28, 0x00, 0xCA, 0x07, 0x28, 0x00, 0xCA, 0x07, 0x24, 0x00, 0x80,
    0x07, 0x24, 0x00, 0x80, 0x07, 0x24, 0x00, 0x80, 0x07, 0x24, 0x00, 0x80, 0x07, 0x24, 0x00, 0x80,
    0x07, 0x42, 0x00, 0x70, 0x07, 0x42, 0x00, 0x70, 0x07, 0x42, 0x00, 0x70, 0x08, 0x12, 0x00, 0xCA,
    0x08, 0x12, 0x00, 0xCA, 0x08, 0x12, 0x00, 0xCA, 0x08, 0x12, 0x00, 0xCA, 0x08, 0x12, 0x00, 0xCA,
    0x08, 0x12, 0x00, 0xCA, 0x08, 0x12, 0x00, 0xCA, 0x08, 0x12, 0x00, 0xCA, 0x08, 0x12, 0x00, 0xCA,
    0x08, 0x12, 0x00, 0xCA, 0x08, 0x12, 0x00, 0xCA, 0x07, 0xF6, 0x00, 0x45, 0x0B, 0x13, 0x00, 0x37,
    0x0B, 0x13, 0x00, 0x37, 0x07, 0x98, 0x00, 0x4F, 0x07, 0xC0, 0x00, 0x3E, 0x07, 0xC0, 0x00, 0x3E,
    0x07, 0xC0, 0x00, 0x3E, 0x07, 0xC0, 0x00, 0x3E, 0x07, 0x2E, 0x00, 0x9E, 0x07, 0x2E, 0x00, 0x9E,
    0x07, 0x2E, 0x00, 0x9E, 0x07, 0x2E, 0x00, 0x9E, 0x06, 0x52, 0x00, 0x72, 0x06, 0x52, 0x00, 0x72,
    0x06, 0x52, 0x00, 0x72, 0x06, 0x52, 0x00, 0x72, 0x06, 0x52, 0x00, 0x72, 0x06, 0x52, 0x00, 0x72,
    0x06, 0x52, 0x00, 0x72, 0x06, 0x52, 0x00, 0x72, 0x06, 0x52, 0x00, 0x72, 0x06, 0x52, 0x00, 0x72,
    0x0A, 0x17, 0x00, 0x72, 0x06, 0xEF, 0x00, 0xCA, 0x06, 0x5A, 0x00, 0x78, 0x06, 0x5A, 0x00, 0x78,
    0x06, 0x5A, 0x00, 0x78, 0x06, 0x5A, 0x00, 0x78, 0x06, 0x5A, 0x00, 0x78, 0x06, 0x5A, 0x00, 0x78,
    0x06, 0xEF, 0x00, 0x7B, 0x06, 0xEF, 0x00, 0x7B, 0x07, 0xE1, 0x00, 0x7B, 0x06, 0x85, 0x00, 0x78,
    0x06, 0x85, 0x00, 0x78, 0x06, 0x85, 0x00, 0x78, 0x06, 0x85, 0x00, 0x78, 0x06, 0x85, 0x00, 0x78,
    0x06, 0x85, 0x00, 0x78, 0x06, 0x85, 0x00, 0x78, 0x06, 0x85, 0x00, 0x78, 0x06, 0x85, 0x00, 0x78,
    0x06, 0x85, 0x00, 0x78, 0x04, 0x26, 0x00, 0x38, 0x06, 0xE1, 0x00, 0x7B, 0x06, 0xE1, 0x00, 0x7B,
    0x06, 0xE1, 0x00, 0x7B, 0x06, 0xE1, 0x00, 0x7B, 0x06, 0xE1, 0x00, 0x7B, 0x06, 0xBE, 0x00, 0xBA,
    0x06, 0xBE, 0xFF, 0x8B, 0x06, 0xBE, 0xFF, 0x65, 0x02, 0xDE, 0x00, 0x9E, 0x02, 0xDE, 0x00, 0xBA,
    0x02, 0xDE, 0xFF, 0x83, 0x03, 0x23, 0xFF, 0x93, 0x02, 0xDE, 0xFF, 0xB9, 0x02, 0xDE, 0x00, 0xBA,
    0x02, 0xDE, 0xFF, 0x68, 0x02, 0xDE, 0xFF, 0x8F, 0x02, 0xDE, 0xFF, 0x9D, 0x02, 0xDE, 0x00, 0x1B,
    0x02, 0xEE, 0x00, 0x0E, 0x02, 0xDE, 0xFF, 0xC4, 0x05, 0xBB, 0x00, 0x9E, 0x02, 0xDE, 0xFF, 0xC4,
    0x02, 0xDE, 0xFF, 0x66, 0x06, 0x42, 0x00, 0xBA, 0x06, 0x42, 0x00, 0xBA, 0x02, 0xDE, 0x00, 0xBA,
    0x02, 0xDE, 0xFF, 0xF1, 0x04, 0x2D, 0x00, 0xC0, 0x02, 0xDE, 0x00, 0xBA, 0x02, 0xDE, 0x00, 0x4D,
    0x03, 0xE0, 0x00, 0xBA, 0x09, 0xE0, 0x00, 0xBA, 0x06, 0xB5, 0x00, 0xBA, 0x06, 0xB5, 0x00, 0xBA,
    0x06, 0xC6, 0x00, 0xBA, 0x06, 0xB5, 0x00, 0xBA, 0x06, 0xB5, 0x00, 0xBA, 0x06, 0xB5, 0x00, 0xBA,
    0x06, 0xB0, 0x00, 0x78, 0x06, 0xB0, 0x00, 0x78, 0x06, 0xB0, 0x00, 0x78, 0x06, 0xB0, 0x00, 0x78,
    0x06, 0xB0, 0x00, 0x78, 0x06, 0xB0, 0x00, 0x78, 0x06, 0xB0, 0x00, 0x78, 0x06, 0xB0, 0x00, 0x78,
    0x06, 0xB0, 0x00, 0x78, 0x06, 0xB0, 0x00, 0x78, 0x0A, 0xCA, 0x00, 0x7B, 0x06, 0xDF, 0x00, 0xBA,
    0x06, 0xDF, 0x00, 0x7B, 0x04, 0x5D, 0x00, 0xBA, 0x04, 0x5D, 0x00, 0xBA, 0x04, 0x5D, 0x00, 0x4D,
    0x04, 0x5D, 0x00, 0x5E, 0x06, 0x0A, 0x00, 0x76, 0x06, 0x0A, 0x00, 0x76, 0x06, 0x0A, 0x00, 0x76,
    0x06, 0x0A, 0x00, 0x76, 0x06, 0x0A, 0x00, 0x76, 0x07, 0x1A, 0x00, 0xCA, 0x04, 0x2E, 0x00, 0x46,
    0x04, 0x2E, 0x00, 0x46, 0x04, 0x2E, 0x00, 0x46, 0x04, 0x72, 0x00, 0x46, 0x06, 0xB1, 0x00, 0xBA,
    0x06, 0xB1, 0x00, 0xBA, 0x06, 0xB1, 0x00, 0xBA, 0x07, 0x2B, 0x00, 0xBA, 0x06, 0xB1, 0x00, 0xBA,
    0x06, 0xB1, 0x00, 0xBA, 0x06, 0xB1, 0x00, 0xBA, 0x06, 0xB1, 0x00, 0xBA, 0x06, 0xB1, 0x00, 0xBA,
    0x06, 0xB1, 0x00, 0xBA, 0x06, 0xB1, 0x00, 0xBA, 0x06, 0xB1, 0x00, 0xBA, 0x06, 0x56, 0x00, 0x40,
    0x09, 0x36, 0x00, 0x45, 0x09, 0x36, 0x00, 0x45, 0x06, 0x30, 0x00, 0x56, 0x06, 0x56, 0x00, 0x40,
    0x06, 0x56, 0x00, 0x40, 0x06, 0x56, 0x00, 0x40, 0x06, 0x56, 0x00, 0x40, 0x06, 0x2E, 0x00, 0xA6,
    0x06, 0x2E, 0x00, 0xA6, 0x06, 0x2E, 0x00, 0xA6, 0x06, 0x2E, 0x00, 0xA6, 0x07, 0x3B, 0x00, 0xC2,
    0x06, 0x86, 0x00, 0x78, 0x06, 0xBA, 0x00, 0xBA, 0x07, 0x24, 0x00, 0x80, 0x06, 0x5A, 0x00, 0x78,
    0x06, 0x35, 0x00, 0x28, 0x07, 0x3D, 0x00, 0xBB, 0x07, 0x56, 0x00, 0x96, 0x05, 0x4A, 0x00, 0x99,
    0x06, 0xD6, 0x00, 0xAA, 0x07, 0x2B, 0x00, 0xA6, 0x07, 0x53, 0x00, 0x91, 0x06, 0xF5, 0x00, 0xBB,
    0x07, 0x21, 0x00, 0x95, 0x06, 0x75, 0x00, 0x75, 0x07, 0x1B, 0x00, 0x93, 0x07, 0x21, 0x00, 0x9A,
    0x07, 0x4A, 0x00, 0x7B, 0x03, 0x66, 0x00, 0xD7, 0x03, 0x66, 0x00, 0xD7, 0x05, 0xFC, 0x00, 0x6D,
    0x05, 0xFC, 0x00, 0x86, 0x04, 0x54, 0x01, 0x14, 0x04, 0x54, 0x00, 0x5F, 0x04, 0x54, 0x01, 0x36,
    0x04, 0x54, 0x00, 0x4B, 0x04, 0x54, 0x00, 0x5D, 0x04, 0x54, 0x00, 0x4B, 0x0A, 0xFE, 0x00, 0x9E,
    0x07, 0x13, 0x00, 0x23, 0x08, 0x42, 0x00, 0xB4, 0x04, 0x2A, 0x00, 0x2D, 0x03, 0xF0, 0x01, 0x50,
    0x03, 0x81, 0x01, 0x1D, 0x04, 0x2A, 0x00, 0x2D, 0x05, 0x20, 0x00, 0xC3, 0x05, 0x20, 0x00, 0xC3,
    0x02, 0x58, 0x00, 0xA0, 0x04, 0x5B, 0x00, 0xA0, 0x03, 0x3F, 0x00, 0xA7, 0x03, 0x32, 0x00, 0xBC,
    0x03, 0x32, 0x00, 0xBC, 0x03, 0x3F, 0x00, 0xA7, 0x03, 0x32, 0x00, 0xBC, 0x04, 0x30, 0x00, 0xAC,
    0x04, 0x30, 0x00, 0x9E, 0x06, 0x92, 0x00, 0xAC, 0x06, 0x98, 0x00, 0x9E, 0x07, 0x66, 0x01, 0x07,
    0x07, 0x66, 0x01, 0x07, 0x07, 0x66, 0x01, 0x1A, 0x07, 0x66, 0x00, 0xFF, 0x07, 0x66, 0x00, 0xF8,
    0x07, 0x66, 0x01, 0x0B, 0x07, 0x66, 0x01, 0x07, 0x07, 0x66, 0x00, 0xD8, 0x06, 0x3B, 0x00, 0xD7,
    0x05, 0x26, 0xFF, 0xFE, 0x05, 0x4B, 0x00, 0x63, 0x05, 0xFA, 0x00, 0xCC, 0x07, 0x53, 0x00, 0x8A,
    0x0A, 0x10, 0x00, 0xE7, 0x05, 0x0A, 0x00, 0xA4, 0x05, 0x38, 0x00, 0xD9, 0x05, 0x33, 0x00, 0xB4,
    0x06, 0xAB, 0x00, 0x8E, 0x06, 0x5E, 0x00, 0x95, 0x03, 0x80, 0x00, 0x6A, 0x04, 0xA6, 0x00, 0x6E,
    0x04, 0xD2, 0x00, 0x65, 0x04, 0x32, 0x00, 0x61, 0x04, 0x78, 0x00, 0x51, 0x03, 0x02, 0xFE, 0x43,
    0x03, 0x27, 0x00, 0x58, 0x04, 0x5A, 0x00, 0x5A, 0x0A, 0x1D, 0x00, 0x58, 0x09, 0xB0, 0x00, 0x58,
    0x0A, 0x8E, 0x00, 0x5A, 0x09, 0x48, 0x00, 0xEC, 0x05, 0x78, 0x02, 0x1E, 0x04, 0xC0, 0x00, 0x5F,
    0x05, 0x78, 0x01, 0x9B, 0x06, 0x16, 0x01, 0x1E, 0x06, 0x16, 0x01, 0x1E, 0x05, 0xC6, 0x00, 0xDB,
    0x05, 0x80, 0x00, 0xBF, 0x05, 0x2E, 0x00, 0x96, 0x05, 0xCA, 0x01, 0x04, 0x05, 0x2E, 0x00, 0xC4,
    0x03, 0x03, 0x00, 0xB0, 0x03, 0xF6, 0x00, 0x9E, 0x03, 0xF6, 0x00, 0xCD, 0x05, 0xC6, 0x00, 0xDB,
    0x03, 0xBA, 0x01, 0x22, 0x03, 0x23, 0x00, 0x7A, 0x00, 0x00, 0x00, 0x5E, 0x02, 0xBB, 0x00, 0x00,
    0x02, 0xBB, 0x00, 0x00, 0x07, 0xF8, 0xFF, 0xA2, 0x07, 0xF8, 0xFF, 0xA2, 0x09, 0x32, 0x00, 0xCA,
    0x06, 0x50, 0x00, 0xCE, 0x07, 0x42, 0x00, 0x70, 0x02, 0xDD, 0x00, 0xE9, 0x03, 0x2A, 0x00, 0xCE,
    0x05, 0x32, 0x00, 0xBA, 0x07, 0x3B, 0x00, 0xD6, 0x03, 0x1A, 0x00, 0x13, 0x00, 0x00, 0x00, 0x02,
    0x00, 0x00, 0x00, 0x03, 0x00, 0x00, 0x00, 0x14, 0x00, 0x03, 0x00, 0x01, 0x00, 0x00, 0x00, 0x14,
    0x00, 0x04, 0x02, 0xA8, 0x00, 0x00, 0x00, 0x0C, 0x00, 0x08, 0x00, 0x02, 0x00, 0x04, 0x00, 0x2F,
    0x00, 0x39, 0x00, 0x7E, 0x01, 0x48, 0x01, 0x7F, 0xFF, 0xFF, 0x00, 0x00, 0x00, 0x20, 0x00, 0x30,
    0x00, 0x3A, 0x00, 0xA0, 0x01, 0x4A, 0xFF, 0xFF, 0x00, 0x00, 0x00, 0xC4, 0x00, 0x00, 0x00, 0x00,
    0x00, 0x00, 0x00, 0x01, 0x00, 0x0C, 0x00, 0x00, 0x00, 0x28, 0x00, 0xB0, 0x02, 0x00, 0x00, 0x00,
    0x01, 0x4D, 0x00, 0xFF, 0x01, 0x13, 0x01, 0x0A, 0x00, 0xF0, 0x01, 0x3B, 0x00, 0xFE, 0x01, 0x12,
    0x01, 0x03, 0x01, 0x04, 0x01, 0x28, 0x01, 0x20, 0x01, 0x14, 0x01, 0x10, 0x01, 0x15, 0x01, 0x0C,
    0x01, 0x16, 0x01, 0x17, 0x01, 0x1D, 0x01, 0x1F, 0x01, 0x1E, 0x01, 0x01, 0x01, 0x09, 0x00, 0x02,
    0x00, 0x0D, 0x00, 0x0E, 0x00, 0x14, 0x00, 0x17, 0x00, 0x21, 0x00, 0x22, 0x00, 0x27, 0x00, 0x2A,
    0x00, 0x34, 0x00, 0x36, 0x00, 0x38, 0x00, 0x3D, 0x00, 0x3E, 0x00, 0x44, 0x00, 0x4F, 0x00, 0x50,
    0x00, 0x51, 0x00, 0x55, 0x00, 0x5A, 0x00, 0x5D, 0x00, 0x68, 0x00, 0x69, 0x00, 0x6B, 0x00, 0x6C,
    0x00, 0x70, 0x01, 0x05, 0x01, 0x0F, 0x01, 0x06, 0x01, 0x27, 0x01, 0x26, 0x01, 0x3E, 0x00, 0x74,
    0x00, 0x7F, 0x00, 0x80, 0x00, 0x86, 0x00, 0x89, 0x00, 0x93, 0x00, 0x94, 0x00, 0x99, 0x00, 0x9C,
    0x00, 0xA9, 0x00, 0xAB, 0x00, 0xAD, 0x00, 0xB3, 0x00, 0xB4, 0x00, 0xBA, 0x00, 0xC5, 0x00, 0xC6,
    0x00, 0xC7, 0x00, 0xCB, 0x00, 0xD1, 0x00, 0xD5, 0x00, 0xE1, 0x00, 0xE2, 0x00, 0xE4, 0x00, 0xE5,
    0x00, 0xE9, 0x01, 0x07, 0x01, 0x0D, 0x01, 0x08, 0x01, 0x24, 0x01, 0x4E, 0x01, 0x00, 0x00, 0xF1,
    0x00, 0xF3, 0x01, 0x0B, 0x00, 0xF2, 0x01, 0x0E, 0x01, 0x2F, 0x01, 0x3F, 0x01, 0x2A, 0x01, 0x2C,
    0x01, 0x1B, 0x01, 0x25, 0x01, 0x11, 0x01, 0x29, 0x01, 0x44, 0x01, 0x2B, 0x01, 0x23, 0x01, 0x31,
    0x01, 0x32, 0x01, 0x3C, 0x00, 0xD8, 0x01, 0x2E, 0x01, 0x18, 0x01, 0x4A, 0x01, 0x30, 0x01, 0x2D,
    0x01, 0x1C, 0x01, 0x39, 0x01, 0x38, 0x01, 0x3A, 0x01, 0x02, 0x00, 0x05, 0x00, 0x06, 0x00, 0x07,
    0x00, 0x04, 0x00, 0x03, 0x00, 0x08, 0x00, 0x0C, 0x00, 0x0F, 0x00, 0x18, 0x00, 0x19, 0x00, 0x1A,
    0x00, 0x1B, 0x00, 0x2C, 0x00, 0x2D, 0x00, 0x2E, 0x00, 0x2B, 0x01, 0x50, 0x00, 0x3F, 0x00, 0x48,
    0x00, 0x49, 0x00, 0x4A, 0x00, 0x46, 0x00, 0x45, 0x01, 0x21, 0x00, 0x47, 0x00, 0x5E, 0x00, 0x5F,
    0x00, 0x60, 0x00, 0x61, 0x00, 0x6D, 0x00, 0xED, 0x00, 0xD0, 0x00, 0x79, 0x00, 0x75, 0x00, 0x77,
    0x00, 0x7D, 0x00, 0x78, 0x00, 0x7C, 0x00, 0x7E, 0x00, 0x81, 0x00, 0x8B, 0x00, 0x8C, 0x00, 0x8D,
    0x00, 0x8A, 0x00, 0xA0, 0x00, 0xA1, 0x00, 0xA2, 0x00, 0x9E, 0x00, 0xEE, 0x00, 0xB5, 0x00, 0xBE,
    0x00, 0xBF, 0x00, 0xC0, 0x00, 0xBC, 0x00, 0xBB, 0x01, 0x22, 0x00, 0xBD, 0x00, 0xD9, 0x00, 0xDA,
    0x00, 0xDB, 0x00, 0xD6, 0x00, 0xE7, 0x00, 0xEF, 0x00, 0xE6, 0x00, 0x09, 0x00, 0x7A, 0x00, 0x0A,
    0x00, 0x76, 0x00, 0x0B, 0x00, 0x7B, 0x00, 0x10, 0x00, 0x82, 0x00, 0x11, 0x00, 0x83, 0x00, 0x12,
    0x00, 0x84, 0x00, 0x13, 0x00, 0x85, 0x00, 0x15, 0x00, 0x88, 0x01, 0x4F, 0x00, 0x87, 0x00, 0x1C,
    0x00, 0x8E, 0x00, 0x1D, 0x00, 0x8F, 0x00, 0x1E, 0x00, 0x90, 0x00, 0x1F, 0x00, 0x91, 0x00, 0x20,
    0x00, 0x92, 0x00, 0x23, 0x00, 0x95, 0x00, 0x24, 0x00, 0x96, 0x00, 0x25, 0x00, 0x97, 0x00, 0x26,
    0x00, 0x98, 0x00, 0x28, 0x00, 0x9B, 0x00, 0x29, 0x00, 0x9A, 0x00, 0x2F, 0x00, 0x9F, 0x00, 0x30,
    0x00, 0xA3, 0x00, 0x31, 0x00, 0xA4, 0x00, 0x32, 0x00, 0xA6, 0x00, 0x33, 0x00, 0x9D, 0x01, 0x51,
    0x00, 0xA8, 0x00, 0x35, 0x00, 0xAA, 0x00, 0x37, 0x00, 0xAC, 0x01, 0x57, 0x00, 0x39, 0x00, 0xB0,
    0x00, 0x3A, 0x00, 0xB1, 0x00, 0x3B, 0x00, 0xB2, 0x01, 0x52, 0x00, 0xAF, 0x00, 0x3C, 0x00, 0xAE,
    0x00, 0x40, 0x00, 0xB7, 0x00, 0x41, 0x00, 0xB8, 0x00, 0x42, 0x00, 0xB9, 0x00, 0x43, 0x00, 0xB6,
    0x00, 0x4B, 0x00, 0xC1, 0x00, 0x4C, 0x00, 0xC2, 0x00, 0x4D, 0x00, 0xC3, 0x00, 0x4E, 0x00, 0xC4,
    0x00, 0x52, 0x00, 0xC8, 0x00, 0x53, 0x00, 0xC9, 0x00, 0x54, 0x00, 0xCA, 0x00, 0x56, 0x00, 0xCC,
    0x00, 0x57, 0x00, 0xCD, 0x00, 0x58, 0x00, 0xCE, 0x00, 0x59, 0x00, 0xCF, 0x00, 0x5B, 0x00, 0xD3,
    0x00, 0x5C, 0x00, 0xD4, 0x01, 0x53, 0x00, 0xD2, 0x00, 0x62, 0x00, 0xD7, 0x00, 0x63, 0x00, 0xDC,
    0x00, 0x64, 0x00, 0xDD, 0x00, 0x65, 0x00, 0xDE, 0x00, 0x66, 0x00, 0xDF, 0x00, 0x67, 0x00, 0xE0,
    0x00, 0x6A, 0x00, 0xE3, 0x00, 0x6E, 0x00, 0xE8, 0x00, 0x6F, 0x00, 0x71, 0x00, 0xEA, 0x00, 0x72,
    0x00, 0xEB, 0x00, 0x73, 0x00, 0xEC, 0x01, 0x58, 0xB8, 0x01, 0xFF, 0x85, 0xB0, 0x04, 0x8D, 0x00,
    0x00, 0x00, 0x00, 0x2E, 0x00, 0x2E, 0x00, 0x4C, 0x00, 0x89, 0x00, 0x95, 0x00, 0xA1, 0x00, 0xAD,
    0x00, 0xB9, 0x00, 0xFC, 0x01, 0x08, 0x01, 0x14, 0x01, 0x20, 0x01, 0x48, 0x01, 0x87, 0x01, 0xC9,
    0x01, 0xD5, 0x01, 0xE1, 0x01, 0xED, 0x01, 0xF9, 0x02, 0x05, 0x02, 0x31, 0x02, 0x3D, 0x02, 0x76,
    0x02, 0x8F, 0x02, 0x9B, 0x02, 0xA7, 0x02, 0xB3, 0x02, 0xBE, 0x02, 0xCA, 0x02, 0xD6, 0x02, 0xE2,
    0x02, 0xEE, 0x02, 0xFA, 0x03, 0x10, 0x03, 0x55, 0x03, 0x61, 0x03, 0x6D, 0x03, 0x79, 0x03, 0x85,
    0x03, 0x9E, 0x03, 0xAA, 0x03, 0xCB, 0x03, 0xD9, 0x04, 0x06, 0x04, 0x12, 0x04, 0x1E, 0x04, 0x2A,
    0x04, 0x37, 0x04, 0x43, 0x04, 0x4F, 0x04, 0x5A, 0x04, 0x66, 0x04, 0x8B, 0x04, 0x97, 0x04, 0xB5,
    0x04, 0xC1, 0x04, 0xD1, 0x04, 0xDD, 0x04, 0xE9, 0x04, 0xF5, 0x05, 0x0E, 0x05, 0x30, 0x05, 0x4B,
    0x05, 0x57, 0x05, 0x63, 0x05, 0x6F, 0x05, 0x7B, 0x05, 0xAD, 0x05, 0xEC, 0x06, 0x4B, 0x06, 0x57,
    0x06, 0x9E, 0x06, 0xAA, 0x06, 0xB6, 0x06, 0xC2, 0x06, 0xCE, 0x06, 0xDA, 0x06, 0xE6, 0x07, 0x1D,
    0x07, 0x46, 0x07, 0x95, 0x07, 0xC8, 0x07, 0xD4, 0x07, 0xE0, 0x07, 0xEC, 0x08, 0x3E, 0x08, 0x4A,
    0x08, 0x56, 0x08, 0x62, 0x08, 0x6E, 0x08, 0x82, 0x08, 0x8E, 0x08, 0x9A, 0x08, 0xC1, 0x08, 0xCD,
    0x08, 0xD9, 0x08, 0xE5, 0x08, 0xF1, 0x08, 0xFD, 0x09, 0x09, 0x09, 0x15, 0x09, 0x21, 0x09, 0x2D,
    0x09, 0x39, 0x09, 0x51, 0x09, 0x77, 0x09, 0x83, 0x09, 0xA7, 0x09, 0xC0, 0x09, 0xCC, 0x09, 0xD8,
    0x0A, 0x11, 0x0A, 0x28, 0x0A, 0x34, 0x0A, 0x40, 0x0A, 0x4C, 0x0A, 0x9C, 0x0A, 0xA8, 0x0A, 0xB4,
    0x0A, 0xC0, 0x0B, 0x30, 0x0B, 0x3B, 0x0B, 0x47, 0x0B, 0x53, 0x0B, 0xC9, 0x0B, 0xD4, 0x0C, 0x5A,
    0x0C, 0x97, 0x0C, 0xCE, 0x0C, 0xDA, 0x0C, 0xE6, 0x0C, 0xF2, 0x0C, 0xFE, 0x0D, 0x0A, 0x0D, 0x48,
    0x0D, 0x54, 0x0D, 0x60, 0x0D, 0x9E, 0x0D, 0xFC, 0x0E, 0x07, 0x0E, 0x13, 0x0E, 0x1F, 0x0E, 0x2B,
    0x0E, 0x37, 0x0E, 0x43, 0x0E, 0x4F, 0x0E, 0x5B, 0x0E, 0x82, 0x0E, 0xD5, 0x0E, 0xE1, 0x0E, 0xED,
    0x0E, 0xF9, 0x0F, 0x05, 0x0F, 0x2D, 0x0F, 0x5C, 0x0F, 0x68, 0x0F, 0x85, 0x0F, 0x92, 0x0F, 0xBF,
    0x0F, 0xCB, 0x0F, 0xD7, 0x0F, 0xE3, 0x0F, 0xEF, 0x0F, 0xFB, 0x10, 0x07, 0x10, 0x33, 0x10, 0x3E,
    0x10, 0x5C, 0x10, 0x68, 0x10, 0x96, 0x10, 0xA2, 0x10, 0xC7, 0x10, 0xD3, 0x10, 0xE1, 0x10, 0xF7,
    0x11, 0x03, 0x11, 0x0F, 0x11, 0x1A, 0x11, 0x26, 0x11, 0x60, 0x11, 0x88, 0x11, 0x94, 0x11, 0xD4,
    0x11, 0xE0, 0x11, 0xEC, 0x11, 0xF8, 0x12, 0x2E, 0x12, 0x84, 0x12, 0x90, 0x12, 0xCF, 0x12, 0xDA,
    0x12, 0xE6, 0x12, 0xF2, 0x12, 0xFE, 0x13, 0x0A, 0x13, 0x16, 0x13, 0x22, 0x13, 0x60, 0x13, 0x9F,
    0x13, 0xC1, 0x13, 0xCC, 0x13, 0xD7, 0x13, 0xE2, 0x14, 0x2A, 0x14, 0x35, 0x14, 0x40, 0x14, 0x4C,
    0x14, 0x57, 0x14, 0x99, 0x14, 0xC3, 0x14, 0xF2, 0x14, 0xFE, 0x15, 0x0A, 0x15, 0x32, 0x15, 0x3D,
    0x15, 0x49, 0x15, 0x74, 0x15, 0x7F, 0x15, 0x8B, 0x15, 0x97, 0x15, 0xA3, 0x15, 0xAF, 0x15, 0xBB,
    0x15, 0xC7, 0x15, 0xD3, 0x15, 0xEB, 0x16, 0x11, 0x16, 0x1D, 0x16, 0x3F, 0x16, 0x68, 0x16, 0xB1,
    0x16, 0xBD, 0x16, 0xC9, 0x16, 0xE2, 0x16, 0xED, 0x16, 0xF9, 0x17, 0x23, 0x17, 0x51, 0x17, 0xA4,
    0x17, 0xEC, 0x18, 0x46, 0x18, 0x83, 0x18, 0xB2, 0x18, 0xF3, 0x19, 0x2D, 0x19, 0x43, 0x19, 0x78,
    0x19, 0xCB, 0x19, 0xED, 0x1A, 0x2C, 0x1A, 0x82, 0x1A, 0x97, 0x1A, 0xFC, 0x1B, 0x51, 0x1B, 0xB5,
    0x1B, 0xD6, 0x1B, 0xF6, 0x1C, 0x41, 0x1C, 0x8B, 0x1C, 0xB0, 0x1C, 0xD5, 0x1C, 0xE9, 0x1C, 0xFD,
    0x1D, 0x42, 0x1D, 0x88, 0x1E, 0x21, 0x1E, 0x4C, 0x1E, 0xB3, 0x1E, 0xC3, 0x1E, 0xD1, 0x1E, 0xE7,
    0x1E, 0xF7, 0x1F, 0x05, 0x1F, 0x0D, 0x1F, 0x1B, 0x1F, 0x27, 0x1F, 0x42, 0x1F, 0x5B, 0x1F, 0x87,
    0x1F, 0xB5, 0x1F, 0xBE, 0x1F, 0xD9, 0x1F, 0xF3, 0x1F, 0xFF, 0x20, 0x0B, 0x20, 0x25, 0x20, 0x40,
    0x20, 0x56, 0x20, 0x6C, 0x20, 0x84, 0x20, 0xB4, 0x20, 0xD2, 0x21, 0x00, 0x21, 0x15, 0x21, 0x22,
    0x21, 0x40, 0x21, 0x69, 0x21, 0xCE, 0x22, 0x4A, 0x22, 0x7D, 0x22, 0xBF, 0x22, 0xEE, 0x23, 0x11,
    0x23, 0x91, 0x23, 0xA5, 0x23, 0xD3, 0x24, 0x15, 0x24, 0x3E, 0x24, 0x5D, 0x24, 0x6C, 0x24, 0x80,
    0x24, 0xC2, 0x24, 0xD2, 0x24, 0xE2, 0x24, 0xF2, 0x25, 0x56, 0x25, 0x66, 0x25, 0x7F, 0x25, 0x8F,
    0x25, 0xB5, 0x25, 0xDB, 0x25, 0xF3, 0x26, 0x1B, 0x26, 0x42, 0x26, 0x4F, 0x26, 0x69, 0x26, 0x80,
    0x26, 0xAD, 0x26, 0xD9, 0x26, 0xF1, 0x27, 0x0F, 0x27, 0x34, 0x27, 0x43, 0x27, 0x43, 0x27, 0x43,
    0x27, 0x4B, 0x27, 0x53, 0x27, 0x5F, 0x27, 0x6B, 0x27, 0x77, 0x27, 0x85, 0x27, 0x9C, 0x27, 0xA9,
    0x27, 0xCE, 0x27, 0xED, 0x00, 0x05, 0x01, 0x15, 0xFD, 0x80, 0x0A, 0x43, 0x0A, 0x80, 0x00, 0x03,
    0x00, 0x07, 0x00, 0x0B, 0x00, 0x0F, 0x00, 0x13, 0x00, 0x00, 0x41, 0x11, 0x21, 0x11, 0x01, 0x11,
    0x21, 0x11, 0x01, 0x11, 0x21, 0x11, 0x01, 0x11, 0x21, 0x11, 0x01, 0x11, 0x21, 0x11, 0x01, 0x15,
    0x09, 0x2E, 0xF6, 0xD2, 0x09, 0x2E, 0xF6, 0xD2, 0x09, 0x2E, 0xF6, 0xD2, 0x09, 0x2E, 0xF6, 0xD2,
    0x09, 0x2E, 0xFD, 0x80, 0x02, 0x00, 0xFE, 0x00, 0x08, 0x40, 0x02, 0x00, 0xFE, 0x00, 0x02, 0xC0,
    0x02, 0x00, 0xFE, 0x00, 0xF7, 0xC0, 0x02, 0x00, 0xFE, 0x00, 0x02, 0xC0, 0x02, 0x00, 0xFE, 0x00,
    0x00, 0x02, 0x00, 0x45, 0x00, 0x00, 0x07, 0xB2, 0x08, 0x00, 0x00, 0x07, 0x00, 0x0B, 0x00, 0x00,
    0x61, 0x21, 0x01, 0x21, 0x01, 0x21, 0x01, 0x23, 0x01, 0x21, 0x11, 0x21, 0x01, 0xD1, 0xFE, 0x74,
    0x02, 0xD1, 0x01, 0xCA, 0x02, 0xD2, 0xFE, 0x74, 0xFD, 0xDD, 0x10, 0xFD, 0xEB, 0x04, 0x38, 0xFB,
    0xC8, 0x08, 0x00, 0xF8, 0x00, 0x06, 0x5C, 0xFC, 0xC7, 0xFE, 0xD6, 0x00, 0x00, 0x04, 0x00, 0x45,
    0x00, 0x00, 0x07, 0xB2, 0x0A, 0x5B, 0x00, 0x07, 0x00, 0x0B, 0x00, 0x17, 0x00, 0x23, 0x00, 0x00,
    0x61, 0x21, 0x01, 0x21, 0x01, 0x21, 0x01, 0x23, 0x01, 0x21, 0x11, 0x21, 0x13, 0x22, 0x26, 0x35,
    0x34, 0x36, 0x33, 0x32, 0x16, 0x15, 0x14, 0x06, 0x21, 0x22, 0x26, 0x35, 0x34, 0x36, 0x33, 0x32,
    0x16, 0x15, 0x14, 0x06, 0x01, 0xD1, 0xFE, 0x74, 0x02, 0xD1, 0x01, 0xCA, 0x02, 0xD2, 0xFE, 0x74,
    0xFD, 0xDD, 0x10, 0xFD, 0xEB, 0x04, 0x38, 0xFB, 0xC8, 0xF2, 0x4F, 0x73, 0x73, 0x4F, 0x51, 0x6F,
    0x6F, 0x02, 0x07, 0x4F, 0x73, 0x73, 0x4F, 0x51, 0x6F, 0x6F, 0x08, 0x00, 0xF8, 0x00, 0x06, 0x5C,
    0xFC, 0xC7, 0xFE, 0xD6, 0x06, 0xE9, 0x70, 0x4C, 0x50, 0x6D, 0x6D, 0x50, 0x4C, 0x70, 0x70, 0x4C,
    0x50, 0x6D, 0x6D, 0x50, 0x4C, 0x70, 0xFF, 0xFF, 0x00, 0x45, 0x00, 0x00, 0x07, 0xB2, 0x0A, 0x56,
    0x06, 0x26, 0x00, 0x02, 0x00, 0x00, 0x00, 0x07, 0x01, 0x43, 0x01, 0x64, 0x00, 0x00, 0xFF, 0xFF,
    0x00, 0x45, 0x00, 0x00, 0x07, 0xB2, 0x0A, 0x93, 0x06, 0x26, 0x00, 0x02, 0x00, 0x00, 0x00, 0x07,
    0x01, 0x3E, 0x00, 0xA9, 0x02, 0x00, 0xFF, 0xFF, 0x00, 0x45, 0x00, 0x00, 0x07, 0xB2, 0x0A, 0x93,
    0x06, 0x26, 0x00, 0x02, 0x00, 0x00, 0x00, 0x07, 0x01, 0x3C, 0x01, 0x52, 0x02, 0x00, 0xFF, 0xFF,
    0x00, 0x45, 0x00, 0x00, 0x07, 0xB2, 0x0A, 0x76, 0x06, 0x26, 0x00, 0x02, 0x00, 0x00, 0x00, 0x07,
    0x01, 0x41, 0x01, 0x18, 0x02, 0x00, 0x00, 0x04, 0x00, 0x45, 0x00, 0x00, 0x07, 0xB2, 0x0A, 0xD0,
    0x00, 0x07, 0x00, 0x0B, 0x00, 0x1A, 0x00, 0x26, 0x00, 0x00, 0x61, 0x21, 0x01, 0x21, 0x01, 0x21,
    0x01, 0x23, 0x01, 0x21, 0x11, 0x21, 0x01, 0x22, 0x26, 0x35, 0x34, 0x36, 0x36, 0x33, 0x32, 0x16,
    0x16, 0x15, 0x14, 0x06, 0x06, 0x27, 0x36, 0x36, 0x35, 0x34, 0x26, 0x07, 0x22, 0x06, 0x15, 0x14,
    0x16, 0x01, 0xD1, 0xFE, 0x74, 0x02, 0xD1, 0x01, 0xCA, 0x02, 0xD2, 0xFE, 0x74, 0xFD, 0xDD, 0x10,
    0xFD, 0xEB, 0x04, 0x38, 0xFB, 0xC8, 0x02, 0x1D, 0x7D, 0xB1, 0x51, 0x8A, 0x53, 0x54, 0x89, 0x51,
    0x51, 0x89, 0x54, 0x3A, 0x50, 0x4F, 0x3B, 0x3A, 0x4F, 0x4F, 0x08, 0x00, 0xF8, 0x00, 0x06, 0x5C,
    0xFC, 0xC7, 0xFE, 0xD6, 0x06, 0x85, 0xAE, 0x7B, 0x52, 0x87, 0x50, 0x50, 0x87, 0x52, 0x52, 0x87,
    0x50, 0xA1, 0x01, 0x4F, 0x38, 0x38, 0x50, 0x01, 0x4F, 0x38, 0x38, 0x50, 0xFF, 0xFF, 0x00, 0x45,
    0x00, 0x00, 0x07, 0xB2, 0x0A, 0x00, 0x06, 0x26, 0x00, 0x02, 0x00, 0x00, 0x00, 0x07, 0x01, 0x44,
    0x01, 0x16, 0x02, 0x00, 0xFF, 0xFF, 0x00, 0x45, 0x00, 0x00, 0x07, 0xB2, 0x0A, 0x10, 0x06, 0x26,
    0x00, 0x02, 0x00, 0x00, 0x00, 0x07, 0x01, 0x45, 0x01, 0x64, 0x02, 0x00, 0xFF, 0xFF, 0x00, 0x45,
    0xFD, 0xBA, 0x07, 0xD0, 0x08, 0x00, 0x06, 0x26, 0x00, 0x02, 0x00, 0x00, 0x00, 0x07, 0x01, 0x4B,
    0x05, 0x2E, 0x00, 0x00, 0x00, 0x02, 0x00, 0x45, 0x00, 0x00, 0x0A, 0x86, 0x08, 0x00, 0x00, 0x0F,
    0x00, 0x13, 0x00, 0x00, 0x73, 0x01, 0x21, 0x11, 0x21, 0x11, 0x21, 0x11, 0x21, 0x11, 0x21, 0x11,
    0x21, 0x11, 0x23, 0x01, 0x13, 0x11, 0x21, 0x11, 0x45, 0x03, 0x93, 0x06, 0xA6, 0xFC, 0x3F, 0x03,
    0x7C, 0xFC, 0x84, 0x03, 0xC9, 0xFA, 0xC4, 0x91, 0xFD, 0x24, 0x32, 0x04, 0x08, 0x08, 0x00, 0xFE,
    0xC9, 0xFD, 0xD4, 0xFE, 0xC9, 0xFD, 0xD1, 0xFE, 0xC9, 0x06, 0x9A, 0xF9, 0x66, 0x01, 0xF9, 0x01,
    0x2A, 0xFE, 0xD6, 0x00, 0x00, 0x03, 0x00, 0xCA, 0x00, 0x00, 0x06, 0xC2, 0x08, 0x00, 0x00, 0x13,
    0x00, 0x1D, 0x00, 0x27, 0x00, 0x00, 0x73, 0x11, 0x21, 0x32, 0x04, 0x16, 0x15, 0x14, 0x06, 0x06,
    0x07, 0x15, 0x1E, 0x02, 0x15, 0x14, 0x06, 0x04, 0x23, 0x01, 0x21, 0x32, 0x36, 0x35, 0x34, 0x26,
    0x26, 0x23, 0x21, 0x11, 0x21, 0x32, 0x36, 0x36, 0x35, 0x34, 0x26, 0x23, 0x21, 0xCA, 0x03, 0x10,
    0xDE, 0x01, 0x27, 0x93, 0x60, 0xA2, 0x64, 0x6D, 0xC9, 0x80, 0x9A, 0xFE, 0xCA, 0xEB, 0xFE, 0x36,
    0x01, 0x8F, 0xCA, 0xB3, 0x5A, 0xA6, 0x73, 0xFE, 0x67, 0x01, 0x6F, 0x60, 0x9A, 0x59, 0xA7, 0xA4,
    0xFE, 0x89, 0x08, 0x00, 0x8B, 0xF0, 0x98, 0x7D, 0xB1, 0x6E, 0x18, 0x14, 0x06, 0x79, 0xDC, 0x9C,
    0x9F, 0xFD, 0x92, 0x01, 0x36, 0x9B, 0x7A, 0x5B, 0x93, 0x55, 0x01, 0x0B, 0x47, 0x83, 0x5A, 0x77,
    0x9A, 0x00, 0x00, 0x01, 0x00, 0x96, 0xFF, 0xE4, 0x07, 0xA3, 0x08, 0x1C, 0x00, 0x25, 0x00, 0x00,
    0x41, 0x21, 0x2E, 0x03, 0x23, 0x22, 0x04, 0x02, 0x15, 0x14, 0x12, 0x04, 0x33, 0x32, 0x3E, 0x02,
    0x37, 0x05, 0x06, 0x02, 0x06, 0x04, 0x23, 0x20, 0x24, 0x02, 0x11, 0x10, 0x12, 0x24, 0x21, 0x32,
    0x04, 0x16, 0x12, 0x07, 0xA3, 0xFE, 0x8A, 0x10, 0x56, 0x80, 0xA3, 0x5E, 0xA7, 0xFE, 0xFE, 0x92,
    0x93, 0x01, 0x01, 0xA6, 0x5C, 0xA1, 0x81, 0x59, 0x11, 0x01, 0x76, 0x15, 0x8B, 0xE0, 0xFE, 0xD4,
    0xB7, 0xFE, 0xF2, 0xFE, 0x58, 0xF4, 0xF6, 0x01, 0xA8, 0x01, 0x0C, 0xAB, 0x01, 0x26, 0xE6, 0x95,
    0x05, 0x4D, 0x5C, 0x8F, 0x64, 0x33, 0xA7, 0xFE, 0xBF, 0xE7, 0xEB, 0xFE, 0xBF, 0xA3, 0x31, 0x60,
    0x8C, 0x5A, 0x02, 0x92, 0xFF, 0x00, 0xC3, 0x6D, 0xFA, 0x01, 0xD8, 0x01, 0x4A, 0x01, 0x4B, 0x01,
    0xD7, 0xFA, 0x60, 0xB9, 0xFE, 0xF5, 0xFF, 0xFF, 0x00, 0x96, 0xFD, 0x82, 0x07, 0xA3, 0x08, 0x1C,
    0x06, 0x26, 0x00, 0x0E, 0x00, 0x00, 0x00, 0x07, 0x01, 0x4A, 0x02, 0x5A, 0xFF, 0xFA, 0xFF, 0xFF,
    0x00, 0x96, 0xFF, 0xE4, 0x07, 0xA3, 0x0A, 0x93, 0x06, 0x26, 0x00, 0x0E, 0x00, 0x00, 0x00, 0x07,
    0x01, 0x3C, 0x01, 0x97, 0x02, 0x00, 0xFF, 0xFF, 0x00, 0x96, 0xFF, 0xE4, 0x07, 0xA3, 0x0A, 0x76,
    0x06, 0x26, 0x00, 0x0E, 0x00, 0x00, 0x00, 0x07, 0x01, 0x41, 0x01, 0x5D, 0x02, 0x00, 0xFF, 0xFF,
    0x00, 0x96, 0xFF, 0xE4, 0x07, 0xA3, 0x0A, 0x63, 0x06, 0x26, 0x00, 0x0E, 0x00, 0x00, 0x00, 0x07,
    0x01, 0x46, 0x02, 0xBE, 0x02, 0x00, 0xFF, 0xFF, 0x00, 0x96, 0xFF, 0xE4, 0x07, 0xA3, 0x0A, 0x76,
    0x06, 0x26, 0x00, 0x0E, 0x00, 0x00, 0x00, 0x07, 0x01, 0x49, 0x01, 0x5D, 0x02, 0x00, 0x00, 0x02,
    0x00, 0xCA, 0x00, 0x00, 0x07, 0x62, 0x08, 0x00, 0x00, 0x0A, 0x00, 0x15, 0x00, 0x00, 0x61, 0x21,
    0x11, 0x21, 0x20, 0x04, 0x12, 0x11, 0x10, 0x02, 0x04, 0x01, 0x21, 0x32, 0x24, 0x12, 0x35, 0x34,
    0x02, 0x24, 0x23, 0x21, 0x03, 0x80, 0xFD, 0x4A, 0x02, 0xC4, 0x01, 0x31, 0x01, 0xB7, 0xEC, 0xED,
    0xFE, 0x43, 0xFD, 0x85, 0x01, 0x31, 0xD6, 0x01, 0x1E, 0x90, 0x90, 0xFE, 0xE7, 0xD0, 0xFE, 0xC4,
    0x08, 0x00, 0xF5, 0xFE, 0x36, 0xFE, 0xC1, 0xFE, 0xC0, 0xFE, 0x34, 0xF6, 0x01, 0x41, 0x9D, 0x01,
    0x39, 0xEB, 0xEB, 0x01, 0x37, 0x9B, 0xFF, 0xFF, 0x00, 0xCA, 0x00, 0x00, 0x07, 0x62, 0x0A, 0x76,
    0x06, 0x26, 0x00, 0x14, 0x00, 0x00, 0x00, 0x07, 0x01, 0x49, 0x00, 0x60, 0x02, 0x00, 0x00, 0x03,
    0xFF, 0xA2, 0x00, 0x00, 0x07, 0x62, 0x08, 0x00, 0x00, 0x15, 0x00, 0x19, 0x00, 0x1D, 0x00, 0x00,
    0x61, 0x21, 0x11, 0x21, 0x32, 0x24, 0x12, 0x35, 0x34, 0x02, 0x24, 0x23, 0x21, 0x11, 0x21, 0x20,
    0x04, 0x12, 0x11, 0x10, 0x02, 0x04, 0x01, 0x11, 0x21, 0x11, 0x01, 0x35, 0x21, 0x15, 0x03, 0x80,
    0xFD, 0xF9, 0x01, 0xF5, 0xD6, 0x01, 0x1E, 0x90, 0x90, 0xFE, 0xE7, 0xD0, 0xFD, 0xF5, 0x02, 0x20,
    0x01, 0x31, 0x01, 0xB7, 0xEC, 0xED, 0xFE, 0x43, 0xFD, 0x85, 0xFE, 0x8D, 0xFE, 0xD8, 0x03, 0xBF,
    0x01, 0x41, 0x9D, 0x01, 0x39, 0xEB, 0xEB, 0x01, 0x37, 0x9B, 0x01, 0x41, 0xF5, 0xFE, 0x36, 0xFE,
    0xC1, 0xFE, 0xC0, 0xFE, 0x34, 0xF6, 0x08, 0x00, 0xF8, 0x00, 0x08, 0x00, 0xFB, 0xBE, 0xE4, 0xE4,
    0x00, 0x01, 0x00, 0xCA, 0x00, 0x00, 0x06, 0x06, 0x08, 0x00, 0x00, 0x0B, 0x00, 0x00, 0x73, 0x11,
    0x21, 0x11, 0x21, 0x11, 0x21, 0x11, 0x21, 0x11, 0x21, 0x11, 0xCA, 0x05, 0x34, 0xFC, 0x3F, 0x03,
    0x7C, 0xFC, 0x84, 0x03, 0xC9, 0x08, 0x00, 0xFE, 0xC9, 0xFD, 0xD4, 0xFE, 0xC9, 0xFD, 0xD1, 0xFE,
    0xC9, 0x00, 0xFF, 0xFF, 0x00, 0xCA, 0x00, 0x00, 0x06, 0x06, 0x0A, 0x93, 0x06, 0x26, 0x00, 0x17,
    0x00, 0x00, 0x00, 0x07, 0x01, 0x3E, 0x00, 0x12, 0x02, 0x00, 0xFF, 0xFF, 0x00, 0xCA, 0x00, 0x00,
    0x06, 0x06, 0x0A, 0x93, 0x06, 0x26, 0x00, 0x17, 0x00, 0x00, 0x00, 0x07, 0x01, 0x3C, 0x00, 0xBC,
    0x02, 0x00, 0xFF, 0xFF, 0x00, 0xCA, 0x00, 0x00, 0x06, 0x06, 0x0A, 0x76, 0x06, 0x26, 0x00, 0x17,
    0x00, 0x00, 0x00, 0x07, 0x01, 0x41, 0x00, 0x82, 0x02, 0x00, 0xFF, 0xFF, 0x00, 0xCA, 0x00, 0x00,
    0x06, 0x06, 0x0A, 0x5B, 0x06, 0x26, 0x00, 0x17, 0x00, 0x00, 0x00, 0x06, 0x01, 0x40, 0x5A, 0x20,
    0xFF, 0xFF, 0x00, 0xCA, 0x00, 0x00, 0x06, 0x06, 0x0A, 0x00, 0x06, 0x26, 0x00, 0x17, 0x00, 0x00,
    0x00, 0x07, 0x01, 0x44, 0x00, 0x80, 0x02, 0x00, 0xFF, 0xFF, 0x00, 0xCA, 0x00, 0x00, 0x06, 0x06,
    0x0A, 0x10, 0x06, 0x26, 0x00, 0x17, 0x00, 0x00, 0x00, 0x07, 0x01, 0x45, 0x00, 0xCE, 0x02, 0x00,
    0xFF, 0xFF, 0x00, 0xCA, 0x00, 0x00, 0x06, 0x06, 0x0A, 0x63, 0x06, 0x26, 0x00, 0x17, 0x00, 0x00,
    0x00, 0x07, 0x01, 0x46, 0x01, 0xE3, 0x02, 0x00, 0xFF, 0xFF, 0x00, 0xCA, 0xFD, 0xBA, 0x06, 0x24,
    0x08, 0x00, 0x06, 0x26, 0x00, 0x17, 0x00, 0x00, 0x00, 0x07, 0x01, 0x4B, 0x03, 0x82, 0x00, 0x00,
    0xFF, 0xFF, 0x00, 0xCA, 0x00, 0x00, 0x06, 0x06, 0x0A, 0x76, 0x06, 0x26, 0x00, 0x17, 0x00, 0x00,
    0x00, 0x07, 0x01, 0x49, 0x00, 0x82, 0x02, 0x00, 0x00, 0x01, 0x00, 0xCA, 0x00, 0x00, 0x05, 0xEA,
    0x08, 0x00, 0x00, 0x09, 0x00, 0x00, 0x73, 0x11, 0x21, 0x11, 0x21, 0x11, 0x21, 0x11, 0x21, 0x11,
    0xCA, 0x05, 0x20, 0xFC, 0x53, 0x03, 0x53, 0xFC, 0xAD, 0x08, 0x00, 0xFE, 0xC9, 0xFD, 0xD4, 0xFE,
    0xC9, 0xFC, 0x9A, 0x00, 0x00, 0x01, 0x00, 0x96, 0xFF, 0xE4, 0x07, 0xB1, 0x08, 0x1C, 0x00, 0x28,
    0x00, 0x00, 0x41, 0x2E, 0x03, 0x23, 0x22, 0x04, 0x02, 0x15, 0x14, 0x12, 0x04, 0x33, 0x32, 0x36,
    0x36, 0x35, 0x17, 0x21, 0x11, 0x21, 0x15, 0x10, 0x02, 0x04, 0x23, 0x20, 0x24, 0x02, 0x11, 0x34,
    0x12, 0x12, 0x24, 0x33, 0x32, 0x04, 0x16, 0x16, 0x17, 0x06, 0x26, 0x19, 0x57, 0x79, 0x9C, 0x5C,
    0xA5, 0xFE, 0xFE, 0x93, 0x92, 0x01, 0x04, 0xAC, 0x9C, 0xE5, 0x7C, 0x54, 0xFD, 0xD4, 0x03, 0x3F,
    0xE0, 0xFE, 0x78, 0xFE, 0xFE, 0xE5, 0xFE, 0x55, 0xEF, 0x8D, 0xFE, 0x01, 0x56, 0xC9, 0xAA, 0x01,
    0x26, 0xE5, 0x94, 0x17, 0x05, 0x72, 0x51, 0x81, 0x5C, 0x2F, 0xA6, 0xFE, 0xBF, 0xE6, 0xE8, 0xFE,
    0xBE, 0xA7, 0x78, 0xDD, 0x95, 0x0D, 0x01, 0x22, 0xF6, 0xFE, 0xF9, 0xFE, 0x80, 0xCF, 0xFF, 0x01,
    0xD7, 0x01, 0x44, 0xF8, 0x01, 0x86, 0x01, 0x11, 0x8F, 0x63, 0xB6, 0xFA, 0x97, 0x00, 0xFF, 0xFF,
    0x00, 0x96, 0xFF, 0xE4, 0x07, 0xB1, 0x0A, 0x76, 0x06, 0x26, 0x00, 0x22, 0x00, 0x00, 0x00, 0x07,
    0x01, 0x41, 0x01, 0x56, 0x02, 0x00, 0xFF, 0xFF, 0x00, 0x96, 0xFF, 0xE4, 0x07, 0xB1, 0x0A, 0x10,
    0x06, 0x26, 0x00, 0x22, 0x00, 0x00, 0x00, 0x07, 0x01, 0x45, 0x01, 0xA2, 0x02, 0x00, 0xFF, 0xFF,
    0x00, 0x96, 0xFF, 0xE4, 0x07, 0xB1, 0x0A, 0x63, 0x06, 0x26, 0x00, 0x22, 0x00, 0x00, 0x00, 0x07,
    0x01, 0x46, 0x02, 0xB8, 0x02, 0x00, 0xFF, 0xFF, 0x00, 0x96, 0xFD, 0x6B, 0x07, 0xB1, 0x08, 0x1C,
    0x06, 0x26, 0x00, 0x22, 0x00, 0x00, 0x00, 0x07, 0x01, 0x4C, 0x02, 0xB6, 0x00, 0x03, 0x00, 0x01,
    0x00, 0xCA, 0x00, 0x00, 0x07, 0x66, 0x08, 0x00, 0x00, 0x0B, 0x00, 0x00, 0x73, 0x11, 0x21, 0x11,
    0x21, 0x11, 0x21, 0x11, 0x21, 0x11, 0x21, 0x11, 0xCA, 0x01, 0x73, 0x03, 0xB5, 0x01, 0x74, 0xFE,
    0x8C, 0xFC, 0x4B, 0x08, 0x00, 0xFC, 0x9D, 0x03, 0x63, 0xF8, 0x00, 0x03, 0x66, 0xFC, 0x9A, 0x00,
    0xFF, 0xFF, 0x00, 0xCA, 0x00, 0x00, 0x07, 0x66, 0x0A, 0x79, 0x06, 0x26, 0x00, 0x27, 0x00, 0x00,
    0x00, 0x07, 0x01, 0x41, 0x01, 0x3A, 0x02, 0x02, 0x00, 0x02, 0x00, 0x70, 0x00, 0x00, 0x08, 0x5A,
    0x08, 0x00, 0x00, 0x03, 0x00, 0x0F, 0x00, 0x00, 0x41, 0x15, 0x21, 0x35, 0x13, 0x11, 0x21, 0x11,
    0x21, 0x11, 0x21, 0x11, 0x21, 0x11, 0x21, 0x11, 0x08, 0x5A, 0xF8, 0x16, 0xA7, 0x01, 0x73, 0x03,
    0xB6, 0x01, 0x73, 0xFE, 0x8D, 0xFC, 0x4A, 0x06, 0x83, 0xE6, 0xE6, 0xF9, 0x7D, 0x08, 0x00, 0xFC,
    0x9D, 0x03, 0x63, 0xF8, 0x00, 0x03, 0x66, 0xFC, 0x9A, 0x00, 0x00, 0x01, 0x00, 0xCA, 0x00, 0x00,
    0x02, 0x3D, 0x08, 0x00, 0x00, 0x03, 0x00, 0x00, 0x41, 0x11, 0x21, 0x11, 0x02, 0x3D, 0xFE, 0x8D,
    0x08, 0x00, 0xF8, 0x00, 0x08, 0x00, 0x00, 0x03, 0xFF, 0x97, 0x00, 0x00, 0x03, 0x71, 0x0A, 0x5B,
    0x00, 0x03, 0x00, 0x0F, 0x00, 0x1B, 0x00, 0x00, 0x41, 0x11, 0x21, 0x11, 0x27, 0x22, 0x26, 0x35,
    0x34, 0x36, 0x33, 0x32, 0x16, 0x15, 0x14, 0x06, 0x21, 0x22, 0x26, 0x35, 0x34, 0x36, 0x33, 0x32,
    0x16, 0x15, 0x14, 0x06, 0x02, 0x3D, 0xFE, 0x8D, 0x71, 0x4F, 0x73, 0x73, 0x4F, 0x51, 0x6F, 0x6F,
    0x02, 0x07, 0x4F, 0x73, 0x73, 0x4F, 0x51, 0x6F, 0x6F, 0x08, 0x00, 0xF8, 0x00, 0x08, 0x00, 0xE2,
    0x70, 0x4C, 0x50, 0x6D, 0x6D, 0x50, 0x4C, 0x70, 0x70, 0x4C, 0x50, 0x6D, 0x6D, 0x50, 0x4C, 0x70,
    0xFF, 0xFF, 0xFF, 0xCD, 0x00, 0x00, 0x02, 0x3D, 0x0A, 0x93, 0x06, 0x26, 0x00, 0x2A, 0x00, 0x00,
    0x00, 0x07, 0x01, 0x3E, 0xFE, 0x32, 0x02, 0x00, 0xFF, 0xFF, 0x00, 0xCA, 0x00, 0x00, 0x03, 0x3B,
    0x0A, 0x93, 0x06, 0x26, 0x00, 0x2A, 0x00, 0x00, 0x00, 0x07, 0x01, 0x3C, 0xFE, 0xDB, 0x02, 0x00,
    0xFF, 0xFF, 0xFF, 0x7C, 0x00, 0x00, 0x03, 0x8C, 0x0A, 0x76, 0x06, 0x26, 0x00, 0x2A, 0x00, 0x00,
    0x00, 0x07, 0x01, 0x41, 0xFE, 0xA1, 0x02, 0x00, 0xFF, 0xFF, 0x00, 0x76, 0x00, 0x00, 0x04, 0x77,
    0x0A, 0x47, 0x04, 0x27, 0x00, 0x2A, 0x00, 0xF2, 0x00, 0x00, 0x00, 0x07, 0x01, 0x42, 0xFF, 0xB6,
    0x02, 0x00, 0xFF, 0xFF, 0xFF, 0xA3, 0x00, 0x00, 0x03, 0x65, 0x0A, 0x00, 0x06, 0x26, 0x00, 0x2A,
    0x00, 0x00, 0x00, 0x07, 0x01, 0x44, 0xFE, 0x9F, 0x02, 0x00, 0xFF, 0xFF, 0xFF, 0xB1, 0x00, 0x00,
    0x03, 0x59, 0x0A, 0x10, 0x06, 0x26, 0x00, 0x2A, 0x00, 0x00, 0x00, 0x07, 0x01, 0x45, 0xFE, 0xED,
    0x02, 0x00, 0xFF, 0xFF, 0x00, 0x34, 0xFD, 0xBA, 0x02, 0x5B, 0x08, 0x00, 0x06, 0x26, 0x00, 0x2A,
    0x00, 0x00, 0x00, 0x06, 0x01, 0x4B, 0xBA, 0x00, 0xFF, 0xFF, 0x00, 0xB2, 0x00, 0x00, 0x02, 0x56,
    0x0A, 0x63, 0x06, 0x26, 0x00, 0x2A, 0x00, 0x00, 0x00, 0x07, 0x01, 0x46, 0x00, 0x02, 0x02, 0x00,
    0x00, 0x01, 0x00, 0x52, 0xFF, 0xE4, 0x05, 0x62, 0x08, 0x00, 0x00, 0x13, 0x00, 0x00, 0x41, 0x21,
    0x11, 0x06, 0x02, 0x04, 0x23, 0x22, 0x24, 0x26, 0x35, 0x21, 0x1E, 0x02, 0x33, 0x32, 0x36, 0x36,
    0x37, 0x03, 0xF2, 0x01, 0x70, 0x01, 0xA6, 0xFE, 0xD7, 0xC5, 0xB4, 0xFE, 0xE1, 0xA8, 0x01, 0x71,
    0x01, 0x47, 0x7E, 0x52, 0x59, 0x7C, 0x41, 0x01, 0x08, 0x00, 0xFA, 0x60, 0xC6, 0xFE, 0xE3, 0x99,
    0x81, 0xFE, 0xBD, 0x53, 0x78, 0x40, 0x4B, 0x94, 0x6C, 0x00, 0xFF, 0xFF, 0x00, 0x52, 0xFF, 0xE4,
    0x06, 0xB1, 0x0A, 0x76, 0x06, 0x26, 0x00, 0x34, 0x00, 0x00, 0x00, 0x07, 0x01, 0x41, 0x01, 0xC6,
    0x02, 0x00, 0x00, 0x01, 0x00, 0xCA, 0x00, 0x00, 0x07, 0x41, 0x08, 0x00, 0x00, 0x0C, 0x00, 0x00,
    0x73, 0x11, 0x21, 0x11, 0x33, 0x01, 0x21, 0x01, 0x01, 0x21, 0x01, 0x03, 0x11, 0xCA, 0x01, 0x73,
    0x19, 0x03, 0x1F, 0x01, 0xC5, 0xFC, 0xE8, 0x03, 0x1F, 0xFE, 0x42, 0xFD, 0x9D, 0xE3, 0x08, 0x00,
    0xFC, 0x53, 0x03, 0xAD, 0xFC, 0x69, 0xFB, 0x97, 0x03, 0x6E, 0xFE, 0xF4, 0xFD, 0x9E, 0xFF, 0xFF,
    0x00, 0xCA, 0xFD, 0x6A, 0x07, 0x41, 0x08, 0x00, 0x06, 0x26, 0x00, 0x36, 0x00, 0x00, 0x00, 0x07,
    0x01, 0x4C, 0x02, 0x35, 0x00, 0x02, 0x00, 0x01, 0x00, 0xCA, 0x00, 0x00, 0x05, 0xC3, 0x08, 0x00,
    0x00, 0x05, 0x00, 0x00, 0x73, 0x11, 0x21, 0x11, 0x21, 0x11, 0xCA, 0x01, 0x73, 0x03, 0x86, 0x08,
    0x00, 0xF9, 0x37, 0xFE, 0xC9, 0x00, 0xFF, 0xFF, 0x00, 0xCA, 0x00, 0x00, 0x05, 0xC3, 0x0A, 0x93,
    0x06, 0x26, 0x00, 0x38, 0x00, 0x00, 0x00, 0x07, 0x01, 0x3C, 0xFE, 0xD8, 0x02, 0x00, 0xFF, 0xFF,
    0x00, 0xCA, 0xFD, 0x68, 0x05, 0xC3, 0x08, 0x00, 0x06, 0x26, 0x00, 0x38, 0x00, 0x00, 0x00, 0x07,
    0x01, 0x4C, 0x01, 0xC6, 0x00, 0x00, 0xFF, 0xFF, 0x00, 0xCA, 0x00, 0x00, 0x05, 0xC3, 0x08, 0x66,
    0x06, 0x26, 0x00, 0x38, 0x00, 0x00, 0x00, 0x07, 0x01, 0x54, 0x02, 0x95, 0x00, 0x00, 0x00, 0x02,
    0x00, 0x2F, 0x00, 0x00, 0x05, 0xFD, 0x08, 0x00, 0x00, 0x03, 0x00, 0x09, 0x00, 0x00, 0x41, 0x15,
    0x01, 0x35, 0x13, 0x11, 0x21, 0x11, 0x21, 0x11, 0x03, 0xA8, 0xFC, 0x87, 0xD4, 0x01, 0x73, 0x03,
    0x87, 0x05, 0x1D, 0xDB, 0xFF, 0x00, 0xD9, 0xFB, 0xE5, 0x08, 0x00, 0xF9, 0x37, 0xFE, 0xC9, 0x00,
    0x00, 0x01, 0x00, 0xCA, 0x00, 0x00, 0x09, 0x2E, 0x08, 0x00, 0x00, 0x0F, 0x00, 0x00, 0x53, 0x21,
    0x01, 0x33, 0x01, 0x21, 0x11, 0x21, 0x11, 0x23, 0x01, 0x21, 0x01, 0x23, 0x11, 0x21, 0xCA, 0x01,
    0xC6, 0x02, 0x60, 0x18, 0x02, 0x60, 0x01, 0xC6, 0xFE, 0x9C, 0x13, 0xFD, 0xCA, 0xFE, 0xF6, 0xFD,
    0xCA, 0x13, 0xFE, 0x9C, 0x08, 0x00, 0xFA, 0x34, 0x05, 0xCC, 0xF8, 0x00, 0x05, 0x7F, 0xFA, 0x87,
    0x05, 0x7C, 0xFA, 0x7E, 0x00, 0x01, 0x00, 0xCA, 0x00, 0x00, 0x07, 0x5D, 0x08, 0x00, 0x00, 0x0B,
    0x00, 0x00, 0x41, 0x11, 0x21, 0x01, 0x23, 0x11, 0x21, 0x11, 0x21, 0x01, 0x33, 0x11, 0x07, 0x5D,
    0xFE, 0xB6, 0xFC, 0x3B, 0x11, 0xFE, 0x8D, 0x01, 0x4C, 0x03, 0xC4, 0x12, 0x08, 0x00, 0xF8, 0x00,
    0x05, 0x73, 0xFA, 0x8D, 0x08, 0x00, 0xFA, 0x8C, 0x05, 0x74, 0xFF, 0xFF, 0x00, 0xCA, 0x00, 0x00,
    0x07, 0x5D, 0x0A, 0x47, 0x06, 0x26, 0x00, 0x3E, 0x00, 0x00, 0x00, 0x07, 0x01, 0x42, 0x01, 0x54,
    0x02, 0x00, 0xFF, 0xFF, 0x00, 0xCA, 0x00, 0x00, 0x07, 0x5D, 0x0A, 0x93, 0x06, 0x26, 0x00, 0x3E,
    0x00, 0x00, 0x00, 0x07, 0x01, 0x3C, 0x01, 0x6B, 0x02, 0x00, 0xFF, 0xFF, 0x00, 0xCA, 0xFD, 0x68,
    0x07, 0x5D, 0x08, 0x00, 0x06, 0x26, 0x00, 0x3E, 0x00, 0x00, 0x00, 0x07, 0x01, 0x4C, 0x02, 0x94,
    0x00, 0x00, 0xFF, 0xFF, 0x00, 0xCA, 0x00, 0x00, 0x07, 0x5D, 0x0A, 0x76, 0x06, 0x26, 0x00, 0x3E,
    0x00, 0x00, 0x00, 0x07, 0x01, 0x49, 0x01, 0x31, 0x02, 0x00, 0x00, 0x02, 0x00, 0xCA, 0xFD, 0xAB,
    0x07, 0x5D, 0x08, 0x00, 0x00, 0x10, 0x00, 0x1C, 0x00, 0x00, 0x61, 0x21, 0x15, 0x14, 0x06, 0x06,
    0x23, 0x22, 0x26, 0x27, 0x11, 0x16, 0x16, 0x33, 0x32, 0x36, 0x35, 0x01, 0x11, 0x21, 0x01, 0x23,
    0x11, 0x21, 0x11, 0x21, 0x01, 0x33, 0x11, 0x06, 0x13, 0x01, 0x4A, 0x89, 0xF2, 0x9F, 0x24, 0x50,
    0x21, 0x19, 0x42, 0x21, 0x67, 0x82, 0x01, 0x4A, 0xFE, 0xB6, 0xFC, 0x3B, 0x11, 0xFE, 0x8D, 0x01,
    0x4C, 0x03, 0xC4, 0x12, 0x6E, 0xAD, 0xD7, 0x63, 0x08, 0x0B, 0x01, 0x1A, 0x05, 0x08, 0x5B, 0x6A,
    0x08, 0x70, 0xF8, 0x00, 0x05, 0x73, 0xFA, 0x8D, 0x08, 0x00, 0xFA, 0x8C, 0x05, 0x74, 0x00, 0x02,
    0x00, 0x96, 0xFF, 0xE4, 0x07, 0xF0, 0x08, 0x1C, 0x00, 0x0F, 0x00, 0x1F, 0x00, 0x00, 0x41, 0x10,
    0x02, 0x04, 0x21, 0x20, 0x24, 0x02, 0x11, 0x10, 0x12, 0x24, 0x21, 0x20, 0x04, 0x12, 0x01, 0x34,
    0x02, 0x24, 0x23, 0x22, 0x04, 0x02, 0x15, 0x14, 0x12, 0x04, 0x33, 0x32, 0x24, 0x12, 0x07, 0xF0,
    0xF7, 0xFE, 0x57, 0xFE, 0xF3, 0xFE, 0xF3, 0xFE, 0x57, 0xF7, 0xF7, 0x01, 0xA9, 0x01, 0x0D, 0x01,
    0x0D, 0x01, 0xA9, 0xF7, 0xFE, 0x8B, 0x91, 0xFF, 0x00, 0xA7, 0xA7, 0xFF, 0x00, 0x91, 0x91, 0x01,
    0x00, 0xA7, 0xA7, 0x01, 0x00, 0x91, 0x04, 0x00, 0xFE, 0xB5, 0xFE, 0x29, 0xFA, 0xFB, 0x01, 0xD7,
    0x01, 0x4A, 0x01, 0x4B, 0x01, 0xD7, 0xFA, 0xFA, 0xFE, 0x29, 0xFE, 0xB5, 0xE9, 0x01, 0x41, 0xA5,
    0xA5, 0xFE, 0xBF, 0xE9, 0xE9, 0xFE, 0xBF, 0xA5, 0xA5, 0x01, 0x41, 0x00, 0x00, 0x04, 0x00, 0x96,
    0xFF, 0xE4, 0x07, 0xF0, 0x0A, 0x5B, 0x00, 0x0F, 0x00, 0x1F, 0x00, 0x2B, 0x00, 0x37, 0x00, 0x00,
    0x41, 0x10, 0x02, 0x04, 0x21, 0x20, 0x24, 0x02, 0x11, 0x10, 0x12, 0x24, 0x21, 0x20, 0x04, 0x12,
    0x01, 0x34, 0x02, 0x24, 0x23, 0x22, 0x04, 0x02, 0x15, 0x14, 0x12, 0x04, 0x33, 0x32, 0x24, 0x12,
    0x01, 0x22, 0x26, 0x35, 0x34, 0x36, 0x33, 0x32, 0x16, 0x15, 0x14, 0x06, 0x21, 0x22, 0x26, 0x35,
    0x34, 0x36, 0x33, 0x32, 0x16, 0x15, 0x14, 0x06, 0x07, 0xF0, 0xF7, 0xFE, 0x57, 0xFE, 0xF3, 0xFE,
    0xF3, 0xFE, 0x57, 0xF7, 0xF7, 0x01, 0xA9, 0x01, 0x0D, 0x01, 0x0D, 0x01, 0xA9, 0xF7, 0xFE, 0x8B,
    0x91, 0xFF, 0x00, 0xA7, 0xA7, 0xFF, 0x00, 0x91, 0x91, 0x01, 0x00, 0xA7, 0xA7, 0x01, 0x00, 0x91,
    0xFC, 0x9D, 0x4F, 0x73, 0x73, 0x4F, 0x51, 0x6F, 0x6F, 0x02, 0x07, 0x4F, 0x73, 0x73, 0x4F, 0x51,
    0x6F, 0x6F, 0x04, 0x00, 0xFE, 0xB5, 0xFE, 0x29, 0xFA, 0xFB, 0x01, 0xD7, 0x01, 0x4A, 0x01, 0x4B,
    0x01, 0xD7, 0xFA, 0xFA, 0xFE, 0x29, 0xFE, 0xB5, 0xE9, 0x01, 0x41, 0xA5, 0xA5, 0xFE, 0xBF, 0xE9,
    0xE9, 0xFE, 0xBF, 0xA5, 0xA5, 0x01, 0x41, 0x05, 0xCB, 0x70, 0x4C, 0x50, 0x6D, 0x6D, 0x50, 0x4C,
    0x70, 0x70, 0x4C, 0x50, 0x6D, 0x6D, 0x50, 0x4C, 0x70, 0x00, 0xFF, 0xFF, 0x00, 0x96, 0xFF, 0xE4,
    0x07, 0xF0, 0x0A, 0x56, 0x06, 0x26, 0x00, 0x44, 0x00, 0x00, 0x00, 0x07, 0x01, 0x43, 0x01, 0xAC,
    0x00, 0x00, 0x00, 0x03, 0x00, 0x96, 0xFF, 0xA2, 0x07, 0xF0, 0x08, 0x5A, 0x00, 0x03, 0x00, 0x13,
    0x00, 0x23, 0x00, 0x00, 0x45, 0x27, 0x01, 0x17, 0x13, 0x10, 0x02, 0x04, 0x21, 0x20, 0x24, 0x02,
    0x11, 0x10, 0x12, 0x24, 0x21, 0x20, 0x04, 0x12, 0x01, 0x34, 0x02, 0x24, 0x23, 0x22, 0x04, 0x02,
    0x15, 0x14, 0x12, 0x04, 0x33, 0x32, 0x24, 0x12, 0x01, 0xC5, 0xB5, 0x05, 0xAD, 0xB5, 0x7E, 0xF7,
    0xFE, 0x57, 0xFE, 0xF3, 0xFE, 0xF3, 0xFE, 0x57, 0xF7, 0xF7, 0x01, 0xA9, 0x01, 0x0D, 0x01, 0x0D,
    0x01, 0xA9, 0xF7, 0xFE, 0x8B, 0x91, 0xFF, 0x00, 0xA7, 0xA7, 0xFF, 0x00, 0x91, 0x91, 0x01, 0x00,
    0xA7, 0xA7, 0x01, 0x00, 0x91, 0x5E, 0x7C, 0x08, 0x3C, 0x7C, 0xFC, 0x22, 0xFE, 0xB5, 0xFE, 0x29,
    0xFA, 0xFB, 0x01, 0xD7, 0x01, 0x4A, 0x01, 0x4B, 0x01, 0xD7, 0xFA, 0xFA, 0xFE, 0x29, 0xFE, 0xB5,
    0xE9, 0x01, 0x41, 0xA5, 0xA5, 0xFE, 0xBF, 0xE9, 0xE9, 0xFE, 0xBF, 0xA5, 0xA5, 0x01, 0x41, 0x00,
    0xFF, 0xFF, 0x00, 0x96, 0xFF, 0xE4, 0x07, 0xF0, 0x0A, 0x93, 0x06, 0x26, 0x00, 0x44, 0x00, 0x00,
    0x00, 0x07, 0x01, 0x3E, 0x00, 0xF1, 0x02, 0x00, 0xFF, 0xFF, 0x00, 0x96, 0xFF, 0xE4, 0x07, 0xF0,
    0x0A, 0x93, 0x06, 0x26, 0x00, 0x44, 0x00, 0x00, 0x00, 0x07, 0x01, 0x3C, 0x01, 0x9A, 0x02, 0x00,
    0xFF, 0xFF, 0x00, 0x96, 0xFF, 0xE4, 0x07, 0xF0, 0x0A, 0x76, 0x06, 0x26, 0x00, 0x44, 0x00, 0x00,
    0x00, 0x07, 0x01, 0x41, 0x01, 0x60, 0x02, 0x00, 0xFF, 0xFF, 0x00, 0x96, 0xFF, 0xE4, 0x07, 0xF0,
    0x0A, 0x00, 0x06, 0x26, 0x00, 0x44, 0x00, 0x00, 0x00, 0x07, 0x01, 0x44, 0x01, 0x5E, 0x02, 0x00,
    0xFF, 0xFF, 0x00, 0x96, 0xFF, 0xE4, 0x07, 0xF0, 0x0A, 0x10, 0x06, 0x26, 0x00, 0x44, 0x00, 0x00,
    0x00, 0x07, 0x01, 0x45, 0x01, 0xAC, 0x02, 0x00, 0xFF, 0xFF, 0x00, 0x96, 0xFF, 0xE4, 0x07, 0xF0,
    0x0A, 0x50, 0x06, 0x26, 0x00, 0x44, 0x00, 0x00, 0x00, 0x07, 0x01, 0x3D, 0x02, 0x4A, 0x02, 0x10,
    0x00, 0x02, 0x00, 0x96, 0x00, 0x00, 0x0A, 0x4C, 0x08, 0x00, 0x00, 0x12, 0x00, 0x1D, 0x00, 0x00,
    0x61, 0x20, 0x24, 0x02, 0x11, 0x10, 0x12, 0x24, 0x21, 0x21, 0x11, 0x21, 0x11, 0x21, 0x11, 0x21,
    0x11, 0x21, 0x11, 0x01, 0x11, 0x23, 0x22, 0x06, 0x02, 0x15, 0x14, 0x12, 0x16, 0x33, 0x04, 0x30,
    0xFE, 0xF4, 0xFE, 0x60, 0xEE, 0xEE, 0x01, 0xA0, 0x01, 0x0C, 0x06, 0x14, 0xFC, 0x3F, 0x03, 0x7C,
    0xFC, 0x84, 0x03, 0xC9, 0xFA, 0xC4, 0xE0, 0xA3, 0xF9, 0x8C, 0x8C, 0xF9, 0xA3, 0xF2, 0x01, 0xCA,
    0x01, 0x42, 0x01, 0x45, 0x01, 0xCB, 0xF2, 0xFE, 0xC9, 0xFD, 0xD4, 0xFE, 0xC9, 0xFD, 0xD1, 0xFE,
    0xC9, 0x01, 0x37, 0x05, 0x92, 0xA1, 0xFE, 0xC1, 0xEB, 0xEA, 0xFE, 0xC4, 0xA1, 0x00, 0x00, 0x01,
    0x00, 0xCA, 0x00, 0x00, 0x06, 0x9C, 0x08, 0x00, 0x00, 0x17, 0x00, 0x00, 0x73, 0x11, 0x21, 0x32,
    0x04, 0x12, 0x15, 0x14, 0x02, 0x04, 0x23, 0x21, 0x11, 0x21, 0x32, 0x36, 0x36, 0x35, 0x34, 0x26,
    0x26, 0x23, 0x21, 0x11, 0xCA, 0x03, 0x00, 0xEC, 0x01, 0x41, 0xA5, 0xA6, 0xFE, 0xBC, 0xED, 0xFE,
    0x03, 0x01, 0xCB, 0x8A, 0xB0, 0x55, 0x55, 0xB1, 0x8B, 0xFE, 0xAC, 0x08, 0x00, 0xB0, 0xFE, 0xCD,
    0xC3, 0xC5, 0xFE, 0xCE, 0xAF, 0x01, 0x31, 0x60, 0xA8, 0x6D, 0x6D, 0xA6, 0x5D, 0xF9, 0x36, 0x00,
    0x00, 0x03, 0x00, 0x96, 0xFF, 0x50, 0x07, 0xF0, 0x08, 0x1C, 0x00, 0x07, 0x00, 0x17, 0x00, 0x27,
    0x00, 0x00, 0x41, 0x21, 0x13, 0x17, 0x01, 0x21, 0x03, 0x27, 0x01, 0x10, 0x02, 0x04, 0x21, 0x20,
    0x24, 0x02, 0x11, 0x10, 0x12, 0x24, 0x21, 0x20, 0x04, 0x12, 0x01, 0x34, 0x02, 0x24, 0x23, 0x22,
    0x04, 0x02, 0x15, 0x14, 0x12, 0x04, 0x33, 0x32, 0x24, 0x12, 0x03, 0xC5, 0x01, 0x50, 0xC7, 0x8E,
    0x01, 0x55, 0xFE, 0x98, 0xE8, 0x63, 0x02, 0xE4, 0xF7, 0xFE, 0x57, 0xFE, 0xF3, 0xFE, 0xF3, 0xFE,
    0x57, 0xF7, 0xF7, 0x01, 0xA9, 0x01, 0x0D, 0x01, 0x0D, 0x01, 0xA9, 0xF7, 0xFE, 0x8B, 0x91, 0xFF,
    0x00, 0xA7, 0xA7, 0xFF, 0x00, 0x91, 0x91, 0x01, 0x00, 0xA7, 0xA7, 0x01, 0x00, 0x91, 0x02, 0xB0,
    0xFE, 0xFE, 0xA8, 0xFE, 0x4A, 0x01, 0x26, 0x8C, 0x02, 0xFE, 0xFE, 0xB5, 0xFE, 0x29, 0xFA, 0xFB,
    0x01, 0xD7, 0x01, 0x4A, 0x01, 0x4B, 0x01, 0xD7, 0xFA, 0xFA, 0xFE, 0x29, 0xFE, 0xB5, 0xE9, 0x01,
    0x41, 0xA5, 0xA5, 0xFE, 0xBF, 0xE9, 0xE9, 0xFE, 0xBF, 0xA5, 0xA5, 0x01, 0x41, 0x00, 0x00, 0x02,
    0x00, 0xCA, 0x00, 0x00, 0x06, 0xE7, 0x08, 0x00, 0x00, 0x17, 0x00, 0x1B, 0x00, 0x00, 0x73, 0x11,
    0x21, 0x32, 0x04, 0x12, 0x15, 0x14, 0x02, 0x04, 0x23, 0x21, 0x11, 0x21, 0x32, 0x36, 0x36, 0x35,
    0x34, 0x26, 0x26, 0x23, 0x21, 0x11, 0x01, 0x01, 0x21, 0x01, 0xCA, 0x03, 0x00, 0xEC, 0x01, 0x41,
    0xA5, 0xA7, 0xFE, 0xBC, 0xEC, 0xFD, 0xDD, 0x01, 0xF1, 0x8A, 0xB0, 0x55, 0x56, 0xB0, 0x8B, 0xFE,
    0xAC, 0x02, 0xAF, 0x01, 0xFB, 0xFE, 0x62, 0xFE, 0x0E, 0x08, 0x00, 0xA4, 0xFE, 0xD9, 0xC4, 0xC5,
    0xFE, 0xDF, 0x9D, 0x01, 0x34, 0x4D, 0x95, 0x6D, 0x6D, 0x9B, 0x51, 0xF9, 0x36, 0x03, 0xA0, 0xFC,
    0x60, 0x03, 0xA0, 0x00, 0xFF, 0xFF, 0x00, 0xCA, 0x00, 0x00, 0x06, 0xE7, 0x0A, 0x93, 0x06, 0x26,
    0x00, 0x51, 0x00, 0x00, 0x00, 0x07, 0x01, 0x3C, 0x00, 0xDF, 0x02, 0x00, 0xFF, 0xFF, 0x00, 0xCA,
    0xFD, 0x68, 0x06, 0xE7, 0x08, 0x00, 0x06, 0x26, 0x00, 0x51, 0x00, 0x00, 0x00, 0x07, 0x01, 0x4C,
    0x02, 0x2A, 0x00, 0x00, 0xFF, 0xFF, 0x00, 0xCA, 0x00, 0x00, 0x06, 0xE7, 0x0A, 0x76, 0x06, 0x26,
    0x00, 0x51, 0x00, 0x00, 0x00, 0x07, 0x01, 0x49, 0x00, 0xA5, 0x02, 0x00, 0x00, 0x01, 0x00, 0x80,
    0xFF, 0xE1, 0x06, 0xA4, 0x08, 0x1C, 0x00, 0x33, 0x00, 0x00, 0x41, 0x26, 0x26, 0x23, 0x22, 0x06,
    0x06, 0x07, 0x14, 0x1E, 0x02, 0x17, 0x17, 0x1E, 0x03, 0x15, 0x14, 0x02, 0x04, 0x23, 0x22, 0x24,
    0x02, 0x27, 0x21, 0x1E, 0x02, 0x33, 0x32, 0x36, 0x36, 0x37, 0x2E, 0x02, 0x27, 0x27, 0x26, 0x00,
    0x35, 0x34, 0x12, 0x24, 0x33, 0x32, 0x04, 0x12, 0x17, 0x05, 0x23, 0x0E, 0xCF, 0xA5, 0x74, 0xA6,
    0x58, 0x01, 0x3B, 0x66, 0x7C, 0x3F, 0xC0, 0x74, 0xD7, 0xAB, 0x64, 0xB8, 0xFE, 0xA5, 0xF6, 0xEF,
    0xFE, 0xA1, 0xC5, 0x08, 0x01, 0x6D, 0x08, 0x74, 0xBB, 0x74, 0x79, 0xB7, 0x68, 0x01, 0x01, 0x5C,
    0xA5, 0x6E, 0xE9, 0xFD, 0xFE, 0xDB, 0xC5, 0x01, 0x54, 0xD7, 0xDA, 0x01, 0x49, 0xBC, 0x03, 0x05,
    0xCD, 0x83, 0x92, 0x46, 0x78, 0x4D, 0x40, 0x5E, 0x41, 0x2C, 0x0F, 0x30, 0x1B, 0x5C, 0x8C, 0xC6,
    0x85, 0xB4, 0xFE, 0xEF, 0x99, 0x94, 0x01, 0x1C, 0xCC, 0x6B, 0x8E, 0x46, 0x49, 0x83, 0x58, 0x50,
    0x69, 0x47, 0x1C, 0x3C, 0x41, 0x01, 0x09, 0xDC, 0xB5, 0x01, 0x10, 0x97, 0x97, 0xFE, 0xF5, 0xAD,
    0xFF, 0xFF, 0x00, 0x80, 0xFF, 0xE1, 0x06, 0xA4, 0x0A, 0x93, 0x06, 0x26, 0x00, 0x55, 0x00, 0x00,
    0x00, 0x07, 0x01, 0x3C, 0x00, 0xE9, 0x02, 0x00, 0xFF, 0xFF, 0x00, 0x80, 0xFF, 0xE1, 0x06, 0xA4,
    0x0A, 0x76, 0x06, 0x26, 0x00, 0x55, 0x00, 0x00, 0x00, 0x07, 0x01, 0x41, 0x00, 0xAE, 0x02, 0x00,
    0xFF, 0xFF, 0x00, 0x80, 0xFD, 0x88, 0x06, 0xA4, 0x08, 0x1C, 0x06, 0x26, 0x00, 0x55, 0x00, 0x00,
    0x00, 0x07, 0x01, 0x4A, 0x01, 0xB4, 0x00, 0x00, 0xFF, 0xFF, 0x00, 0x80, 0xFF, 0xE1, 0x06, 0xA4,
    0x0A, 0x76, 0x06, 0x26, 0x00, 0x55, 0x00, 0x00, 0x00, 0x07, 0x01, 0x49, 0x00, 0xAE, 0x02, 0x00,
    0x00, 0x01, 0x00, 0x70, 0x00, 0x00, 0x06, 0xD2, 0x08, 0x00, 0x00, 0x07, 0x00, 0x00, 0x53, 0x11,
    0x21, 0x11, 0x21, 0x11, 0x21, 0x11, 0x70, 0x06, 0x62, 0xFD, 0x87, 0xFE, 0x90, 0x06, 0xC9, 0x01,
    0x37, 0xFE, 0xC9, 0xF9, 0x37, 0x06, 0xC9, 0x00, 0xFF, 0xFF, 0x00, 0x70, 0xFD, 0x88, 0x06, 0xD2,
    0x08, 0x00, 0x06, 0x26, 0x00, 0x5A, 0x00, 0x00, 0x00, 0x07, 0x01, 0x4A, 0x01, 0xCE, 0x00, 0x00,
    0xFF, 0xFF, 0x00, 0x70, 0x00, 0x00, 0x06, 0xD2, 0x0A, 0x76, 0x06, 0x26, 0x00, 0x5A, 0x00, 0x00,
    0x00, 0x07, 0x01, 0x49, 0x00, 0xBE, 0x02, 0x00, 0x00, 0x01, 0x00, 0xCA, 0xFF, 0xE1, 0x07, 0x48,
    0x08, 0x00, 0x00, 0x15, 0x00, 0x00, 0x41, 0x21, 0x11, 0x14, 0x02, 0x04, 0x23, 0x22, 0x24, 0x02,
    0x35, 0x11, 0x21, 0x11, 0x14, 0x16, 0x16, 0x33, 0x32, 0x36, 0x36, 0x35, 0x05, 0xD5, 0x01, 0x73,
    0xCF, 0xFE, 0x8A, 0xFA, 0xFB, 0xFE, 0x8A, 0xCE, 0x01, 0x73, 0x71, 0xCE, 0x8D, 0x8D, 0xCF, 0x70,
    0x08, 0x00, 0xFA, 0xC6, 0xDC, 0xFE, 0xB2, 0xBB, 0xBB, 0x01, 0x4E, 0xDC, 0x05, 0x3A, 0xFA, 0xE5,
    0x80, 0xC8, 0x71, 0x71, 0xC8, 0x80, 0xFF, 0xFF, 0x00, 0xCA, 0xFF, 0xE1, 0x07, 0x48, 0x0A, 0x93,
    0x06, 0x26, 0x00, 0x5D, 0x00, 0x00, 0x00, 0x07, 0x01, 0x3E, 0x00, 0xB6, 0x02, 0x00, 0xFF, 0xFF,
    0x00, 0xCA, 0xFF, 0xE1, 0x07, 0x48, 0x0A, 0x93, 0x06, 0x26, 0x00, 0x5D, 0x00, 0x00, 0x00, 0x07,
    0x01, 0x3C, 0x01, 0x60, 0x02, 0x00, 0xFF, 0xFF, 0x00, 0xCA, 0xFF, 0xE1, 0x07, 0x48, 0x0A, 0x76,
    0x06, 0x26, 0x00, 0x5D, 0x00, 0x00, 0x00, 0x07, 0x01, 0x41, 0x01, 0x26, 0x02, 0x00, 0xFF, 0xFF,
    0x00, 0xCA, 0xFF, 0xE1, 0x07, 0x48, 0x0A, 0x5B, 0x06, 0x26, 0x00, 0x5D, 0x00, 0x00, 0x00, 0x07,
    0x01, 0x40, 0x00, 0xFE, 0x00, 0x20, 0xFF, 0xFF, 0x00, 0xCA, 0xFF, 0xE1, 0x07, 0x48, 0x0A, 0x47,
    0x06, 0x26, 0x00, 0x5D, 0x00, 0x00, 0x00, 0x07, 0x01, 0x42, 0x01, 0x49, 0x02, 0x00, 0xFF, 0xFF,
    0x00, 0xCA, 0xFF, 0xE1, 0x07, 0x48, 0x0A, 0x00, 0x06, 0x26, 0x00, 0x5D, 0x00, 0x00, 0x00, 0x07,
    0x01, 0x44, 0x01, 0x24, 0x02, 0x00, 0xFF, 0xFF, 0x00, 0xCA, 0xFF, 0xE1, 0x07, 0x48, 0x0A, 0x10,
    0x06, 0x26, 0x00, 0x5D, 0x00, 0x00, 0x00, 0x07, 0x01, 0x45, 0x01, 0x72, 0x02, 0x00, 0xFF, 0xFF,
    0x00, 0xCA, 0xFF, 0xE1, 0x07, 0x48, 0x0A, 0xD0, 0x06, 0x26, 0x00, 0x5D, 0x00, 0x00, 0x00, 0x07,
    0x01, 0x48, 0x02, 0x0E, 0x00, 0x00, 0xFF, 0xFF, 0x00, 0xCA, 0xFF, 0xE1, 0x07, 0x48, 0x0A, 0x50,
    0x06, 0x26, 0x00, 0x5D, 0x00, 0x00, 0x00, 0x07, 0x01, 0x3D, 0x02, 0x10, 0x02, 0x10, 0xFF, 0xFF,
    0x00, 0xCA, 0xFD, 0xBC, 0x07, 0x48, 0x08, 0x00, 0x06, 0x26, 0x00, 0x5D, 0x00, 0x00, 0x00, 0x07,
    0x01, 0x4B, 0x02, 0x75, 0x00, 0x02, 0x00, 0x01, 0x00, 0x45, 0x00, 0x00, 0x07, 0xB2, 0x08, 0x00,
    0x00, 0x07, 0x00, 0x00, 0x41, 0x01, 0x33, 0x01, 0x21, 0x01, 0x21, 0x01, 0x01, 0xDC, 0x02, 0x15,
    0x15, 0x02, 0x14, 0x01, 0x98, 0xFD, 0x2E, 0xFE, 0x36, 0xFD, 0x2F, 0x08, 0x00, 0xF9, 0xB4, 0x06,
    0x4C, 0xF8, 0x00, 0x08, 0x00, 0x00, 0x00, 0x01, 0x00, 0x37, 0x00, 0x00, 0x0A, 0xDC, 0x08, 0x00,
    0x00, 0x0F, 0x00, 0x00, 0x61, 0x01, 0x21, 0x01, 0x33, 0x01, 0x21, 0x01, 0x33, 0x01, 0x21, 0x01,
    0x21, 0x01, 0x23, 0x01, 0x02, 0x79, 0xFD, 0xBE, 0x01, 0x8F, 0x01, 0x71, 0x13, 0x01, 0x8A, 0x01,
    0x6B, 0x01, 0x8B, 0x12, 0x01, 0x71, 0x01, 0x8F, 0xFD, 0xBE, 0xFE, 0x92, 0xFE, 0x66, 0x10, 0xFE,
    0x65, 0x08, 0x00, 0xFA, 0x1F, 0x05, 0xE1, 0xFA, 0x1E, 0x05, 0xE2, 0xF8, 0x00, 0x05, 0x9D, 0xFA,
    0x63, 0x00, 0xFF, 0xFF, 0x00, 0x37, 0x00, 0x00, 0x0A, 0xDC, 0x0A, 0x76, 0x06, 0x26, 0x00, 0x69,
    0x00, 0x00, 0x00, 0x07, 0x01, 0x41, 0x02, 0xA6, 0x02, 0x00, 0x00, 0x01, 0x00, 0x4F, 0x00, 0x00,
    0x07, 0x49, 0x08, 0x00, 0x00, 0x0D, 0x00, 0x00, 0x41, 0x01, 0x33, 0x01, 0x21, 0x01, 0x01, 0x21,
    0x01, 0x23, 0x01, 0x21, 0x01, 0x01, 0x02, 0x00, 0x01, 0xC3, 0x10, 0x01, 0xC5, 0x01, 0xA7, 0xFD,
    0x89, 0x02, 0x81, 0xFE, 0x52, 0xFE, 0x38, 0x10, 0xFE, 0x38, 0xFE, 0x54, 0x02, 0x87, 0xFD, 0x81,
    0x08, 0x00, 0xFD, 0x12, 0x02, 0xEE, 0xFC, 0x00, 0xFC, 0x00, 0x02, 0xE9, 0xFD, 0x17, 0x04, 0x00,
    0x04, 0x00, 0x00, 0x01, 0x00, 0x3E, 0x00, 0x00, 0x07, 0x82, 0x08, 0x00, 0x00, 0x09, 0x00, 0x00,
    0x53, 0x21, 0x01, 0x33, 0x01, 0x21, 0x01, 0x11, 0x21, 0x11, 0x3E, 0x01, 0xA3, 0x01, 0xF5, 0x14,
    0x01, 0xF5, 0x01, 0xA3, 0xFD, 0x17, 0xFE, 0x8E, 0x08, 0x00, 0xFC, 0x76, 0x03, 0x8A, 0xFA, 0xFC,
    0xFD, 0x04, 0x02, 0xFC, 0xFF, 0xFF, 0x00, 0x3E, 0x00, 0x00, 0x07, 0x82, 0x0A, 0x93, 0x06, 0x26,
    0x00, 0x6C, 0x00, 0x00, 0x00, 0x07, 0x01, 0x3C, 0x01, 0x37, 0x02, 0x00, 0xFF, 0xFF, 0x00, 0x3E,
    0x00, 0x00, 0x07, 0x82, 0x0A, 0x76, 0x06, 0x26, 0x00, 0x6C, 0x00, 0x00, 0x00, 0x07, 0x01, 0x41,
    0x00, 0xFD, 0x02, 0x00, 0x00, 0x03, 0x00, 0x3E, 0x00, 0x00, 0x07, 0x82, 0x0A, 0x5B, 0x00, 0x09,
    0x00, 0x15, 0x00, 0x21, 0x00, 0x00, 0x53, 0x21, 0x01, 0x33, 0x01, 0x21, 0x01, 0x11, 0x21, 0x11,
    0x03, 0x22, 0x26, 0x35, 0x34, 0x36, 0x33, 0x32, 0x16, 0x15, 0x14, 0x06, 0x21, 0x22, 0x26, 0x35,
    0x34, 0x36, 0x33, 0x32, 0x16, 0x15, 0x14, 0x06, 0x3E, 0x01, 0xA3, 0x01, 0xF5, 0x14, 0x01, 0xF5,
    0x01, 0xA3, 0xFD, 0x17, 0xFE, 0x8E, 0x72, 0x4F, 0x73, 0x73, 0x4F, 0x51, 0x6F, 0x6F, 0x02, 0x07,
    0x4F, 0x73, 0x73, 0x4F, 0x51, 0x6F, 0x6F, 0x08, 0x00, 0xFC, 0x76, 0x03, 0x8A, 0xFA, 0xFC, 0xFD,
    0x04, 0x02, 0xFC, 0x05, 0xE6, 0x70, 0x4C, 0x50, 0x6D, 0x6D, 0x50, 0x4C, 0x70, 0x70, 0x4C, 0x50,
    0x6D, 0x6D, 0x50, 0x4C, 0x70, 0x00, 0x00, 0x01, 0x00, 0x9E, 0x00, 0x00, 0x06, 0x90, 0x08, 0x00,
    0x00, 0x09, 0x00, 0x00, 0x73, 0x35, 0x01, 0x21, 0x11, 0x21, 0x15, 0x01, 0x21, 0x11, 0xA4, 0x04,
    0x1A, 0xFB, 0xE0, 0x05, 0xEC, 0xFB, 0xE7, 0x04, 0x1F, 0xE7, 0x05, 0xE2, 0x01, 0x37, 0xE7, 0xFA,
    0x1E, 0xFE, 0xC9, 0x00, 0xFF, 0xFF, 0x00, 0x9E, 0x00, 0x00, 0x06, 0x90, 0x0A, 0x93, 0x06, 0x26,
    0x00, 0x70, 0x00, 0x00, 0x00, 0x07, 0x01, 0x3C, 0x00, 0xF1, 0x02, 0x00, 0xFF, 0xFF, 0x00, 0x9E,
    0x00, 0x00, 0x06, 0x90, 0x0A, 0x63, 0x06, 0x26, 0x00, 0x70, 0x00, 0x00, 0x00, 0x07, 0x01, 0x46,
    0x02, 0x18, 0x02, 0x00, 0xFF, 0xFF, 0x00, 0x9E, 0x00, 0x00, 0x06, 0x90, 0x0A, 0x76, 0x06, 0x26,
    0x00, 0x70, 0x00, 0x00, 0x00, 0x07, 0x01, 0x49, 0x00, 0xB6, 0x02, 0x00, 0x00, 0x02, 0x00, 0x72,
    0xFF, 0xE1, 0x05, 0x9F, 0x06, 0x14, 0x00, 0x25, 0x00, 0x36, 0x00, 0x00, 0x45, 0x22, 0x26, 0x26,
    0x35, 0x34, 0x3E, 0x02, 0x37, 0x3E, 0x02, 0x35, 0x35, 0x34, 0x26, 0x23, 0x22, 0x06, 0x07, 0x25,
    0x36, 0x36, 0x24, 0x33, 0x32, 0x1E, 0x02, 0x15, 0x11, 0x21, 0x35, 0x23, 0x0E, 0x02, 0x03, 0x32,
    0x36, 0x36, 0x35, 0x35, 0x0E, 0x03, 0x07, 0x0E, 0x02, 0x15, 0x14, 0x16, 0x02, 0x74, 0x92, 0xE9,
    0x87, 0x60, 0xA6, 0xD1, 0x70, 0x87, 0xA8, 0x4D, 0x86, 0x7E, 0x85, 0x9B, 0x1B, 0xFE, 0xAE, 0x28,
    0xB8, 0x01, 0x0A, 0xA1, 0x6F, 0xDC, 0xB6, 0x6F, 0xFE, 0xA4, 0x0C, 0x21, 0x77, 0xB3, 0x1A, 0x6D,
    0xA0, 0x57, 0x11, 0x51, 0x64, 0x62, 0x24, 0x51, 0x80, 0x4A, 0x92, 0x1F, 0x69, 0xCE, 0x97, 0x82,
    0xAA, 0x66, 0x35, 0x0C, 0x0E, 0x17, 0x31, 0x34, 0x06, 0x71, 0x7C, 0x74, 0x4F, 0x30, 0x8C, 0xBD,
    0x5F, 0x34, 0x77, 0xCC, 0x99, 0xFB, 0xFC, 0xD3, 0x40, 0x6F, 0x43, 0x01, 0x0A, 0x57, 0x90, 0x55,
    0xB5, 0x0E, 0x18, 0x12, 0x0E, 0x05, 0x0B, 0x32, 0x59, 0x46, 0x64, 0x66, 0xFF, 0xFF, 0x00, 0x72,
    0xFF, 0xE1, 0x05, 0x9F, 0x08, 0x93, 0x06, 0x26, 0x00, 0x74, 0x00, 0x00, 0x00, 0x07, 0x01, 0x3C,
    0x00, 0x96, 0x00, 0x00, 0xFF, 0xFF, 0x00, 0x72, 0xFF, 0xE1, 0x05, 0x9F, 0x08, 0x10, 0x06, 0x26,
    0x00, 0x74, 0x00, 0x00, 0x00, 0x07, 0x01, 0x45, 0x00, 0xA8, 0x00, 0x00, 0xFF, 0xFF, 0x00, 0x72,
    0xFF, 0xE1, 0x05, 0x9F, 0x08, 0x76, 0x06, 0x26, 0x00, 0x74, 0x00, 0x00, 0x00, 0x07, 0x01, 0x41,
    0x00, 0x5C, 0x00, 0x00, 0x00, 0x04, 0x00, 0x72, 0xFF, 0xE1, 0x05, 0x9F, 0x08, 0x5B, 0x00, 0x25,
    0x00, 0x36, 0x00, 0x42, 0x00, 0x4E, 0x00, 0x00, 0x45, 0x22, 0x26, 0x26, 0x35, 0x34, 0x3E, 0x02,
    0x37, 0x3E, 0x02, 0x35, 0x35, 0x34, 0x26, 0x23, 0x22, 0x06, 0x07, 0x25, 0x36, 0x36, 0x24, 0x33,
    0x32, 0x1E, 0x02, 0x15, 0x11, 0x21, 0x35, 0x23, 0x0E, 0x02, 0x03, 0x32, 0x36, 0x36, 0x35, 0x35,
    0x0E, 0x03, 0x07, 0x0E, 0x02, 0x15, 0x14, 0x16, 0x03, 0x22, 0x26, 0x35, 0x34, 0x36, 0x33, 0x32,
    0x16, 0x15, 0x14, 0x06, 0x21, 0x22, 0x26, 0x35, 0x34, 0x36, 0x33, 0x32, 0x16, 0x15, 0x14, 0x06,
    0x02, 0x74, 0x92, 0xE9, 0x87, 0x60, 0xA6, 0xD1, 0x70, 0x87, 0xA8, 0x4D, 0x86, 0x7E, 0x85, 0x9B,
    0x1B, 0xFE, 0xAE, 0x28, 0xB8, 0x01, 0x0A, 0xA1, 0x6F, 0xDC, 0xB6, 0x6F, 0xFE, 0xA4, 0x0C, 0x21,
    0x77, 0xB3, 0x1A, 0x6D, 0xA0, 0x57, 0x11, 0x51, 0x64, 0x62, 0x24, 0x51, 0x80, 0x4A, 0x92, 0x4D,
    0x4F, 0x73, 0x73, 0x4F, 0x51, 0x6F, 0x6F, 0x02, 0x07, 0x4F, 0x73, 0x73, 0x4F, 0x51, 0x6F, 0x6F,
    0x1F, 0x69, 0xCE, 0x97, 0x82, 0xAA, 0x66, 0x35, 0x0C, 0x0E, 0x17, 0x31, 0x34, 0x06, 0x71, 0x7C,
    0x74, 0x4F, 0x30, 0x8C, 0xBD, 0x5F, 0x34, 0x77, 0xCC, 0x99, 0xFB, 0xFC, 0xD3, 0x40, 0x6F, 0x43,
    0x01, 0x0A, 0x57, 0x90, 0x55, 0xB5, 0x0E, 0x18, 0x12, 0x0E, 0x05, 0x0B, 0x32, 0x59, 0x46, 0x64,
    0x66, 0x05, 0xF7, 0x70, 0x4C, 0x50, 0x6D, 0x6D, 0x50, 0x4C, 0x70, 0x70, 0x4C, 0x50, 0x6D, 0x6D,
    0x50, 0x4C, 0x70, 0x00, 0xFF, 0xFF, 0x00, 0x72, 0xFF, 0xE1, 0x05, 0x9F, 0x08, 0x93, 0x06, 0x26,
    0x00, 0x74, 0x00, 0x00, 0x00, 0x06, 0x01, 0x3E, 0xED, 0x00, 0xFF, 0xFF, 0x00, 0x72, 0xFF, 0xE1,
    0x05, 0x9F, 0x08, 0x00, 0x06, 0x26, 0x00, 0x74, 0x00, 0x00, 0x00, 0x07, 0x01, 0x44, 0x00, 0x5A,
    0x00, 0x00, 0xFF, 0xFF, 0x00, 0x72, 0xFD, 0xBA, 0x05, 0xBE, 0x06, 0x14, 0x06, 0x26, 0x00, 0x74,
    0x00, 0x00, 0x00, 0x07, 0x01, 0x4B, 0x03, 0x1C, 0x00, 0x00, 0x00, 0x04, 0x00, 0x72, 0xFF, 0xE1,
    0x05, 0x9F, 0x09, 0x46, 0x00, 0x25, 0x00, 0x36, 0x00, 0x46, 0x00, 0x52, 0x00, 0x00, 0x45, 0x22,
    0x26, 0x26, 0x35, 0x34, 0x3E, 0x02, 0x37, 0x3E, 0x02, 0x35, 0x35, 0x34, 0x26, 0x23, 0x22, 0x06,
    0x07, 0x25, 0x36, 0x36, 0x24, 0x33, 0x32, 0x1E, 0x02, 0x15, 0x11, 0x21, 0x35, 0x23, 0x0E, 0x02,
    0x03, 0x32, 0x36, 0x36, 0x35, 0x35, 0x0E, 0x03, 0x07, 0x0E, 0x02, 0x15, 0x14, 0x16, 0x13, 0x22,
    0x26, 0x26, 0x35, 0x34, 0x36, 0x36, 0x33, 0x32, 0x16, 0x16, 0x15, 0x14, 0x06, 0x06, 0x27, 0x32,
    0x36, 0x35, 0x34, 0x26, 0x07, 0x22, 0x06, 0x15, 0x14, 0x16, 0x02, 0x74, 0x92, 0xE9, 0x87, 0x60,
    0xA6, 0xD1, 0x70, 0x87, 0xA8, 0x4D, 0x86, 0x7E, 0x85, 0x9B, 0x1B, 0xFE, 0xAE, 0x28, 0xB8, 0x01,
    0x0A, 0xA1, 0x6F, 0xDC, 0xB6, 0x6F, 0xFE, 0xA4, 0x0C, 0x21, 0x77, 0xB3, 0x1A, 0x6D, 0xA0, 0x57,
    0x11, 0x51, 0x64, 0x62, 0x24, 0x51, 0x80, 0x4A, 0x92, 0xDE, 0x61, 0x9F, 0x5D, 0x5D, 0x9F, 0x61,
    0x61, 0x9E, 0x5C, 0x5C, 0x9E, 0x61, 0x49, 0x5F, 0x5F, 0x49, 0x48, 0x60, 0x60, 0x1F, 0x69, 0xCE,
    0x97, 0x82, 0xAA, 0x66, 0x35, 0x0C, 0x0E, 0x17, 0x31, 0x34, 0x06, 0x71, 0x7C, 0x74, 0x4F, 0x30,
    0x8C, 0xBD, 0x5F, 0x34, 0x77, 0xCC, 0x99, 0xFB, 0xFC, 0xD3, 0x40, 0x6F, 0x43, 0x01, 0x0A, 0x57,
    0x90, 0x55, 0xB5, 0x0E, 0x18, 0x12, 0x0E, 0x05, 0x0B, 0x32, 0x59, 0x46, 0x64, 0x66, 0x05, 0xBC,
    0x59, 0x96, 0x5D, 0x5D, 0x9A, 0x5C, 0x5C, 0x9A, 0x5D, 0x5D, 0x96, 0x59, 0xAA, 0x63, 0x3F, 0x42,
    0x66, 0x01, 0x65, 0x42, 0x3F, 0x64, 0xFF, 0xFF, 0x00, 0x72, 0xFF, 0xE1, 0x05, 0x9F, 0x08, 0x47,
    0x06, 0x26, 0x00, 0x74, 0x00, 0x00, 0x00, 0x06, 0x01, 0x42, 0x7F, 0x00, 0x00, 0x03, 0x00, 0x72,
    0xFF, 0xE1, 0x09, 0x9F, 0x06, 0x14, 0x00, 0x25, 0x00, 0x36, 0x00, 0x5A, 0x00, 0x00, 0x45, 0x22,
    0x24, 0x27, 0x13, 0x36, 0x24, 0x33, 0x32, 0x16, 0x16, 0x12, 0x15, 0x15, 0x21, 0x35, 0x21, 0x2E,
    0x02, 0x23, 0x22, 0x06, 0x06, 0x15, 0x15, 0x14, 0x16, 0x16, 0x33, 0x32, 0x36, 0x36, 0x37, 0x05,
    0x06, 0x06, 0x04, 0x01, 0x32, 0x36, 0x36, 0x35, 0x35, 0x0E, 0x03, 0x07, 0x0E, 0x02, 0x15, 0x14,
    0x16, 0x13, 0x22, 0x26, 0x26, 0x35, 0x34, 0x3E, 0x02, 0x37, 0x3E, 0x02, 0x35, 0x35, 0x34, 0x26,
    0x23, 0x22, 0x06, 0x07, 0x25, 0x36, 0x36, 0x24, 0x33, 0x32, 0x1E, 0x02, 0x17, 0x03, 0x23, 0x0E,
    0x02, 0x07, 0x06, 0xE3, 0xFE, 0xB9, 0x34, 0x06, 0x58, 0x01, 0x1B, 0xC1, 0x8D, 0xFD, 0xC4, 0x6F,
    0xFB, 0x2A, 0x03, 0x7B, 0x01, 0x58, 0x9D, 0x68, 0x6F, 0xA8, 0x5D, 0x62, 0xB0, 0x76, 0x4E, 0x81,
    0x5D, 0x18, 0x01, 0x53, 0x20, 0xB4, 0xFE, 0xF2, 0xFB, 0x23, 0x6D, 0xA0, 0x57, 0x11, 0x51, 0x64,
    0x62, 0x24, 0x51, 0x80, 0x4A, 0x92, 0x23, 0x9A, 0xF0, 0x88, 0x61, 0xA6, 0xD1, 0x6F, 0x88, 0xA7,
    0x4D, 0x86, 0x7E, 0x84, 0x9C, 0x1B, 0xFE, 0xAE, 0x28, 0xB8, 0x01, 0x0B, 0xA5, 0x44, 0x91, 0x89,
    0x6E, 0x1E, 0x40, 0x19, 0x25, 0xAD, 0xEB, 0x1E, 0xCF, 0xB6, 0x03, 0x59, 0xA9, 0xAB, 0x5B, 0xBE,
    0xFE, 0xDB, 0xCA, 0x6F, 0xF4, 0x68, 0xA3, 0x5E, 0x6B, 0xAE, 0x66, 0xD5, 0x86, 0xBF, 0x65, 0x2D,
    0x58, 0x41, 0x26, 0x86, 0xC7, 0x6D, 0x01, 0x09, 0x57, 0x90, 0x55, 0xB5, 0x0E, 0x18, 0x12, 0x0E,
    0x05, 0x0B, 0x32, 0x59, 0x46, 0x64, 0x66, 0xFE, 0xF6, 0x69, 0xCE, 0x97, 0x82, 0xAA, 0x67, 0x34,
    0x0C, 0x0E, 0x18, 0x31, 0x33, 0x06, 0x71, 0x7C, 0x74, 0x4F, 0x30, 0x8C, 0xBD, 0x5F, 0x19, 0x3E,
    0x6E, 0x56, 0xFC, 0x0C, 0x56, 0x84, 0x4A, 0x00, 0x00, 0x02, 0x00, 0xCA, 0xFF, 0xE5, 0x06, 0x74,
    0x08, 0x00, 0x00, 0x16, 0x00, 0x26, 0x00, 0x00, 0x73, 0x11, 0x21, 0x11, 0x33, 0x3E, 0x02, 0x33,
    0x32, 0x04, 0x12, 0x11, 0x14, 0x02, 0x04, 0x23, 0x22, 0x26, 0x26, 0x27, 0x23, 0x15, 0x03, 0x14,
    0x16, 0x16, 0x33, 0x32, 0x36, 0x36, 0x35, 0x34, 0x26, 0x26, 0x23, 0x22, 0x06, 0x06, 0xCA, 0x01,
    0x6A, 0x0F, 0x1C, 0x66, 0xAE, 0x87, 0xB2, 0x01, 0x1F, 0xA9, 0xA6, 0xFE, 0xE2, 0xB5, 0x84, 0xAE,
    0x69, 0x1D, 0x15, 0x01, 0x55, 0xA1, 0x73, 0x78, 0xA2, 0x53, 0x52, 0xA2, 0x79, 0x74, 0xA2, 0x53,
    0x08, 0x00, 0xFD, 0x02, 0x38, 0x7F, 0x5B, 0xB5, 0xFE, 0x9F, 0xFF, 0x00, 0xFD, 0xFE, 0x9E, 0xBA,
    0x58, 0x7D, 0x38, 0xF2, 0x03, 0x00, 0x95, 0xE0, 0x7D, 0x81, 0xE1, 0x90, 0x8F, 0xDE, 0x7E, 0x7A,
    0xDC, 0x00, 0x00, 0x01, 0x00, 0x78, 0xFF, 0xE2, 0x05, 0xEA, 0x06, 0x14, 0x00, 0x20, 0x00, 0x00,
    0x45, 0x22, 0x24, 0x02, 0x35, 0x34, 0x12, 0x24, 0x33, 0x32, 0x04, 0x16, 0x17, 0x21, 0x26, 0x26,
    0x23, 0x22, 0x06, 0x06, 0x15, 0x14, 0x16, 0x16, 0x33, 0x32, 0x36, 0x36, 0x37, 0x21, 0x06, 0x06,
    0x04, 0x03, 0x58, 0xE6, 0xFE, 0xB7, 0xB1, 0xB4, 0x01, 0x49, 0xE1, 0xBB, 0x01, 0x21, 0xAC, 0x0C,
    0xFE, 0xA6, 0x15, 0x9D, 0x83, 0x6F, 0xA8, 0x5D, 0x5C, 0xA7, 0x71, 0x50, 0x7F, 0x56, 0x10, 0x01,
    0x5A, 0x0D, 0xA6, 0xFE, 0xE2, 0x1E, 0xCA, 0x01, 0x65, 0xE9, 0xEA, 0x01, 0x67, 0xC9, 0x89, 0xF9,
    0xA6, 0x6F, 0x95, 0x77, 0xDE, 0x9B, 0x9D, 0xE1, 0x79, 0x3D, 0x74, 0x53, 0xA3, 0xFB, 0x8D, 0x00,
    0xFF, 0xFF, 0x00, 0x78, 0xFD, 0x88, 0x05, 0xEA, 0x06, 0x14, 0x06, 0x26, 0x00, 0x80, 0x00, 0x00,
    0x00, 0x07, 0x01, 0x4A, 0x01, 0x73, 0x00, 0x00, 0xFF, 0xFF, 0x00, 0x78, 0xFF, 0xE2, 0x05, 0xEA,
    0x08, 0x93, 0x06, 0x26, 0x00, 0x80, 0x00, 0x00, 0x00, 0x07, 0x01, 0x3C, 0x00, 0xAC, 0x00, 0x00,
    0xFF, 0xFF, 0x00, 0x78, 0xFF, 0xE2, 0x05, 0xEA, 0x08, 0x76, 0x06, 0x26, 0x00, 0x80, 0x00, 0x00,
    0x00, 0x07, 0x01, 0x41, 0x00, 0x72, 0x00, 0x00, 0xFF, 0xFF, 0x00, 0x78, 0xFF, 0xE2, 0x05, 0xEA,
    0x08, 0x63, 0x06, 0x26, 0x00, 0x80, 0x00, 0x00, 0x00, 0x07, 0x01, 0x46, 0x01, 0xD3, 0x00, 0x00,
    0xFF, 0xFF, 0x00, 0x78, 0xFF, 0xE2, 0x05, 0xEA, 0x08, 0x76, 0x06, 0x26, 0x00, 0x80, 0x00, 0x00,
    0x00, 0x07, 0x01, 0x49, 0x00, 0x72, 0x00, 0x00, 0x00, 0x02, 0x00, 0x7B, 0xFF, 0xE5, 0x06, 0x26,
    0x08, 0x00, 0x00, 0x16, 0x00, 0x26, 0x00, 0x00, 0x45, 0x22, 0x24, 0x02, 0x35, 0x10, 0x12, 0x24,
    0x33, 0x32, 0x16, 0x16, 0x17, 0x33, 0x11, 0x21, 0x11, 0x21, 0x35, 0x23, 0x0E, 0x02, 0x03, 0x32,
    0x36, 0x36, 0x35, 0x34, 0x26, 0x26, 0x23, 0x22, 0x06, 0x06, 0x15, 0x14, 0x16, 0x16, 0x02, 0xF4,
    0xB5, 0xFE, 0xE2, 0xA6, 0xA9, 0x01, 0x20, 0xB1, 0x87, 0xAE, 0x66, 0x1C, 0x0F, 0x01, 0x6B, 0xFE,
    0x9C, 0x16, 0x1C, 0x6A, 0xAE, 0x1F, 0x73, 0xA2, 0x54, 0x53, 0xA1, 0x75, 0x79, 0xA2, 0x52, 0x53,
    0xA3, 0x1B, 0xBA, 0x01, 0x62, 0xFD, 0x01, 0x00, 0x01, 0x61, 0xB5, 0x5B, 0x7F, 0x38, 0x02, 0xFE,
    0xF8, 0x00, 0xF2, 0x38, 0x7D, 0x58, 0x01, 0x29, 0x7D, 0xE0, 0x95, 0x95, 0xDC, 0x7A, 0x7E, 0xDE,
    0x8F, 0x90, 0xE1, 0x81, 0xFF, 0xFF, 0x00, 0x7B, 0xFF, 0xE5, 0x06, 0xE3, 0x08, 0x00, 0x06, 0x26,
    0x00, 0x86, 0x00, 0x00, 0x00, 0x07, 0x01, 0x56, 0x02, 0x6B, 0x02, 0xD2, 0xFF, 0xFF, 0x00, 0x7B,
    0xFF, 0xE5, 0x08, 0x01, 0x08, 0x66, 0x04, 0x26, 0x00, 0x86, 0x00, 0x00, 0x00, 0x07, 0x01, 0x54,
    0x05, 0xF2, 0x00, 0x00, 0x00, 0x01, 0x00, 0x78, 0xFF, 0xE2, 0x06, 0x0D, 0x06, 0x14, 0x00, 0x26,
    0x00, 0x00, 0x45, 0x22, 0x24, 0x02, 0x35, 0x34, 0x12, 0x24, 0x33, 0x32, 0x16, 0x16, 0x12, 0x15,
    0x15, 0x21, 0x35, 0x21, 0x2E, 0x02, 0x23, 0x22, 0x06, 0x06, 0x07, 0x15, 0x14, 0x16, 0x16, 0x33,
    0x32, 0x36, 0x36, 0x37, 0x05, 0x06, 0x06, 0x04, 0x03, 0x62, 0xE7, 0xFE, 0xB1, 0xB4, 0xB5, 0x01,
    0x46, 0xDC, 0x8E, 0xFD, 0xC3, 0x70, 0xFB, 0x15, 0x03, 0x90, 0x01, 0x58, 0x9D, 0x68, 0x6F, 0xA8,
    0x5D, 0x01, 0x62, 0xB0, 0x76, 0x4F, 0x80, 0x5E, 0x18, 0x01, 0x52, 0x20, 0xB3, 0xFE, 0xEA, 0x1E,
    0xC1, 0x01, 0x63, 0xF1, 0xED, 0x01, 0x67, 0xC9, 0x5B, 0xBE, 0xFE, 0xDB, 0xCA, 0x6F, 0xF4, 0x68,
    0xA3, 0x5E, 0x6B, 0xAD, 0x67, 0xD5, 0x86, 0xBF, 0x65, 0x2D, 0x58, 0x41, 0x26, 0x86, 0xC7, 0x6D,
    0x00, 0x03, 0x00, 0x78, 0xFF, 0xE2, 0x06, 0x0D, 0x08, 0x5B, 0x00, 0x26, 0x00, 0x32, 0x00, 0x3E,
    0x00, 0x00, 0x45, 0x22, 0x24, 0x02, 0x35, 0x34, 0x12, 0x24, 0x33, 0x32, 0x16, 0x16, 0x12, 0x15,
    0x15, 0x21, 0x35, 0x21, 0x2E, 0x02, 0x23, 0x22, 0x06, 0x06, 0x07, 0x15, 0x14, 0x16, 0x16, 0x33,
    0x32, 0x36, 0x36, 0x37, 0x05, 0x06, 0x06, 0x04, 0x01, 0x22, 0x26, 0x35, 0x34, 0x36, 0x33, 0x32,
    0x16, 0x15, 0x14, 0x06, 0x21, 0x22, 0x26, 0x35, 0x34, 0x36, 0x33, 0x32, 0x16, 0x15, 0x14, 0x06,
    0x03, 0x62, 0xE7, 0xFE, 0xB1, 0xB4, 0xB5, 0x01, 0x46, 0xDC, 0x8E, 0xFD, 0xC3, 0x70, 0xFB, 0x15,
    0x03, 0x90, 0x01, 0x58, 0x9D, 0x68, 0x6F, 0xA8, 0x5D, 0x01, 0x62, 0xB0, 0x76, 0x4F, 0x80, 0x5E,
    0x18, 0x01, 0x52, 0x20, 0xB3, 0xFE, 0xEA, 0xFE, 0x05, 0x4F, 0x73, 0x73, 0x4F, 0x51, 0x6F, 0x6F,
    0x02, 0x07, 0x4F, 0x73, 0x73, 0x4F, 0x51, 0x6F, 0x6F, 0x1E, 0xC1, 0x01, 0x63, 0xF1, 0xED, 0x01,
    0x67, 0xC9, 0x5B, 0xBE, 0xFE, 0xDB, 0xCA, 0x6F, 0xF4, 0x68, 0xA3, 0x5E, 0x6B, 0xAD, 0x67, 0xD5,
    0x86, 0xBF, 0x65, 0x2D, 0x58, 0x41, 0x26, 0x86, 0xC7, 0x6D, 0x07, 0x00, 0x70, 0x4C, 0x50, 0x6D,
    0x6D, 0x50, 0x4C, 0x70, 0x70, 0x4C, 0x50, 0x6D, 0x6D, 0x50, 0x4C, 0x70, 0xFF, 0xFF, 0x00, 0x78,
    0xFF, 0xE2, 0x06, 0x0D, 0x08, 0x93, 0x06, 0x26, 0x00, 0x89, 0x00, 0x00, 0x00, 0x06, 0x01, 0x3E,
    0xF2, 0x00, 0xFF, 0xFF, 0x00, 0x78, 0xFF, 0xE2, 0x06, 0x0D, 0x08, 0x93, 0x06, 0x26, 0x00, 0x89,
    0x00, 0x00, 0x00, 0x07, 0x01, 0x3C, 0x00, 0x9C, 0x00, 0x00, 0xFF, 0xFF, 0x00, 0x78, 0xFF, 0xE2,
    0x06, 0x0D, 0x08, 0x76, 0x06, 0x26, 0x00, 0x89, 0x00, 0x00, 0x00, 0x07, 0x01, 0x41, 0x00, 0x62,
    0x00, 0x00, 0xFF, 0xFF, 0x00, 0x78, 0xFF, 0xE2, 0x06, 0x0D, 0x08, 0x00, 0x06, 0x26, 0x00, 0x89,
    0x00, 0x00, 0x00, 0x07, 0x01, 0x44, 0x00, 0x60, 0x00, 0x00, 0xFF, 0xFF, 0x00, 0x78, 0xFF, 0xE2,
    0x06, 0x0D, 0x08, 0x10, 0x06, 0x26, 0x00, 0x89, 0x00, 0x00, 0x00, 0x07, 0x01, 0x45, 0x00, 0xAE,
    0x00, 0x00, 0xFF, 0xFF, 0x00, 0x78, 0xFF, 0xE2, 0x06, 0x0D, 0x08, 0x63, 0x06, 0x26, 0x00, 0x89,
    0x00, 0x00, 0x00, 0x07, 0x01, 0x46, 0x01, 0xC3, 0x00, 0x00, 0xFF, 0xFF, 0x00, 0x78, 0xFD, 0xD5,
    0x06, 0x0D, 0x06, 0x14, 0x06, 0x26, 0x00, 0x89, 0x00, 0x00, 0x00, 0x07, 0x01, 0x4B, 0x02, 0x05,
    0x00, 0x1B, 0xFF, 0xFF, 0x00, 0x78, 0xFF, 0xE2, 0x06, 0x0D, 0x08, 0x76, 0x06, 0x26, 0x00, 0x89,
    0x00, 0x00, 0x00, 0x07, 0x01, 0x49, 0x00, 0x62, 0x00, 0x00, 0x00, 0x02, 0x00, 0x38, 0x00, 0x00,
    0x04, 0x0E, 0x08, 0x60, 0x00, 0x03, 0x00, 0x14, 0x00, 0x00, 0x41, 0x11, 0x21, 0x11, 0x13, 0x11,
    0x34, 0x36, 0x36, 0x33, 0x32, 0x16, 0x17, 0x03, 0x26, 0x26, 0x23, 0x22, 0x06, 0x15, 0x11, 0x03,
    0xC4, 0xFC, 0x74, 0xE3, 0x81, 0xDA, 0x85, 0x5E, 0x92, 0x23, 0x48, 0x17, 0x46, 0x2B, 0x65, 0x53,
    0x06, 0x00, 0xFE, 0xE8, 0x01, 0x18, 0xFA, 0x00, 0x06, 0x91, 0x9B, 0xCE, 0x66, 0x1E, 0x0C, 0xFE,
    0xE8, 0x07, 0x0F, 0x61, 0x5A, 0xF9, 0x87, 0x00, 0x00, 0x02, 0x00, 0x7B, 0xFD, 0xA0, 0x06, 0x27,
    0x06, 0x14, 0x00, 0x25, 0x00, 0x35, 0x00, 0x00, 0x41, 0x22, 0x24, 0x26, 0x27, 0x25, 0x1E, 0x02,
    0x33, 0x32, 0x36, 0x35, 0x11, 0x23, 0x0E, 0x02, 0x23, 0x22, 0x24, 0x02, 0x35, 0x34, 0x12, 0x24,
    0x33, 0x32, 0x16, 0x16, 0x17, 0x33, 0x35, 0x21, 0x11, 0x14, 0x02, 0x04, 0x03, 0x32, 0x36, 0x36,
    0x35, 0x34, 0x26, 0x26, 0x23, 0x22, 0x06, 0x06, 0x15, 0x14, 0x16, 0x16, 0x03, 0x56, 0xC3, 0xFE,
    0xE8, 0xAA, 0x21, 0x01, 0x46, 0x16, 0x54, 0x8F, 0x6D, 0x9A, 0xCA, 0x12, 0x1C, 0x6B, 0xAF, 0x84,
    0xB1, 0xFE, 0xE1, 0xA9, 0xA9, 0x01, 0x20, 0xB1, 0x87, 0xAF, 0x68, 0x1B, 0x14, 0x01, 0x65, 0xBC,
    0xFE, 0xBA, 0xCC, 0x73, 0xA2, 0x54, 0x53, 0xA1, 0x75, 0x79, 0xA2, 0x52, 0x53, 0xA3, 0xFD, 0xA0,
    0x69, 0xB0, 0x6B, 0x4F, 0x2D, 0x59, 0x3B, 0x95, 0xAA, 0x01, 0x23, 0x38, 0x76, 0x50, 0xA7, 0x01,
    0x4D, 0xFB, 0xFD, 0x01, 0x5D, 0xB5, 0x5B, 0x7F, 0x38, 0xFE, 0xF9, 0xE7, 0xC5, 0xFE, 0xFE, 0x80,
    0x03, 0x92, 0x70, 0xD2, 0x93, 0x91, 0xDA, 0x79, 0x7E, 0xDB, 0x8B, 0x8D, 0xD3, 0x75, 0xFF, 0xFF,
    0x00, 0x7B, 0xFD, 0xA0, 0x06, 0x27, 0x08, 0x76, 0x06, 0x26, 0x00, 0x94, 0x00, 0x00, 0x00, 0x07,
    0x01, 0x41, 0x00, 0x81, 0x00, 0x00, 0xFF, 0xFF, 0x00, 0x7B, 0xFD, 0xA0, 0x06, 0x27, 0x08, 0x10,
    0x06, 0x26, 0x00, 0x94, 0x00, 0x00, 0x00, 0x07, 0x01, 0x45, 0x00, 0xCD, 0x00, 0x00, 0xFF, 0xFF,
    0x00, 0x7B, 0xFD, 0xA0, 0x06, 0x27, 0x08, 0x63, 0x06, 0x26, 0x00, 0x94, 0x00, 0x00, 0x00, 0x07,
    0x01, 0x46, 0x01, 0xE2, 0x00, 0x00, 0xFF, 0xFF, 0x00, 0x7B, 0xFD, 0xA0, 0x06, 0x27, 0x09, 0x46,
    0x06, 0x26, 0x00, 0x94, 0x00, 0x00, 0x00, 0x07, 0x01, 0x55, 0x01, 0xF8, 0x00, 0xDA, 0x00, 0x01,
    0x00, 0xBA, 0x00, 0x00, 0x06, 0x08, 0x08, 0x00, 0x00, 0x16, 0x00, 0x00, 0x41, 0x11, 0x21, 0x11,
    0x21, 0x11, 0x33, 0x36, 0x36, 0x33, 0x32, 0x16, 0x12, 0x15, 0x11, 0x21, 0x11, 0x34, 0x26, 0x23,
    0x22, 0x06, 0x06, 0x02, 0x24, 0xFE, 0x96, 0x01, 0x62, 0x12, 0x36, 0xE3, 0xB0, 0xA0, 0xEE, 0x83,
    0xFE, 0x96, 0x9F, 0x8F, 0x60, 0x97, 0x55, 0x03, 0x84, 0xFC, 0x7C, 0x08, 0x00, 0xFC, 0xFB, 0x82,
    0x97, 0x86, 0xFE, 0xFE, 0xBA, 0xFC, 0x2E, 0x03, 0x9A, 0x9B, 0xAD, 0x53, 0x9C, 0x00, 0x00, 0x02,
    0xFF, 0x8B, 0x00, 0x00, 0x06, 0x08, 0x08, 0x00, 0x00, 0x16, 0x00, 0x1A, 0x00, 0x00, 0x41, 0x11,
    0x21, 0x11, 0x21, 0x11, 0x33, 0x36, 0x36, 0x33, 0x32, 0x16, 0x12, 0x15, 0x11, 0x21, 0x11, 0x34,
    0x26, 0x23, 0x22, 0x06, 0x06, 0x01, 0x35, 0x21, 0x15, 0x02, 0x24, 0xFE, 0x96, 0x01, 0x62, 0x12,
    0x36, 0xE3, 0xB0, 0xA0, 0xEE, 0x83, 0xFE, 0x96, 0x9F, 0x8F, 0x60, 0x97, 0x55, 0xFD, 0x67, 0x03,
    0xBF, 0x03, 0x84, 0xFC, 0x7C, 0x08, 0x00, 0xFC, 0xFB, 0x82, 0x97, 0x86, 0xFE, 0xFE, 0xBA, 0xFC,
    0x2E, 0x03, 0x9A, 0x9B, 0xAD, 0x53, 0x9C, 0x02, 0x8E, 0xE5, 0xE5, 0x00, 0xFF, 0xFF, 0xFF, 0x65,
    0x00, 0x00, 0x06, 0x08, 0x0A, 0x76, 0x06, 0x26, 0x00, 0x99, 0x00, 0x00, 0x00, 0x07, 0x01, 0x41,
    0xFE, 0x8A, 0x02, 0x00, 0x00, 0x02, 0x00, 0x9E, 0x00, 0x00, 0x02, 0x42, 0x08, 0x63, 0x00, 0x03,
    0x00, 0x0F, 0x00, 0x00, 0x73, 0x11, 0x21, 0x11, 0x03, 0x22, 0x26, 0x35, 0x34, 0x36, 0x33, 0x32,
    0x16, 0x15, 0x14, 0x06, 0xBA, 0x01, 0x6A, 0xB4, 0x56, 0x7C, 0x7C, 0x56, 0x57, 0x7B, 0x7B, 0x06,
    0x00, 0xFA, 0x00, 0x06, 0xDA, 0x73, 0x51, 0x52, 0x73, 0x73, 0x52, 0x51, 0x73, 0x00, 0x00, 0x01,
    0x00, 0xBA, 0x00, 0x00, 0x02, 0x24, 0x06, 0x00, 0x00, 0x03, 0x00, 0x00, 0x73, 0x11, 0x21, 0x11,
    0xBA, 0x01, 0x6A, 0x06, 0x00, 0xFA, 0x00, 0x00, 0x00, 0x03, 0xFF, 0x83, 0x00, 0x00, 0x03, 0x5D,
    0x08, 0x5B, 0x00, 0x03, 0x00, 0x0F, 0x00, 0x1B, 0x00, 0x00, 0x73, 0x11, 0x21, 0x11, 0x01, 0x22,
    0x26, 0x35, 0x34, 0x36, 0x33, 0x32, 0x16, 0x15, 0x14, 0x06, 0x21, 0x22, 0x26, 0x35, 0x34, 0x36,
    0x33, 0x32, 0x16, 0x15, 0x14, 0x06, 0xBA, 0x01, 0x6A, 0xFE, 0x21, 0x4F, 0x73, 0x73, 0x4F, 0x51,
    0x6F, 0x6F, 0x02, 0x07, 0x4F, 0x73, 0x73, 0x4F, 0x51, 0x6F, 0x6F, 0x06, 0x00, 0xFA, 0x00, 0x06,
    0xE2, 0x70, 0x4C, 0x50, 0x6D, 0x6D, 0x50, 0x4C, 0x70, 0x70, 0x4C, 0x50, 0x6D, 0x6D, 0x50, 0x4C,
    0x70, 0x00, 0xFF, 0xFF, 0xFF, 0x93, 0x00, 0x00, 0x03, 0x95, 0x08, 0x47, 0x04, 0x26, 0x00, 0x9D,
    0x24, 0x00, 0x00, 0x07, 0x01, 0x42, 0xFE, 0xD4, 0x00, 0x00, 0xFF, 0xFF, 0xFF, 0xB9, 0x00, 0x00,
    0x02, 0x24, 0x08, 0x93, 0x06, 0x26, 0x00, 0x9D, 0x00, 0x00, 0x00, 0x07, 0x01, 0x3E, 0xFE, 0x1E,
    0x00, 0x00, 0xFF, 0xFF, 0x00, 0xBA, 0x00, 0x00, 0x03, 0x27, 0x08, 0x93, 0x06, 0x26, 0x00, 0x9D,
    0x00, 0x00, 0x00, 0x07, 0x01, 0x3C, 0xFE, 0xC7, 0x00, 0x00, 0xFF, 0xFF, 0xFF, 0x68, 0x00, 0x00,
    0x03, 0x78, 0x08, 0x76, 0x06, 0x26, 0x00, 0x9D, 0x00, 0x00, 0x00, 0x07, 0x01, 0x41, 0xFE, 0x8D,
    0x00, 0x00, 0xFF, 0xFF, 0xFF, 0x8F, 0x00, 0x00, 0x03, 0x51, 0x08, 0x00, 0x06, 0x26, 0x00, 0x9D,
    0x00, 0x00, 0x00, 0x07, 0x01, 0x44, 0xFE, 0x8B, 0x00, 0x00, 0xFF, 0xFF, 0xFF, 0x9D, 0x00, 0x00,
    0x03, 0x45, 0x08, 0x10, 0x06, 0x26, 0x00, 0x9D, 0x00, 0x00, 0x00, 0x07, 0x01, 0x45, 0xFE, 0xD9,
    0x00, 0x00, 0x00, 0x02, 0x00, 0x1B, 0xFD, 0xBA, 0x02, 0x42, 0x06, 0x00, 0x00, 0x03, 0x00, 0x18,
    0x00, 0x00, 0x73, 0x11, 0x21, 0x11, 0x03, 0x22, 0x26, 0x27, 0x26, 0x36, 0x36, 0x37, 0x17, 0x06,
    0x06, 0x17, 0x06, 0x16, 0x33, 0x32, 0x36, 0x37, 0x17, 0x06, 0x06, 0xBA, 0x01, 0x6A, 0xC1, 0x81,
    0xAD, 0x0F, 0x0B, 0x30, 0x7B, 0x67, 0xF7, 0x5D, 0x7F, 0x01, 0x01, 0x30, 0x34, 0x25, 0x3A, 0x14,
    0x23, 0x23, 0x71, 0x06, 0x00, 0xFA, 0x00, 0xFD, 0xBA, 0x88, 0x80, 0x4E, 0xA0, 0x8A, 0x2F, 0x69,
    0x34, 0x74, 0x4E, 0x30, 0x34, 0x14, 0x08, 0xCC, 0x15, 0x27, 0xFF, 0xFF, 0x00, 0x0E, 0xFD, 0xBA,
    0x02, 0x36, 0x08, 0x63, 0x06, 0x26, 0x00, 0xA5, 0xF3, 0x00, 0x00, 0x06, 0x01, 0x46, 0xE2, 0x00,
    0x00, 0x01, 0xFF, 0xC4, 0xFD, 0xC0, 0x02, 0x24, 0x06, 0x00, 0x00, 0x10, 0x00, 0x00, 0x53, 0x21,
    0x11, 0x14, 0x06, 0x06, 0x23, 0x22, 0x26, 0x27, 0x11, 0x16, 0x16, 0x33, 0x32, 0x36, 0x35, 0xBA,
    0x01, 0x6A, 0x7E, 0xEE, 0xAA, 0x14, 0x22, 0x14, 0x0F, 0x18, 0x0D, 0x68, 0x5A, 0x06, 0x00, 0xF9,
    0xA8, 0xA6, 0xD8, 0x6A, 0x01, 0x01, 0x01, 0x27, 0x01, 0x01, 0x65, 0x61, 0xFF, 0xFF, 0x00, 0x9E,
    0xFD, 0xC0, 0x05, 0x1D, 0x08, 0x63, 0x04, 0x26, 0x00, 0x9C, 0x00, 0x00, 0x00, 0x07, 0x00, 0xA9,
    0x02, 0xDE, 0x00, 0x00, 0x00, 0x02, 0xFF, 0xC4, 0xFD, 0xC0, 0x02, 0x3F, 0x08, 0x63, 0x00, 0x10,
    0x00, 0x1C, 0x00, 0x00, 0x53, 0x21, 0x11, 0x14, 0x06, 0x06, 0x23, 0x22, 0x26, 0x27, 0x11, 0x16,
    0x16, 0x33, 0x32, 0x36, 0x35, 0x13, 0x22, 0x26, 0x35, 0x34, 0x36, 0x33, 0x32, 0x16, 0x15, 0x14,
    0x06, 0xBA, 0x01, 0x6A, 0x7E, 0xEE, 0xAA, 0x14, 0x22, 0x14, 0x0F, 0x18, 0x0D, 0x68, 0x5A, 0xB4,
    0x57, 0x7B, 0x7B, 0x57, 0x56, 0x7B, 0x7B, 0x06, 0x00, 0xF9, 0xA8, 0xA6, 0xD8, 0x6A, 0x01, 0x01,
    0x01, 0x27, 0x01, 0x01, 0x65, 0x61, 0x07, 0x2D, 0x73, 0x51, 0x52, 0x73, 0x73, 0x52, 0x51, 0x73,
    0xFF, 0xFF, 0xFF, 0x66, 0xFD, 0xC0, 0x03, 0x76, 0x08, 0x76, 0x06, 0x26, 0x00, 0xA7, 0x00, 0x00,
    0x00, 0x07, 0x01, 0x41, 0xFE, 0x8A, 0x00, 0x00, 0x00, 0x03, 0x00, 0xBA, 0x00, 0x00, 0x06, 0x2F,
    0x08, 0x00, 0x00, 0x06, 0x00, 0x0A, 0x00, 0x0E, 0x00, 0x00, 0x41, 0x03, 0x33, 0x01, 0x21, 0x01,
    0x23, 0x01, 0x11, 0x21, 0x11, 0x21, 0x01, 0x37, 0x01, 0x02, 0x04, 0x01, 0x3A, 0x02, 0x28, 0x01,
    0xA7, 0xFD, 0x59, 0x4B, 0xFD, 0xA0, 0x01, 0x6A, 0x02, 0x5A, 0xFE, 0x0C, 0xF4, 0x02, 0xB1, 0x01,
    0xE2, 0x01, 0xB5, 0x02, 0x69, 0xFD, 0x0C, 0xFC, 0xF4, 0x08, 0x00, 0xF8, 0x00, 0x02, 0xBB, 0xFF,
    0xFC, 0x46, 0xFF, 0xFF, 0x00, 0xBA, 0xFD, 0x68, 0x06, 0x2F, 0x08, 0x00, 0x06, 0x26, 0x00, 0xAB,
    0x00, 0x00, 0x00, 0x07, 0x01, 0x4C, 0x01, 0xB5, 0x00, 0x00, 0x00, 0x01, 0x00, 0xBA, 0x00, 0x00,
    0x02, 0x24, 0x08, 0x00, 0x00, 0x03, 0x00, 0x00, 0x41, 0x11, 0x21, 0x11, 0x02, 0x24, 0xFE, 0x96,
    0x08, 0x00, 0xF8, 0x00, 0x08, 0x00, 0x00, 0x02, 0xFF, 0xF1, 0x00, 0x00, 0x02, 0xED, 0x08, 0x00,
    0x00, 0x03, 0x00, 0x07, 0x00, 0x00, 0x41, 0x15, 0x01, 0x35, 0x01, 0x11, 0x21, 0x11, 0x02, 0xED,
    0xFD, 0x04, 0x02, 0x33, 0xFE, 0x96, 0x05, 0x23, 0xD8, 0xFE, 0xFF, 0xD8, 0x03, 0xDE, 0xF8, 0x00,
    0x08, 0x00, 0xFF, 0xFF, 0x00, 0xC0, 0x00, 0x00, 0x04, 0x4C, 0x08, 0x00, 0x04, 0x26, 0x00, 0xAD,
    0x06, 0x00, 0x00, 0x07, 0x01, 0x46, 0x01, 0xF9, 0xFC, 0xCD, 0xFF, 0xFF, 0x00, 0xBA, 0x00, 0x00,
    0x03, 0x25, 0x0A, 0x93, 0x06, 0x26, 0x00, 0xAD, 0x00, 0x00, 0x00, 0x07, 0x01, 0x3C, 0xFE, 0xC5,
    0x02, 0x00, 0xFF, 0xFF, 0x00, 0x4D, 0xFD, 0x68, 0x02, 0x24, 0x08, 0x00, 0x06, 0x26, 0x00, 0xAD,
    0x00, 0x00, 0x00, 0x06, 0x01, 0x4C, 0xEF, 0x00, 0xFF, 0xFF, 0x00, 0xBA, 0x00, 0x00, 0x04, 0x00,
    0x08, 0x66, 0x04, 0x26, 0x00, 0xAD, 0x00, 0x00, 0x00, 0x07, 0x01, 0x54, 0x01, 0xF1, 0x00, 0x00,
    0x00, 0x01, 0x00, 0xBA, 0x00, 0x00, 0x09, 0x2A, 0x06, 0x14, 0x00, 0x25, 0x00, 0x00, 0x73, 0x11,
    0x21, 0x11, 0x33, 0x36, 0x36, 0x33, 0x32, 0x16, 0x17, 0x33, 0x36, 0x36, 0x33, 0x32, 0x00, 0x11,
    0x11, 0x21, 0x11, 0x34, 0x26, 0x23, 0x22, 0x06, 0x15, 0x11, 0x21, 0x11, 0x34, 0x26, 0x23, 0x22,
    0x06, 0x06, 0x15, 0x11, 0xBA, 0x01, 0x5A, 0x12, 0x30, 0xDE, 0x9A, 0x9C, 0xD7, 0x2C, 0x10, 0x33,
    0xF3, 0xA7, 0xD4, 0x01, 0x0C, 0xFE, 0x95, 0x98, 0x6E, 0x83, 0x93, 0xFE, 0x9D, 0x8F, 0x73, 0x4E,
    0x80, 0x4C, 0x06, 0x00, 0xFE, 0xFB, 0x84, 0x95, 0x97, 0x82, 0x80, 0x99, 0xFE, 0xF4, 0xFE, 0xFF,
    0xFB, 0xF9, 0x03, 0xCF, 0x8F, 0x85, 0xA3, 0x82, 0xFC, 0x42, 0x03, 0xDE, 0x77, 0x8E, 0x4F, 0x8F,
    0x5F, 0xFC, 0x5A, 0x00, 0x00, 0x01, 0x00, 0xBA, 0x00, 0x00, 0x05, 0xFF, 0x06, 0x14, 0x00, 0x16,
    0x00, 0x00, 0x41, 0x11, 0x21, 0x11, 0x21, 0x11, 0x33, 0x36, 0x36, 0x33, 0x32, 0x16, 0x12, 0x07,
    0x11, 0x21, 0x11, 0x34, 0x26, 0x23, 0x22, 0x06, 0x06, 0x02, 0x24, 0xFE, 0x96, 0x01, 0x5A, 0x12,
    0x35, 0xE9, 0xAC, 0x9F, 0xED, 0x83, 0x01, 0xFE, 0x96, 0x9F, 0x8C, 0x5F, 0x93, 0x53, 0x03, 0x84,
    0xFC, 0x7C, 0x06, 0x00, 0xFE, 0xFB, 0x81, 0x98, 0x88, 0xFE, 0xFE, 0xB8, 0xFC, 0x2E, 0x03, 0x9A,
    0x9A, 0xAE, 0x53, 0x9C, 0xFF, 0xFF, 0x00, 0xBA, 0x00, 0x00, 0x05, 0xFF, 0x08, 0x47, 0x06, 0x26,
    0x00, 0xB4, 0x00, 0x00, 0x00, 0x07, 0x01, 0x42, 0x00, 0x9B, 0x00, 0x00, 0x00, 0x02, 0x00, 0xBA,
    0xFD, 0xC0, 0x05, 0xFF, 0x06, 0x14, 0x00, 0x10, 0x00, 0x27, 0x00, 0x00, 0x65, 0x21, 0x15, 0x14,
    0x06, 0x06, 0x23, 0x22, 0x26, 0x27, 0x13, 0x16, 0x16, 0x33, 0x32, 0x36, 0x35, 0x01, 0x11, 0x21,
    0x11, 0x21, 0x11, 0x33, 0x36, 0x36, 0x33, 0x32, 0x16, 0x12, 0x07, 0x11, 0x21, 0x11, 0x34, 0x26,
    0x23, 0x22, 0x06, 0x06, 0x04, 0x94, 0x01, 0x6A, 0x7F, 0xE1, 0x93, 0x31, 0x5F, 0x2D, 0x14, 0x17,
    0x37, 0x1F, 0x59, 0x6C, 0xFD, 0x90, 0xFE, 0x96, 0x01, 0x5A, 0x12, 0x35, 0xE9, 0xAC, 0x9F, 0xED,
    0x83, 0x01, 0xFE, 0x96, 0x9F, 0x8C, 0x5F, 0x93, 0x53, 0x0D, 0x6F, 0x9D, 0xD5, 0x6C, 0x05, 0x0A,
    0x01, 0x2A, 0x06, 0x07, 0x50, 0x62, 0x03, 0xE6, 0xFC, 0x7C, 0x06, 0x00, 0xFE, 0xFB, 0x81, 0x98,
    0x88, 0xFE, 0xFE, 0xB8, 0xFC, 0x2E, 0x03, 0x9A, 0x9A, 0xAE, 0x53, 0x9C, 0xFF, 0xFF, 0x00, 0xBA,
    0x00, 0x00, 0x05, 0xFF, 0x08, 0x93, 0x06, 0x26, 0x00, 0xB4, 0x00, 0x00, 0x00, 0x07, 0x01, 0x3C,
    0x00, 0xB2, 0x00, 0x00, 0xFF, 0xFF, 0x00, 0xBA, 0xFD, 0x68, 0x05, 0xFF, 0x06, 0x14, 0x06, 0x26,
    0x00, 0xB4, 0x00, 0x00, 0x00, 0x07, 0x01, 0x4C, 0x01, 0xDB, 0x00, 0x00, 0xFF, 0xFF, 0x00, 0xBA,
    0x00, 0x00, 0x05, 0xFF, 0x08, 0x76, 0x06, 0x26, 0x00, 0xB4, 0x00, 0x00, 0x00, 0x07, 0x01, 0x49,
    0x00, 0x78, 0x00, 0x00, 0x00, 0x02, 0x00, 0x78, 0xFF, 0xE2, 0x06, 0x38, 0x06, 0x14, 0x00, 0x0F,
    0x00, 0x1F, 0x00, 0x00, 0x45, 0x22, 0x24, 0x02, 0x35, 0x34, 0x12, 0x24, 0x33, 0x32, 0x04, 0x12,
    0x15, 0x14, 0x02, 0x04, 0x03, 0x32, 0x36, 0x36, 0x35, 0x34, 0x26, 0x26, 0x23, 0x22, 0x06, 0x06,
    0x15, 0x14, 0x16, 0x16, 0x03, 0x58, 0xE1, 0xFE, 0xB6, 0xB5, 0xB5, 0x01, 0x4A, 0xE1, 0xE1, 0x01,
    0x4A, 0xB5, 0xB5, 0xFE, 0xB6, 0xDF, 0x7A, 0xA4, 0x51, 0x51, 0xA4, 0x7A, 0x7D, 0xA5, 0x51, 0x51,
    0xA5, 0x1E, 0xC6, 0x01, 0x64, 0xEE, 0xEE, 0x01, 0x66, 0xC6, 0xC6, 0xFE, 0x9A, 0xEE, 0xEE, 0xFE,
    0x9C, 0xC6, 0x01, 0x22, 0x87, 0xE4, 0x8C, 0x8D, 0xE5, 0x88, 0x88, 0xE5, 0x8D, 0x8C, 0xE4, 0x87,
    0x00, 0x04, 0x00, 0x78, 0xFF, 0xE2, 0x06, 0x38, 0x08, 0x5B, 0x00, 0x0F, 0x00, 0x1F, 0x00, 0x2B,
    0x00, 0x37, 0x00, 0x00, 0x45, 0x22, 0x24, 0x02, 0x35, 0x34, 0x12, 0x24, 0x33, 0x32, 0x04, 0x12,
    0x15, 0x14, 0x02, 0x04, 0x03, 0x32, 0x36, 0x36, 0x35, 0x34, 0x26, 0x26, 0x23, 0x22, 0x06, 0x06,
    0x15, 0x14, 0x16, 0x16, 0x03, 0x22, 0x26, 0x35, 0x34, 0x36, 0x33, 0x32, 0x16, 0x15, 0x14, 0x06,
    0x21, 0x22, 0x26, 0x35, 0x34, 0x36, 0x33, 0x32, 0x16, 0x15, 0x14, 0x06, 0x03, 0x58, 0xE1, 0xFE,
    0xB6, 0xB5, 0xB5, 0x01, 0x4A, 0xE1, 0xE1, 0x01, 0x4A, 0xB5, 0xB5, 0xFE, 0xB6, 0xDF, 0x7A, 0xA4,
    0x51, 0x51, 0xA4, 0x7A, 0x7D, 0xA5, 0x51, 0x51, 0xA5, 0xB0, 0x4F, 0x73, 0x73, 0x4F, 0x51, 0x6F,
    0x6F, 0x02, 0x07, 0x4F, 0x73, 0x73, 0x4F, 0x51, 0x6F, 0x6F, 0x1E, 0xC6, 0x01, 0x64, 0xEE, 0xEE,
    0x01, 0x66, 0xC6, 0xC6, 0xFE, 0x9A, 0xEE, 0xEE, 0xFE, 0x9C, 0xC6, 0x01, 0x22, 0x87, 0xE4, 0x8C,
    0x8D, 0xE5, 0x88, 0x88, 0xE5, 0x8D, 0x8C, 0xE4, 0x87, 0x05, 0xDE, 0x70, 0x4C, 0x50, 0x6D, 0x6D,
    0x50, 0x4C, 0x70, 0x70, 0x4C, 0x50, 0x6D, 0x6D, 0x50, 0x4C, 0x70, 0x00, 0xFF, 0xFF, 0x00, 0x78,
    0xFF, 0xE2, 0x06, 0x38, 0x08, 0x47, 0x06, 0x26, 0x00, 0xBA, 0x00, 0x00, 0x00, 0x07, 0x01, 0x42,
    0x00, 0x98, 0x00, 0x00, 0x00, 0x03, 0x00, 0x78, 0xFF, 0xA2, 0x06, 0x38, 0x06, 0x52, 0x00, 0x03,
    0x00, 0x13, 0x00, 0x23, 0x00, 0x00, 0x45, 0x27, 0x01, 0x17, 0x01, 0x22, 0x24, 0x02, 0x35, 0x34,
    0x12, 0x24, 0x33, 0x32, 0x04, 0x12, 0x15, 0x14, 0x02, 0x04, 0x03, 0x32, 0x36, 0x36, 0x35, 0x34,
    0x26, 0x26, 0x23, 0x22, 0x06, 0x06, 0x15, 0x14, 0x16, 0x16, 0x01, 0x8F, 0xB5, 0x04, 0x45, 0xB7,
    0xFD, 0x82, 0xE1, 0xFE, 0xB6, 0xB5, 0xB5, 0x01, 0x4A, 0xE1, 0xE1, 0x01, 0x4A, 0xB5, 0xB5, 0xFE,
    0xB6, 0xDF, 0x7A, 0xA4, 0x51, 0x51, 0xA4, 0x7A, 0x7D, 0xA5, 0x51, 0x51, 0xA5, 0x5E, 0x7C, 0x06,
    0x34, 0x7C, 0xFA, 0x0A, 0xC6, 0x01, 0x65, 0xED, 0xEE, 0x01, 0x66, 0xC6, 0xC6, 0xFE, 0x9A, 0xEE,
    0xED, 0xFE, 0x9B, 0xC6, 0x01, 0x22, 0x87, 0xE4, 0x8D, 0x8C, 0xE5, 0x88, 0x88, 0xE5, 0x8C, 0x8D,
    0xE4, 0x87, 0xFF, 0xFF, 0x00, 0x78, 0xFF, 0xE2, 0x06, 0x38, 0x08, 0x93, 0x06, 0x26, 0x00, 0xBA,
    0x00, 0x00, 0x00, 0x06, 0x01, 0x3E, 0x06, 0x00, 0xFF, 0xFF, 0x00, 0x78, 0xFF, 0xE2, 0x06, 0x38,
    0x08, 0x93, 0x06, 0x26, 0x00, 0xBA, 0x00, 0x00, 0x00, 0x07, 0x01, 0x3C, 0x00, 0xAF, 0x00, 0x00,
    0xFF, 0xFF, 0x00, 0x78, 0xFF, 0xE2, 0x06, 0x38, 0x08, 0x76, 0x06, 0x26, 0x00, 0xBA, 0x00, 0x00,
    0x00, 0x07, 0x01, 0x41, 0x00, 0x75, 0x00, 0x00, 0xFF, 0xFF, 0x00, 0x78, 0xFF, 0xE2, 0x06, 0x38,
    0x08, 0x00, 0x06, 0x26, 0x00, 0xBA, 0x00, 0x00, 0x00, 0x07, 0x01, 0x44, 0x00, 0x73, 0x00, 0x00,
    0xFF, 0xFF, 0x00, 0x78, 0xFF, 0xE2, 0x06, 0x38, 0x08, 0x10, 0x06, 0x26, 0x00, 0xBA, 0x00, 0x00,
    0x00, 0x07, 0x01, 0x45, 0x00, 0xC1, 0x00, 0x00, 0xFF, 0xFF, 0x00, 0x78, 0xFF, 0xE2, 0x06, 0x38,
    0x08, 0x50, 0x06, 0x26, 0x00, 0xBA, 0x00, 0x00, 0x00, 0x07, 0x01, 0x3D, 0x01, 0x5F, 0x00, 0x10,
    0xFF, 0xFF, 0x00, 0x7B, 0xFF, 0xE2, 0x0A, 0x6F, 0x06, 0x14, 0x04, 0x26, 0x00, 0xBA, 0x03, 0x00,
    0x00, 0x07, 0x00, 0x89, 0x04, 0x62, 0x00, 0x00, 0x00, 0x02, 0x00, 0xBA, 0xFD, 0xC0, 0x06, 0x64,
    0x06, 0x14, 0x00, 0x16, 0x00, 0x26, 0x00, 0x00, 0x53, 0x11, 0x21, 0x15, 0x33, 0x3E, 0x02, 0x33,
    0x32, 0x04, 0x12, 0x11, 0x14, 0x02, 0x04, 0x23, 0x22, 0x26, 0x26, 0x27, 0x23, 0x11, 0x03, 0x14,
    0x16, 0x16, 0x33, 0x32, 0x36, 0x36, 0x35, 0x34, 0x26, 0x26, 0x23, 0x22, 0x06, 0x06, 0xBA, 0x01,
    0x64, 0x15, 0x1C, 0x66, 0xAE, 0x87, 0xB2, 0x01, 0x1F, 0xA9, 0xA6, 0xFE, 0xE2, 0xB5, 0x84, 0xAE,
    0x69, 0x1D, 0x0F, 0x07, 0x55, 0xA1, 0x73, 0x78, 0xA2, 0x53, 0x52, 0xA2, 0x79, 0x74, 0xA2, 0x53,
    0xFD, 0xC0, 0x08, 0x40, 0xFE, 0x38, 0x7F, 0x5B, 0xB5, 0xFE, 0x9F, 0xFF, 0x00, 0xFD, 0xFE, 0x9E,
    0xBA, 0x58, 0x7D, 0x38, 0xFC, 0xCE, 0x05, 0x40, 0x95, 0xE0, 0x7D, 0x81, 0xE1, 0x90, 0x8F, 0xDE,
    0x7E, 0x7A, 0xDC, 0x00, 0x00, 0x02, 0x00, 0x7B, 0xFD, 0xC0, 0x06, 0x26, 0x06, 0x14, 0x00, 0x16,
    0x00, 0x26, 0x00, 0x00, 0x41, 0x11, 0x23, 0x0E, 0x02, 0x23, 0x22, 0x24, 0x02, 0x35, 0x10, 0x12,
    0x24, 0x33, 0x32, 0x16, 0x16, 0x17, 0x33, 0x35, 0x21, 0x11, 0x01, 0x32, 0x36, 0x36, 0x35, 0x34,
    0x26, 0x26, 0x23, 0x22, 0x06, 0x06, 0x15, 0x14, 0x16, 0x16, 0x04, 0xBB, 0x0F, 0x1C, 0x6A, 0xAE,
    0x84, 0xB5, 0xFE, 0xE2, 0xA6, 0xA9, 0x01, 0x20, 0xB1, 0x87, 0xAE, 0x66, 0x1C, 0x16, 0x01, 0x64,
    0xFD, 0x33, 0x73, 0xA2, 0x54, 0x53, 0xA1, 0x75, 0x79, 0xA2, 0x52, 0x53, 0xA3, 0xFD, 0xC0, 0x03,
    0x32, 0x38, 0x7D, 0x58, 0xBA, 0x01, 0x62, 0xFD, 0x01, 0x00, 0x01, 0x61, 0xB5, 0x5B, 0x7F, 0x38,
    0xFE, 0xF7, 0xC0, 0x03, 0x4E, 0x7D, 0xE0, 0x95, 0x95, 0xDC, 0x7A, 0x7E, 0xDE, 0x8F, 0x90, 0xE1,
    0x81, 0x00, 0x00, 0x01, 0x00, 0xBA, 0x00, 0x00, 0x04, 0x26, 0x06, 0x16, 0x00, 0x13, 0x00, 0x00,
    0x73, 0x11, 0x21, 0x11, 0x33, 0x36, 0x36, 0x33, 0x32, 0x16, 0x17, 0x11, 0x26, 0x26, 0x23, 0x22,
    0x06, 0x06, 0x15, 0x11, 0xBA, 0x01, 0x5F, 0x10, 0x2A, 0xCD, 0x84, 0x1E, 0x4B, 0x19, 0x17, 0x63,
    0x2E, 0x63, 0x9D, 0x5A, 0x06, 0x00, 0xFF, 0x00, 0x85, 0x91, 0x05, 0x05, 0xFE, 0xB3, 0x08, 0x0D,
    0x55, 0x96, 0x62, 0xFC, 0x79, 0x00, 0xFF, 0xFF, 0x00, 0xBA, 0x00, 0x00, 0x04, 0x26, 0x08, 0x93,
    0x06, 0x26, 0x00, 0xC7, 0x00, 0x00, 0x00, 0x06, 0x01, 0x3C, 0xBD, 0x00, 0xFF, 0xFF, 0x00, 0x4D,
    0xFD, 0x68, 0x04, 0x26, 0x06, 0x16, 0x06, 0x26, 0x00, 0xC7, 0x00, 0x00, 0x00, 0x06, 0x01, 0x4C,
    0xEF, 0x00, 0xFF, 0xFF, 0x00, 0x5E, 0x00, 0x00, 0x04, 0x6E, 0x08, 0x76, 0x06, 0x26, 0x00, 0xC7,
    0x00, 0x00, 0x00, 0x06, 0x01, 0x49, 0x82, 0x00, 0x00, 0x01, 0x00, 0x76, 0xFF, 0xE2, 0x05, 0x99,
    0x06, 0x14, 0x00, 0x2A, 0x00, 0x00, 0x41, 0x05, 0x2E, 0x02, 0x23, 0x22, 0x06, 0x17, 0x06, 0x16,
    0x17, 0x05, 0x16, 0x16, 0x17, 0x06, 0x06, 0x04, 0x23, 0x20, 0x24, 0x27, 0x25, 0x16, 0x16, 0x33,
    0x32, 0x36, 0x35, 0x34, 0x26, 0x27, 0x25, 0x26, 0x26, 0x37, 0x26, 0x36, 0x24, 0x33, 0x20, 0x04,
    0x05, 0x78, 0xFE, 0xB6, 0x0E, 0x45, 0x74, 0x54, 0x71, 0x99, 0x01, 0x01, 0x65, 0x75, 0x01, 0x06,
    0xDA, 0xD5, 0x01, 0x01, 0xA7, 0xFE, 0xD8, 0xC0, 0xFE, 0xE6, 0xFE, 0xA8, 0x21, 0x01, 0x61, 0x18,
    0x9C, 0x7D, 0x81, 0x9D, 0x65, 0x6A, 0xFE, 0xFA, 0xDD, 0xD4, 0x01, 0x01, 0x9D, 0x01, 0x19, 0xB8,
    0x01, 0x0E, 0x01, 0x37, 0x04, 0x6A, 0x24, 0x32, 0x58, 0x36, 0x62, 0x4E, 0x43, 0x54, 0x1B, 0x38,
    0x2F, 0xCC, 0xA5, 0x91, 0xDD, 0x7C, 0xED, 0xD4, 0x22, 0x68, 0x6A, 0x6A, 0x4E, 0x42, 0x56, 0x17,
    0x37, 0x2E, 0xDB, 0xA8, 0x8E, 0xD1, 0x73, 0xE6, 0xFF, 0xFF, 0x00, 0x76, 0xFF, 0xE2, 0x05, 0x99,
    0x08, 0x93, 0x06, 0x26, 0x00, 0xCB, 0x00, 0x00, 0x00, 0x06, 0x01, 0x3C, 0x6C, 0x00, 0xFF, 0xFF,
    0x00, 0x76, 0xFF, 0xE2, 0x05, 0x99, 0x08, 0x76, 0x06, 0x26, 0x00, 0xCB, 0x00, 0x00, 0x00, 0x06,
    0x01, 0x41, 0x32, 0x00, 0xFF, 0xFF, 0x00, 0x76, 0xFD, 0x88, 0x05, 0x99, 0x06, 0x14, 0x06, 0x26,
    0x00, 0xCB, 0x00, 0x00, 0x00, 0x07, 0x01, 0x4A, 0x01, 0x31, 0x00, 0x00, 0xFF, 0xFF, 0x00, 0x76,
    0xFF, 0xE2, 0x05, 0x99, 0x08, 0x76, 0x06, 0x26, 0x00, 0xCB, 0x00, 0x00, 0x00, 0x06, 0x01, 0x49,
    0x32, 0x00, 0x00, 0x01, 0x00, 0xCA, 0x00, 0x00, 0x06, 0x98, 0x08, 0x1C, 0x00, 0x2C, 0x00, 0x00,
    0x73, 0x11, 0x34, 0x36, 0x24, 0x33, 0x32, 0x04, 0x16, 0x15, 0x14, 0x06, 0x07, 0x15, 0x16, 0x12,
    0x07, 0x14, 0x06, 0x04, 0x23, 0x23, 0x11, 0x33, 0x32, 0x36, 0x36, 0x35, 0x26, 0x26, 0x23, 0x23,
    0x11, 0x33, 0x32, 0x36, 0x36, 0x37, 0x34, 0x26, 0x23, 0x22, 0x06, 0x15, 0x11, 0xCA, 0xA6, 0x01,
    0x2D, 0xC8, 0xBD, 0x01, 0x38, 0xB8, 0xA5, 0x8B, 0xC6, 0xF0, 0x01, 0xA1, 0xFE, 0xE1, 0xBD, 0xFF,
    0xD3, 0x60, 0x8E, 0x4E, 0x01, 0xBE, 0xA2, 0xA6, 0x72, 0x52, 0x78, 0x42, 0x01, 0xA3, 0x90, 0x8B,
    0xB0, 0x05, 0xE9, 0xAF, 0xFD, 0x87, 0x7E, 0xF3, 0xB1, 0xA4, 0xE6, 0x2A, 0x16, 0x0F, 0xFE, 0xEA,
    0xD7, 0xAE, 0xFD, 0x89, 0x01, 0x31, 0x48, 0x81, 0x55, 0x85, 0xA6, 0x01, 0x28, 0x51, 0x85, 0x4D,
    0x7B, 0xA5, 0xA2, 0x84, 0xFA, 0x41, 0x00, 0x02, 0x00, 0x46, 0xFF, 0xE7, 0x03, 0xD5, 0x07, 0x70,
    0x00, 0x03, 0x00, 0x15, 0x00, 0x00, 0x41, 0x11, 0x21, 0x11, 0x13, 0x21, 0x11, 0x14, 0x16, 0x16,
    0x33, 0x32, 0x36, 0x37, 0x13, 0x06, 0x06, 0x07, 0x06, 0x26, 0x26, 0x37, 0x03, 0xB9, 0xFC, 0x8D,
    0xDA, 0x01, 0x6A, 0x2D, 0x4A, 0x2D, 0x22, 0x39, 0x0F, 0x3D, 0x1D, 0x6B, 0x4D, 0x88, 0xDA, 0x7F,
    0x01, 0x06, 0x00, 0xFE, 0xE8, 0x01, 0x18, 0x01, 0x70, 0xFA, 0x5E, 0x49, 0x4D, 0x1C, 0x0A, 0x04,
    0xFE, 0xE5, 0x0A, 0x18, 0x02, 0x04, 0x5B, 0xC0, 0x90, 0x00, 0x00, 0x03, 0x00, 0x46, 0xFF, 0xE7,
    0x03, 0xD5, 0x07, 0x70, 0x00, 0x03, 0x00, 0x07, 0x00, 0x19, 0x00, 0x00, 0x53, 0x35, 0x21, 0x15,
    0x11, 0x11, 0x21, 0x11, 0x13, 0x21, 0x11, 0x14, 0x16, 0x16, 0x33, 0x32, 0x36, 0x37, 0x13, 0x06,
    0x06, 0x07, 0x06, 0x26, 0x26, 0x37, 0x46, 0x03, 0x73, 0xFC, 0x8D, 0xDA, 0x01, 0x6A, 0x2D, 0x4A,
    0x2D, 0x22, 0x39, 0x0F, 0x3D, 0x1D, 0x6B, 0x4D, 0x88, 0xDA, 0x7F, 0x01, 0x03, 0x1A, 0xC4, 0xC4,
    0x02, 0xE6, 0xFE, 0xE8, 0x01, 0x18, 0x01, 0x70, 0xFA, 0x5E, 0x49, 0x4D, 0x1C, 0x0A, 0x04, 0xFE,
    0xE5, 0x0A, 0x18, 0x02, 0x04, 0x5B, 0xC0, 0x90, 0xFF, 0xFF, 0x00, 0x46, 0xFD, 0x88, 0x04, 0x08,
    0x07, 0x70, 0x06, 0x26, 0x00, 0xD1, 0x00, 0x00, 0x00, 0x07, 0x01, 0x4A, 0x00, 0xF5, 0x00, 0x00,
    0xFF, 0xFF, 0x00, 0x46, 0xFF, 0xE7, 0x04, 0x5E, 0x08, 0xCA, 0x06, 0x26, 0x00, 0xD1, 0x00, 0x00,
    0x00, 0x07, 0x01, 0x54, 0x02, 0x4F, 0x00, 0x64, 0x00, 0x01, 0x00, 0xBA, 0xFF, 0xEC, 0x05, 0xF7,
    0x06, 0x00, 0x00, 0x16, 0x00, 0x00, 0x41, 0x11, 0x21, 0x11, 0x21, 0x11, 0x23, 0x06, 0x06, 0x23,
    0x22, 0x26, 0x02, 0x35, 0x11, 0x21, 0x11, 0x14, 0x16, 0x33, 0x32, 0x36, 0x36, 0x04, 0x8D, 0x01,
    0x6A, 0xFE, 0xA1, 0x10, 0x34, 0xED, 0xAD, 0x97, 0xE7, 0x82, 0x01, 0x6A, 0xA0, 0x82, 0x50, 0x96,
    0x61, 0x02, 0x86, 0x03, 0x7A, 0xFA, 0x00, 0x01, 0x11, 0x81, 0xA4, 0x87, 0x01, 0x03, 0xB8, 0x03,
    0xD2, 0xFC, 0x66, 0x92, 0xAC, 0x4E, 0x9B, 0x00, 0xFF, 0xFF, 0x00, 0xBA, 0xFF, 0xEC, 0x05, 0xF7,
    0x08, 0x5B, 0x06, 0x26, 0x00, 0xD5, 0x00, 0x00, 0x00, 0x06, 0x01, 0x3F, 0x4F, 0x00, 0xFF, 0xFF,
    0x00, 0xBA, 0xFF, 0xEC, 0x05, 0xF7, 0x08, 0x47, 0x06, 0x26, 0x00, 0xD5, 0x00, 0x00, 0x00, 0x07,
    0x01, 0x42, 0x00, 0x9A, 0x00, 0x00, 0x00, 0x01, 0x00, 0xBA, 0xFD, 0xCD, 0x06, 0x72, 0x06, 0x00,
    0x00, 0x19, 0x00, 0x00, 0x53, 0x11, 0x21, 0x11, 0x14, 0x16, 0x16, 0x33, 0x32, 0x36, 0x36, 0x27,
    0x11, 0x21, 0x11, 0x21, 0x35, 0x23, 0x06, 0x06, 0x23, 0x22, 0x26, 0x27, 0x23, 0x11, 0xBA, 0x01,
    0x6A, 0x5D, 0xA6, 0x6F, 0x6E, 0xA7, 0x5D, 0x01, 0x01, 0x6B, 0xFE, 0xA0, 0x0C, 0x33, 0xC6, 0x77,
    0x78, 0xC5, 0x34, 0x0C, 0xFD, 0xCD, 0x08, 0x33, 0xFC, 0x86, 0x68, 0x9E, 0x58, 0x59, 0x9E, 0x67,
    0x03, 0x7A, 0xFA, 0x00, 0xDE, 0x6B, 0x74, 0x74, 0x6B, 0xFC, 0xEF, 0x00, 0xFF, 0xFF, 0x00, 0xBA,
    0xFF, 0xEC, 0x05, 0xF7, 0x08, 0x93, 0x06, 0x26, 0x00, 0xD5, 0x00, 0x00, 0x00, 0x06, 0x01, 0x3E,
    0x08, 0x00, 0xFF, 0xFF, 0x00, 0xBA, 0xFF, 0xEC, 0x05, 0xF7, 0x08, 0x93, 0x06, 0x26, 0x00, 0xD5,
    0x00, 0x00, 0x00, 0x07, 0x01, 0x3C, 0x00, 0xB2, 0x00, 0x00, 0xFF, 0xFF, 0x00, 0xBA, 0xFF, 0xEC,
    0x05, 0xF7, 0x08, 0x76, 0x06, 0x26, 0x00, 0xD5, 0x00, 0x00, 0x00, 0x07, 0x01, 0x41, 0x00, 0x77,
    0x00, 0x00, 0xFF, 0xFF, 0x00, 0xBA, 0xFF, 0xEC, 0x05, 0xF7, 0x08, 0x00, 0x06, 0x26, 0x00, 0xD5,
    0x00, 0x00, 0x00, 0x07, 0x01, 0x44, 0x00, 0x76, 0x00, 0x00, 0xFF, 0xFF, 0x00, 0xBA, 0xFF, 0xEC,
    0x05, 0xF7, 0x08, 0x10, 0x06, 0x26, 0x00, 0xD5, 0x00, 0x00, 0x00, 0x07, 0x01, 0x45, 0x00, 0xC3,
    0x00, 0x00, 0xFF, 0xFF, 0x00, 0xBA, 0xFF, 0xEC, 0x05, 0xF7, 0x09, 0x46, 0x06, 0x26, 0x00, 0xD5,
    0x00, 0x00, 0x00, 0x07, 0x01, 0x47, 0x01, 0x5F, 0x00, 0x00, 0xFF, 0xFF, 0x00, 0xBA, 0xFF, 0xEC,
    0x06, 0x22, 0x08, 0x50, 0x06, 0x26, 0x00, 0xD5, 0x00, 0x00, 0x00, 0x07, 0x01, 0x3D, 0x01, 0x62,
    0x00, 0x10, 0xFF, 0xFF, 0x00, 0xBA, 0xFD, 0xBA, 0x06, 0x16, 0x06, 0x00, 0x06, 0x26, 0x00, 0xD5,
    0x00, 0x00, 0x00, 0x07, 0x01, 0x4B, 0x03, 0x74, 0x00, 0x00, 0x00, 0x01, 0x00, 0x40, 0x00, 0x00,
    0x06, 0x16, 0x06, 0x00, 0x00, 0x07, 0x00, 0x00, 0x41, 0x01, 0x21, 0x01, 0x21, 0x01, 0x33, 0x01,
    0x06, 0x16, 0xFD, 0xDD, 0xFE, 0x70, 0xFD, 0xDD, 0x01, 0x82, 0x01, 0x61, 0x10, 0x01, 0x62, 0x06,
    0x00, 0xFA, 0x00, 0x06, 0x00, 0xFB, 0x8B, 0x04, 0x75, 0x00, 0x00, 0x01, 0x00, 0x45, 0x00, 0x00,
    0x08, 0xF2, 0x06, 0x00, 0x00, 0x0F, 0x00, 0x00, 0x61, 0x01, 0x21, 0x01, 0x33, 0x01, 0x21, 0x01,
    0x33, 0x01, 0x21, 0x01, 0x21, 0x01, 0x23, 0x01, 0x01, 0xF7, 0xFE, 0x4E, 0x01, 0x71, 0x01, 0x0E,
    0x0E, 0x01, 0x14, 0x01, 0x6D, 0x01, 0x14, 0x0F, 0x01, 0x0A, 0x01, 0x72, 0xFE, 0x4D, 0xFE, 0x87,
    0xFE, 0xE0, 0x15, 0xFE, 0xE0, 0x06, 0x00, 0xFB, 0xC8, 0x04, 0x38, 0xFB, 0xCE, 0x04, 0x32, 0xFA,
    0x00, 0x04, 0x0E, 0xFB, 0xF2, 0x00, 0xFF, 0xFF, 0x00, 0x45, 0x00, 0x00, 0x08, 0xF2, 0x08, 0x76,
    0x06, 0x26, 0x00, 0xE2, 0x00, 0x00, 0x00, 0x07, 0x01, 0x41, 0x01, 0xB8, 0x00, 0x00, 0x00, 0x01,
    0x00, 0x56, 0x00, 0x00, 0x05, 0xDA, 0x06, 0x00, 0x00, 0x0B, 0x00, 0x00, 0x49, 0x02, 0x21, 0x01,
    0x01, 0x21, 0x01, 0x01, 0x21, 0x01, 0x01, 0x01, 0xE2, 0x01, 0x36, 0x01, 0x3B, 0x01, 0x7F, 0xFE,
    0x31, 0x01, 0xD7, 0xFE, 0x83, 0xFE, 0xBB, 0xFE, 0xBE, 0xFE, 0x80, 0x01, 0xD4, 0xFE, 0x38, 0x06,
    0x00, 0xFD, 0xC9, 0x02, 0x37, 0xFD, 0x00, 0xFD, 0x00, 0x02, 0x29, 0xFD, 0xD7, 0x03, 0x00, 0x03,
    0x00, 0x00, 0x00, 0x01, 0x00, 0x40, 0xFD, 0xC0, 0x06, 0x16, 0x06, 0x00, 0x00, 0x13, 0x00, 0x00,
    0x41, 0x22, 0x26, 0x27, 0x13, 0x16, 0x36, 0x36, 0x37, 0x37, 0x01, 0x21, 0x01, 0x33, 0x01, 0x21,
    0x01, 0x0E, 0x02, 0x01, 0x9B, 0x4A, 0x7D, 0x25, 0x54, 0x4F, 0x7C, 0x5F, 0x21, 0x1F, 0xFD, 0xD3,
    0x01, 0x80, 0x01, 0x62, 0x10, 0x01, 0x63, 0x01, 0x81, 0xFD, 0x99, 0x2B, 0x8E, 0xCD, 0xFD, 0xC0,
    0x17, 0x0F, 0x01, 0x1A, 0x17, 0x02, 0x4B, 0x57, 0x53, 0x06, 0x20, 0xFB, 0x78, 0x04, 0x88, 0xF9,
    0x46, 0x7A, 0xAF, 0x5D, 0x00, 0x03, 0x00, 0x40, 0xFD, 0xC0, 0x06, 0x16, 0x08, 0x5B, 0x00, 0x13,
    0x00, 0x1F, 0x00, 0x2B, 0x00, 0x00, 0x41, 0x22, 0x26, 0x27, 0x13, 0x16, 0x36, 0x36, 0x37, 0x37,
    0x01, 0x21, 0x01, 0x33, 0x01, 0x21, 0x01, 0x0E, 0x02, 0x03, 0x22, 0x26, 0x35, 0x34, 0x36, 0x33,
    0x32, 0x16, 0x15, 0x14, 0x06, 0x21, 0x22, 0x26, 0x35, 0x34, 0x36, 0x33, 0x32, 0x16, 0x15, 0x14,
    0x06, 0x01, 0x9B, 0x4A, 0x7D, 0x25, 0x54, 0x4F, 0x7C, 0x5F, 0x21, 0x1F, 0xFD, 0xD3, 0x01, 0x80,
    0x01, 0x62, 0x10, 0x01, 0x63, 0x01, 0x81, 0xFD, 0x99, 0x2B, 0x8E, 0xCD, 0x2B, 0x4E, 0x73, 0x73,
    0x4E, 0x51, 0x6F, 0x6F, 0x02, 0x07, 0x4E, 0x73, 0x73, 0x4E, 0x51, 0x6F, 0x6F, 0xFD, 0xC0, 0x17,
    0x0F, 0x01, 0x1A, 0x17, 0x02, 0x4B, 0x57, 0x53, 0x06, 0x20, 0xFB, 0x78, 0x04, 0x88, 0xF9, 0x46,
    0x7A, 0xAF, 0x5D, 0x09, 0x22, 0x70, 0x4C, 0x50, 0x6D, 0x6D, 0x50, 0x4C, 0x70, 0x70, 0x4C, 0x50,
    0x6D, 0x6D, 0x50, 0x4C, 0x70, 0x00, 0xFF, 0xFF, 0x00, 0x40, 0xFD, 0xC0, 0x06, 0x16, 0x08, 0x93,
    0x06, 0x26, 0x00, 0xE5, 0x00, 0x00, 0x00, 0x07, 0x01, 0x3C, 0x00, 0x81, 0x00, 0x00, 0xFF, 0xFF,
    0x00, 0x40, 0xFD, 0xC0, 0x06, 0x16, 0x08, 0x76, 0x06, 0x26, 0x00, 0xE5, 0x00, 0x00, 0x00, 0x07,
    0x01, 0x41, 0x00, 0x46, 0x00, 0x00, 0x00, 0x01, 0x00, 0xA6, 0x00, 0x00, 0x05, 0x93, 0x06, 0x00,
    0x00, 0x0B, 0x00, 0x00, 0x73, 0x35, 0x01, 0x35, 0x21, 0x11, 0x21, 0x15, 0x01, 0x15, 0x21, 0x11,
    0xA6, 0x03, 0x18, 0xFD, 0x02, 0x04, 0xB9, 0xFD, 0x0E, 0x03, 0x0C, 0xE6, 0x03, 0xE1, 0x0D, 0x01,
    0x2C, 0xF7, 0xFC, 0x30, 0x0D, 0xFE, 0xD4, 0x00, 0xFF, 0xFF, 0x00, 0xA6, 0x00, 0x00, 0x05, 0x93,
    0x08, 0x93, 0x06, 0x26, 0x00, 0xE9, 0x00, 0x00, 0x00, 0x06, 0x01, 0x3C, 0x6C, 0x00, 0xFF, 0xFF,
    0x00, 0xA6, 0x00, 0x00, 0x05, 0x93, 0x08, 0x63, 0x06, 0x26, 0x00, 0xE9, 0x00, 0x00, 0x00, 0x07,
    0x01, 0x46, 0x01, 0x93, 0x00, 0x00, 0x00, 0x02, 0x00, 0xA6, 0x00, 0x00, 0x05, 0x93, 0x08, 0x76,
    0x00, 0x0B, 0x00, 0x14, 0x00, 0x00, 0x73, 0x35, 0x01, 0x35, 0x21, 0x11, 0x21, 0x15, 0x01, 0x15,
    0x21, 0x11, 0x01, 0x13, 0x13, 0x21, 0x15, 0x01, 0x21, 0x01, 0x35, 0xA6, 0x03, 0x18, 0xFD, 0x02,
    0x04, 0xB9, 0xFD, 0x0E, 0x03, 0x0C, 0xFC, 0xB7, 0xCB, 0xCB, 0x01, 0x3D, 0xFE, 0x85, 0xFE, 0xE5,
    0xFE, 0x86, 0xE6, 0x03, 0xE1, 0x0D, 0x01, 0x2C, 0xF7, 0xFC, 0x30, 0x0D, 0xFE, 0xD4, 0x08, 0x76,
    0xFF, 0x00, 0x01, 0x00, 0x0E, 0xFE, 0x50, 0x01, 0xB0, 0x0E, 0x00, 0x02, 0x00, 0xC2, 0x00, 0x00,
    0x06, 0x60, 0x08, 0x00, 0x00, 0x03, 0x00, 0x19, 0x00, 0x00, 0x53, 0x21, 0x11, 0x21, 0x13, 0x21,
    0x32, 0x04, 0x12, 0x15, 0x14, 0x02, 0x04, 0x23, 0x21, 0x11, 0x21, 0x32, 0x36, 0x36, 0x35, 0x34,
    0x26, 0x26, 0x23, 0x21, 0xC2, 0x01, 0x73, 0xFE, 0x8D, 0xAC, 0x02, 0x13, 0xED, 0x01, 0x48, 0xAA,
    0xAA, 0xFE, 0xB8, 0xED, 0xFD, 0xED, 0x02, 0x13, 0x81, 0xA9, 0x53, 0x53, 0xA9, 0x81, 0xFD, 0xED,
    0x08, 0x00, 0xF8, 0x00, 0x06, 0x78, 0xA2, 0xFE, 0xEA, 0xAE, 0xAE, 0xFE, 0xEB, 0xA1, 0x01, 0x28,
    0x50, 0x8D, 0x5B, 0x5C, 0x92, 0x53, 0x00, 0x03, 0x00, 0x78, 0xFF, 0xE0, 0x06, 0x0E, 0x08, 0x76,
    0x00, 0x03, 0x00, 0x1E, 0x00, 0x2E, 0x00, 0x00, 0x41, 0x01, 0x27, 0x01, 0x01, 0x22, 0x24, 0x02,
    0x35, 0x34, 0x12, 0x24, 0x33, 0x32, 0x16, 0x16, 0x17, 0x33, 0x26, 0x02, 0x24, 0x27, 0x37, 0x16,
    0x04, 0x00, 0x12, 0x11, 0x14, 0x02, 0x04, 0x03, 0x32, 0x36, 0x36, 0x35, 0x34, 0x26, 0x26, 0x23,
    0x22, 0x06, 0x06, 0x15, 0x14, 0x16, 0x16, 0x05, 0x23, 0xFC, 0x7E, 0x29, 0x03, 0x82, 0xFE, 0x44,
    0xD7, 0xFE, 0xC1, 0xB0, 0xA0, 0x01, 0x18, 0xB4, 0x65, 0x9E, 0x75, 0x26, 0x14, 0x3A, 0xDB, 0xFE,
    0xC7, 0xC6, 0x3E, 0xD0, 0x01, 0x8A, 0x01, 0x3B, 0xB9, 0xB1, 0xFE, 0xBD, 0xD4, 0x77, 0xA7, 0x56,
    0x4E, 0xA5, 0x81, 0x7B, 0xA4, 0x51, 0x50, 0xA3, 0x07, 0x8F, 0xFE, 0x3E, 0xB2, 0x01, 0xC3, 0xF7,
    0x9E, 0xBB, 0x01, 0x4C, 0xD9, 0xD0, 0x01, 0x48, 0xBC, 0x3D, 0x5F, 0x34, 0x88, 0x01, 0x10, 0xF1,
    0x59, 0xD0, 0x43, 0xF8, 0xFE, 0x9F, 0xFE, 0x3C, 0xFE, 0xF2, 0xF9, 0xFE, 0x95, 0xC4, 0x01, 0x20,
    0x75, 0xCD, 0x85, 0x7B, 0xD8, 0x87, 0x7B, 0xD2, 0x83, 0x81, 0xD3, 0x7D, 0x00, 0x03, 0x00, 0xBA,
    0xFD, 0xC0, 0x06, 0x40, 0x08, 0x00, 0x00, 0x06, 0x00, 0x19, 0x00, 0x29, 0x00, 0x00, 0x53, 0x21,
    0x11, 0x03, 0x13, 0x11, 0x21, 0x13, 0x33, 0x3E, 0x02, 0x33, 0x32, 0x04, 0x12, 0x03, 0x16, 0x02,
    0x04, 0x23, 0x22, 0x26, 0x26, 0x27, 0x23, 0x01, 0x36, 0x26, 0x26, 0x23, 0x22, 0x06, 0x06, 0x07,
    0x1E, 0x02, 0x33, 0x32, 0x36, 0x36, 0xBA, 0x01, 0x6A, 0x77, 0x77, 0xFE, 0x96, 0xD8, 0xA4, 0x1B,
    0x61, 0x9E, 0x76, 0xB0, 0x01, 0x1F, 0xAB, 0x01, 0x01, 0xA8, 0xFE, 0xE2, 0xB4, 0x72, 0x9E, 0x64,
    0x1C, 0xA4, 0x03, 0x51, 0x01, 0x53, 0xA7, 0x7D, 0x7D, 0x9F, 0x4A, 0x01, 0x01, 0x4A, 0x9E, 0x7E,
    0x7C, 0xA6, 0x55, 0x08, 0x00, 0xFC, 0xCC, 0xFE, 0x2E, 0xFE, 0x30, 0xFC, 0x96, 0x07, 0x79, 0x31,
    0x65, 0x45, 0xB5, 0xFE, 0x9F, 0xFF, 0x00, 0xFE, 0xFE, 0x9E, 0xB9, 0x43, 0x64, 0x33, 0x02, 0x41,
    0x92, 0xDD, 0x7C, 0x80, 0xDD, 0x8E, 0x8D, 0xE2, 0x83, 0x7E, 0xE1, 0x00, 0x00, 0x02, 0x00, 0x80,
    0xFF, 0x00, 0x06, 0xA4, 0x09, 0x00, 0x00, 0x03, 0x00, 0x37, 0x00, 0x00, 0x41, 0x11, 0x33, 0x11,
    0x01, 0x26, 0x26, 0x23, 0x22, 0x06, 0x06, 0x07, 0x14, 0x1E, 0x02, 0x17, 0x17, 0x1E, 0x03, 0x15,
    0x14, 0x02, 0x04, 0x23, 0x22, 0x24, 0x02, 0x27, 0x21, 0x1E, 0x02, 0x33, 0x32, 0x36, 0x36, 0x37,
    0x2E, 0x02, 0x27, 0x27, 0x26, 0x00, 0x35, 0x34, 0x12, 0x24, 0x33, 0x32, 0x04, 0x12, 0x17, 0x03,
    0x4A, 0xA4, 0x01, 0x35, 0x0E, 0xCF, 0xA5, 0x74, 0xA6, 0x58, 0x01, 0x3B, 0x66, 0x7C, 0x3F, 0xC0,
    0x74, 0xD7, 0xAB, 0x64, 0xB8, 0xFE, 0xA5, 0xF6, 0xEF, 0xFE, 0xA1, 0xC5, 0x08, 0x01, 0x6D, 0x08,
    0x74, 0xBB, 0x74, 0x79, 0xB7, 0x68, 0x01, 0x01, 0x5C, 0xA5, 0x6E, 0xE9, 0xFD, 0xFE, 0xDB, 0xC5,
    0x01, 0x54, 0xD7, 0xDA, 0x01, 0x49, 0xBC, 0x03, 0xFF, 0x00, 0x0A, 0x00, 0xF6, 0x00, 0x06, 0xCD,
    0x83, 0x92, 0x46, 0x78, 0x4D, 0x40, 0x5E, 0x41, 0x2C, 0x0F, 0x30, 0x1B, 0x5C, 0x8C, 0xC6, 0x85,
    0xB4, 0xFE, 0xEF, 0x99, 0x94, 0x01, 0x1C, 0xCC, 0x6B, 0x8E, 0x46, 0x49, 0x83, 0x58, 0x50, 0x69,
    0x47, 0x1C, 0x3C, 0x41, 0x01, 0x09, 0xDC, 0xB5, 0x01, 0x10, 0x97, 0x97, 0xFE, 0xF5, 0xAD, 0x00,
    0x00, 0x02, 0x00, 0x78, 0x00, 0x00, 0x05, 0xEA, 0x08, 0x00, 0x00, 0x03, 0x00, 0x24, 0x00, 0x00,
    0x61, 0x11, 0x33, 0x11, 0x27, 0x22, 0x24, 0x02, 0x35, 0x34, 0x12, 0x24, 0x33, 0x32, 0x04, 0x16,
    0x17, 0x21, 0x26, 0x26, 0x23, 0x22, 0x06, 0x06, 0x15, 0x14, 0x16, 0x16, 0x33, 0x32, 0x36, 0x36,
    0x37, 0x21, 0x06, 0x06, 0x04, 0x03, 0x00, 0xA4, 0x4C, 0xE6, 0xFE, 0xB7, 0xB1, 0xB4, 0x01, 0x49,
    0xE1, 0xBB, 0x01, 0x21, 0xAC, 0x0C, 0xFE, 0xA6, 0x15, 0x9D, 0x83, 0x6F, 0xA8, 0x5D, 0x5C, 0xA7,
    0x71, 0x50, 0x7F, 0x56, 0x10, 0x01, 0x5A, 0x0D, 0xA6, 0xFE, 0xE2, 0x08, 0x00, 0xF8, 0x00, 0xE7,
    0xCA, 0x01, 0x65, 0xE9, 0xEB, 0x01, 0x66, 0xC9, 0x89, 0xF8, 0xA7, 0x70, 0x94, 0x77, 0xDE, 0x9B,
    0x9D, 0xE1, 0x79, 0x3D, 0x75, 0x52, 0xA3, 0xFA, 0x8E, 0x00, 0x00, 0x05, 0x00, 0x28, 0x00, 0x00,
    0x06, 0x0D, 0x08, 0x00, 0x00, 0x03, 0x00, 0x07, 0x00, 0x0B, 0x00, 0x0F, 0x00, 0x13, 0x00, 0x00,
    0x41, 0x01, 0x05, 0x09, 0x02, 0x21, 0x01, 0x13, 0x11, 0x21, 0x11, 0x05, 0x15, 0x21, 0x35, 0x01,
    0x15, 0x21, 0x35, 0x01, 0xAC, 0x01, 0xC9, 0xFE, 0xFD, 0xFD, 0xB6, 0x02, 0x9B, 0x01, 0xC6, 0x01,
    0x84, 0xFD, 0xB5, 0x0C, 0xFE, 0x90, 0x03, 0x14, 0xFB, 0x34, 0x04, 0xCC, 0xFB, 0x34, 0x08, 0x00,
    0xFB, 0xD4, 0xAE, 0x04, 0xDA, 0xFB, 0xDA, 0x04, 0x26, 0xFB, 0x26, 0x01, 0x10, 0xFB, 0xCA, 0x04,
    0x36, 0x22, 0xE1, 0xE1, 0xFE, 0x74, 0xE1, 0xE1, 0x00, 0x03, 0x00, 0xBB, 0x00, 0x00, 0x06, 0x7C,
    0x08, 0x1C, 0x00, 0x03, 0x00, 0x07, 0x00, 0x23, 0x00, 0x00, 0x61, 0x21, 0x11, 0x21, 0x01, 0x21,
    0x11, 0x21, 0x01, 0x13, 0x16, 0x06, 0x07, 0x25, 0x3E, 0x02, 0x27, 0x03, 0x26, 0x12, 0x24, 0x33,
    0x32, 0x1E, 0x02, 0x07, 0x25, 0x36, 0x26, 0x26, 0x23, 0x22, 0x06, 0x06, 0x06, 0x66, 0xFA, 0x5C,
    0x05, 0xA4, 0xFE, 0x68, 0xFB, 0xED, 0x04, 0x13, 0xFE, 0x26, 0x20, 0x06, 0x63, 0x7C, 0xFE, 0xF8,
    0x31, 0x34, 0x12, 0x02, 0x1E, 0x07, 0xA9, 0x01, 0x24, 0xB1, 0x98, 0xF1, 0xA5, 0x4D, 0x0E, 0xFE,
    0xA5, 0x07, 0x49, 0x7F, 0x48, 0x4A, 0x7F, 0x4D, 0x01, 0x37, 0x01, 0xF2, 0x01, 0x2F, 0x01, 0x57,
    0xFC, 0xA7, 0x85, 0xC1, 0x3E, 0x65, 0x07, 0x58, 0x79, 0x37, 0x03, 0x69, 0xCB, 0x01, 0x15, 0x8D,
    0x5C, 0xA4, 0xD8, 0x7D, 0x1D, 0x5B, 0x75, 0x37, 0x44, 0x8C, 0x00, 0x02, 0x00, 0x96, 0xFF, 0xD9,
    0x06, 0xC0, 0x08, 0x1C, 0x00, 0x0F, 0x00, 0x1D, 0x00, 0x00, 0x45, 0x22, 0x24, 0x02, 0x11, 0x12,
    0x12, 0x24, 0x33, 0x32, 0x04, 0x12, 0x11, 0x10, 0x02, 0x04, 0x03, 0x32, 0x12, 0x11, 0x34, 0x02,
    0x26, 0x23, 0x22, 0x02, 0x03, 0x06, 0x12, 0x16, 0x03, 0xAB, 0xF7, 0xFE, 0x9F, 0xBD, 0x01, 0xBD,
    0x01, 0x61, 0xF6, 0xF6, 0x01, 0x62, 0xBD, 0xBD, 0xFE, 0x9F, 0xF7, 0xC0, 0xDF, 0x66, 0xBA, 0x7F,
    0xBF, 0xDE, 0x01, 0x01, 0x65, 0xBA, 0x27, 0xFB, 0x01, 0xDB, 0x01, 0x4F, 0x01, 0x4F, 0x01, 0xD7,
    0xF8, 0xF8, 0xFE, 0x28, 0xFE, 0xB2, 0xFE, 0xB0, 0xFE, 0x25, 0xFA, 0x01, 0x39, 0x01, 0x7B, 0x01,
    0x71, 0xF4, 0x01, 0x4C, 0xA9, 0xFE, 0x85, 0xFE, 0x92, 0xF5, 0xFE, 0xB2, 0xA9, 0x00, 0x00, 0x01,
    0x00, 0x99, 0x00, 0x00, 0x03, 0xF7, 0x08, 0x00, 0x00, 0x07, 0x00, 0x00, 0x41, 0x11, 0x21, 0x11,
    0x23, 0x01, 0x11, 0x01, 0x03, 0xF7, 0xFE, 0x8D, 0x0C, 0xFE, 0x21, 0x01, 0xFD, 0x08, 0x00, 0xF8,
    0x00, 0x06, 0x97, 0xFE, 0xCE, 0x01, 0x54, 0x01, 0x47, 0x00, 0x00, 0x01, 0x00, 0xAA, 0x00, 0x00,
    0x06, 0x32, 0x08, 0x1C, 0x00, 0x1F, 0x00, 0x00, 0x73, 0x11, 0x01, 0x3E, 0x02, 0x35, 0x34, 0x26,
    0x26, 0x23, 0x22, 0x06, 0x06, 0x15, 0x21, 0x34, 0x12, 0x24, 0x33, 0x32, 0x04, 0x12, 0x15, 0x14,
    0x06, 0x02, 0x07, 0x01, 0x15, 0x21, 0x11, 0xB6, 0x02, 0xC7, 0x66, 0x88, 0x44, 0x58, 0x9A, 0x62,
    0x65, 0x98, 0x53, 0xFE, 0x9F, 0xB2, 0x01, 0x39, 0xCB, 0xCE, 0x01, 0x38, 0xAD, 0x58, 0xDD, 0xC7,
    0xFE, 0x9F, 0x03, 0x7C, 0x01, 0x0C, 0x02, 0xB9, 0x67, 0xA0, 0x96, 0x55, 0x61, 0x8B, 0x4C, 0x53,
    0x98, 0x69, 0xC3, 0x01, 0x20, 0x9E, 0x9A, 0xFE, 0xF4, 0xAC, 0x73, 0xDE, 0xFE, 0xF2, 0xC0, 0xFE,
    0x99, 0x0E, 0xFE, 0xCA, 0x00, 0x01, 0x00, 0xA6, 0xFF, 0xE4, 0x06, 0x8A, 0x08, 0x1C, 0x00, 0x33,
    0x00, 0x00, 0x45, 0x22, 0x24, 0x02, 0x27, 0x21, 0x1E, 0x02, 0x33, 0x32, 0x36, 0x36, 0x27, 0x36,
    0x26, 0x26, 0x23, 0x23, 0x11, 0x33, 0x32, 0x36, 0x36, 0x27, 0x36, 0x26, 0x26, 0x23, 0x22, 0x06,
    0x06, 0x07, 0x21, 0x36, 0x12, 0x24, 0x33, 0x32, 0x04, 0x12, 0x15, 0x16, 0x06, 0x07, 0x15, 0x16,
    0x12, 0x07, 0x14, 0x02, 0x04, 0x03, 0x95, 0xD8, 0xFE, 0xB1, 0xC2, 0x06, 0x01, 0x78, 0x05, 0x64,
    0xA6, 0x67, 0x6E, 0xAA, 0x60, 0x01, 0x01, 0x62, 0xB9, 0x82, 0xB5, 0xB5, 0x6B, 0xA1, 0x5C, 0x01,
    0x01, 0x4F, 0x8F, 0x60, 0x5E, 0xA0, 0x62, 0x03, 0xFE, 0x9B, 0x04, 0xBF, 0x01, 0x40, 0xC7, 0xCD,
    0x01, 0x2F, 0xA6, 0x01, 0xCD, 0xA6, 0xD8, 0xE7, 0x01, 0xC3, 0xFE, 0xAB, 0x1C, 0x94, 0x01, 0x08,
    0xAD, 0x53, 0x7B, 0x44, 0x4D, 0x8A, 0x5A, 0x5D, 0x8E, 0x50, 0x01, 0x1E, 0x4A, 0x87, 0x59, 0x57,
    0x81, 0x48, 0x44, 0x7D, 0x56, 0xAC, 0x01, 0x05, 0x93, 0x99, 0xFE, 0xFE, 0x9C, 0xAD, 0xEA, 0x24,
    0x10, 0x1E, 0xFE, 0xFD, 0xC0, 0xAC, 0xFE, 0xF1, 0x9A, 0x00, 0x00, 0x02, 0x00, 0x91, 0x00, 0x00,
    0x06, 0xCA, 0x08, 0x00, 0x00, 0x09, 0x00, 0x0F, 0x00, 0x00, 0x53, 0x11, 0x01, 0x33, 0x11, 0x23,
    0x01, 0x15, 0x21, 0x11, 0x01, 0x11, 0x37, 0x11, 0x21, 0x11, 0x91, 0x03, 0x65, 0xF6, 0x96, 0xFD,
    0xB7, 0x04, 0xBD, 0xFD, 0x98, 0x04, 0x01, 0x5E, 0x01, 0x7C, 0x01, 0x27, 0x05, 0x5D, 0xFE, 0x5C,
    0xFC, 0x61, 0x10, 0xFE, 0xCF, 0xFE, 0x84, 0x01, 0xD6, 0x84, 0x05, 0xA6, 0xF8, 0x00, 0x00, 0x01,
    0x00, 0xBB, 0xFF, 0xE4, 0x06, 0x5D, 0x08, 0x00, 0x00, 0x24, 0x00, 0x00, 0x45, 0x22, 0x24, 0x02,
    0x27, 0x21, 0x16, 0x16, 0x33, 0x32, 0x36, 0x36, 0x27, 0x36, 0x26, 0x26, 0x23, 0x26, 0x06, 0x07,
    0x25, 0x13, 0x21, 0x11, 0x21, 0x03, 0x33, 0x36, 0x36, 0x33, 0x32, 0x04, 0x12, 0x15, 0x14, 0x02,
    0x04, 0x03, 0x7E, 0xC8, 0xFE, 0xC4, 0xB9, 0x06, 0x01, 0x68, 0x0A, 0xC6, 0x8B, 0x6D, 0xAA, 0x62,
    0x01, 0x01, 0x64, 0xAE, 0x71, 0x5C, 0xB2, 0x34, 0xFE, 0xB1, 0x6B, 0x04, 0xA4, 0xFC, 0x8F, 0x3B,
    0x0C, 0x39, 0xD0, 0x7C, 0xBA, 0x01, 0x24, 0xA8, 0xBB, 0xFE, 0xB5, 0x1C, 0x97, 0x01, 0x08, 0xAA,
    0x7E, 0x9F, 0x64, 0xB2, 0x72, 0x74, 0xB4, 0x67, 0x01, 0x46, 0x39, 0x37, 0x04, 0x20, 0xFE, 0xCA,
    0xFD, 0xE1, 0x43, 0x59, 0xAF, 0xFE, 0xCE, 0xC5, 0xCB, 0xFE, 0xC3, 0xB5, 0x00, 0x02, 0x00, 0x95,
    0xFF, 0xE3, 0x06, 0x87, 0x08, 0x1C, 0x00, 0x21, 0x00, 0x32, 0x00, 0x00, 0x45, 0x26, 0x24, 0x26,
    0x02, 0x13, 0x10, 0x12, 0x12, 0x24, 0x33, 0x32, 0x04, 0x12, 0x17, 0x21, 0x26, 0x26, 0x23, 0x22,
    0x02, 0x03, 0x33, 0x3E, 0x02, 0x33, 0x32, 0x04, 0x12, 0x07, 0x16, 0x02, 0x04, 0x03, 0x32, 0x36,
    0x36, 0x27, 0x36, 0x26, 0x26, 0x23, 0x22, 0x0E, 0x02, 0x07, 0x1E, 0x02, 0x03, 0xA4, 0x93, 0xFE,
    0xE8, 0xE0, 0x84, 0x01, 0x70, 0xD2, 0x01, 0x29, 0xB8, 0xC1, 0x01, 0x2B, 0xB8, 0x16, 0xFE, 0x93,
    0x1C, 0xAD, 0x84, 0xD5, 0xE5, 0x01, 0x0E, 0x31, 0x9C, 0xC5, 0x6E, 0xB4, 0x01, 0x1F, 0xA8, 0x01,
    0x01, 0xBA, 0xFE, 0xB4, 0xDF, 0x6D, 0xAC, 0x64, 0x01, 0x01, 0x61, 0xAA, 0x6D, 0x51, 0x8C, 0x68,
    0x3B, 0x01, 0x01, 0x62, 0xAC, 0x1C, 0x01, 0x65, 0xE5, 0x01, 0x7D, 0x01, 0x1A, 0x01, 0x07, 0x01,
    0x9C, 0x01, 0x1D, 0x96, 0x98, 0xFE, 0xF9, 0xA5, 0x76, 0x8D, 0xFE, 0x8E, 0xFE, 0xBD, 0x58, 0x7E,
    0x45, 0xAC, 0xFE, 0xD3, 0xC2, 0xCA, 0xFE, 0xBF, 0xB8, 0x01, 0x2D, 0x6A, 0xB4, 0x70, 0x6E, 0xB2,
    0x68, 0x3E, 0x6D, 0x8F, 0x51, 0x6B, 0xB4, 0x6C, 0x00, 0x01, 0x00, 0x75, 0x00, 0x00, 0x05, 0xE8,
    0x08, 0x00, 0x00, 0x07, 0x00, 0x00, 0x61, 0x01, 0x35, 0x21, 0x11, 0x21, 0x11, 0x01, 0x01, 0x01,
    0x03, 0x67, 0xFC, 0x0D, 0x05, 0x73, 0xFC, 0x9A, 0x06, 0xBC, 0x0E, 0x01, 0x36, 0xFE, 0xC3, 0xF9,
    0x3D, 0x00, 0x00, 0x03, 0x00, 0x93, 0xFF, 0xE4, 0x06, 0x87, 0x08, 0x1C, 0x00, 0x1F, 0x00, 0x2F,
    0x00, 0x3F, 0x00, 0x00, 0x45, 0x22, 0x24, 0x02, 0x37, 0x26, 0x36, 0x36, 0x37, 0x35, 0x26, 0x26,
    0x37, 0x26, 0x36, 0x24, 0x33, 0x32, 0x04, 0x16, 0x15, 0x14, 0x06, 0x07, 0x15, 0x1E, 0x02, 0x15,
    0x14, 0x02, 0x04, 0x03, 0x32, 0x36, 0x36, 0x37, 0x2E, 0x02, 0x23, 0x22, 0x06, 0x06, 0x17, 0x06,
    0x16, 0x16, 0x13, 0x32, 0x36, 0x36, 0x37, 0x2E, 0x02, 0x23, 0x22, 0x06, 0x06, 0x17, 0x06, 0x16,
    0x16, 0x03, 0x8E, 0xDF, 0xFE, 0xA7, 0xC3, 0x01, 0x01, 0x72, 0xC3, 0x78, 0x9E, 0xC3, 0x01, 0x01,
    0xB2, 0x01, 0x36, 0xC7, 0xC5, 0x01, 0x35, 0xB3, 0xC5, 0x9B, 0x78, 0xC1, 0x73, 0xC4, 0xFE, 0xA9,
    0xDE, 0x73, 0xAA, 0x5E, 0x01, 0x01, 0x63, 0xAB, 0x6D, 0x6E, 0xAC, 0x63, 0x01, 0x01, 0x5E, 0xAB,
    0x74, 0x5E, 0x91, 0x54, 0x01, 0x01, 0x52, 0x92, 0x5F, 0x61, 0x93, 0x51, 0x01, 0x01, 0x53, 0x93,
    0x1C, 0x96, 0x01, 0x05, 0xA6, 0x81, 0xD8, 0x91, 0x14, 0x0E, 0x23, 0xFD, 0xA6, 0x9E, 0xF8, 0x8F,
    0x8F, 0xF8, 0x9E, 0xA6, 0xFD, 0x23, 0x0E, 0x14, 0x91, 0xD8, 0x81, 0xA6, 0xFE, 0xFB, 0x96, 0x01,
    0x1E, 0x4F, 0x90, 0x5E, 0x62, 0x97, 0x56, 0x56, 0x97, 0x62, 0x5E, 0x8F, 0x50, 0x03, 0xA5, 0x4C,
    0x88, 0x59, 0x58, 0x85, 0x49, 0x49, 0x85, 0x58, 0x59, 0x87, 0x4D, 0x00, 0x00, 0x02, 0x00, 0x9A,
    0xFF, 0xE4, 0x06, 0x8C, 0x08, 0x1E, 0x00, 0x21, 0x00, 0x32, 0x00, 0x00, 0x41, 0x16, 0x04, 0x16,
    0x12, 0x11, 0x12, 0x02, 0x02, 0x04, 0x23, 0x22, 0x24, 0x02, 0x27, 0x21, 0x16, 0x16, 0x33, 0x32,
    0x12, 0x11, 0x23, 0x0E, 0x02, 0x23, 0x22, 0x24, 0x02, 0x27, 0x34, 0x12, 0x24, 0x13, 0x22, 0x06,
    0x06, 0x15, 0x1E, 0x02, 0x33, 0x32, 0x3E, 0x02, 0x27, 0x34, 0x26, 0x26, 0x03, 0x7D, 0x93, 0x01,
    0x17, 0xE0, 0x84, 0x01, 0x71, 0xD2, 0xFE, 0xD8, 0xB9, 0xC2, 0xFE, 0xD5, 0xB8, 0x15, 0x01, 0x6D,
    0x1C, 0xAD, 0x84, 0xD5, 0xE6, 0x0E, 0x31, 0x9C, 0xC5, 0x6E, 0xB4, 0xFE, 0xE1, 0xA7, 0x01, 0xB9,
    0x01, 0x4C, 0xDF, 0x6C, 0xAD, 0x63, 0x01, 0x61, 0xA9, 0x6D, 0x51, 0x8C, 0x69, 0x3B, 0x01, 0x63,
    0xAB, 0x08, 0x1C, 0x01, 0x65, 0xE3, 0xFE, 0x84, 0xFE, 0xE8, 0xFE, 0xF8, 0xFE, 0x61, 0xFE, 0xE2,
    0x96, 0x98, 0x01, 0x08, 0xAA, 0x7A, 0x8F, 0x01, 0x72, 0x01, 0x49, 0x58, 0x7F, 0x44, 0xAC, 0x01,
    0x2C, 0xC1, 0xC8, 0x01, 0x3F, 0xB9, 0xFE, 0xD2, 0x69, 0xB3, 0x6E, 0x6D, 0xB2, 0x68, 0x3E, 0x6F,
    0x8E, 0x4F, 0x69, 0xB2, 0x6C, 0x00, 0x00, 0x01, 0x00, 0x7B, 0xFF, 0xE2, 0x07, 0x36, 0x08, 0x19,
    0x00, 0x40, 0x00, 0x00, 0x45, 0x22, 0x24, 0x02, 0x35, 0x34, 0x36, 0x36, 0x37, 0x25, 0x36, 0x36,
    0x35, 0x34, 0x26, 0x23, 0x22, 0x06, 0x06, 0x15, 0x14, 0x16, 0x16, 0x17, 0x01, 0x21, 0x01, 0x2E,
    0x02, 0x35, 0x34, 0x36, 0x36, 0x33, 0x32, 0x16, 0x16, 0x15, 0x14, 0x06, 0x07, 0x01, 0x06, 0x06,
    0x15, 0x14, 0x16, 0x16, 0x33, 0x32, 0x36, 0x36, 0x12, 0x35, 0x21, 0x14, 0x02, 0x06, 0x07, 0x06,
    0x06, 0x07, 0x06, 0x04, 0x03, 0x1E, 0xD2, 0xFE, 0xD2, 0xA3, 0x65, 0xB3, 0x76, 0x01, 0x6B, 0x50,
    0x53, 0x6F, 0x61, 0x41, 0x63, 0x37, 0x4B, 0x79, 0x45, 0x03, 0xC1, 0xFE, 0x78, 0xFC, 0xE2, 0x59,
    0xA5, 0x69, 0x86, 0xF1, 0xA2, 0xA2, 0xE8, 0x7E, 0x90, 0x80, 0xFE, 0x62, 0x66, 0x58, 0x52, 0x95,
    0x64, 0x6E, 0xD6, 0xB0, 0x68, 0x01, 0x37, 0x56, 0x88, 0x4C, 0x18, 0x2C, 0x18, 0x6C, 0xFE, 0xDF,
    0x1E, 0x98, 0x01, 0x03, 0xA3, 0x7B, 0xBE, 0xA2, 0x50, 0xF7, 0x34, 0x74, 0x4E, 0x42, 0x76, 0x3D,
    0x62, 0x37, 0x43, 0x8A, 0x94, 0x53, 0xFB, 0x9A, 0x03, 0x92, 0x68, 0xCA, 0xDB, 0x80, 0x91, 0xE5,
    0x84, 0x80, 0xD4, 0x7D, 0x91, 0xE5, 0x5D, 0xFE, 0xD1, 0x4A, 0x97, 0x35, 0x51, 0x84, 0x4F, 0x63,
    0xB8, 0x01, 0x01, 0x9D, 0xC2, 0xFE, 0xE1, 0xC5, 0x3B, 0x11, 0x22, 0x11, 0x62, 0x5C, 0x00, 0x02,
    0x00, 0xD7, 0xFF, 0xEA, 0x02, 0x8F, 0x08, 0x00, 0x00, 0x03, 0x00, 0x10, 0x00, 0x00, 0x41, 0x03,
    0x21, 0x03, 0x13, 0x22, 0x26, 0x35, 0x34, 0x36, 0x33, 0x32, 0x16, 0x15, 0x14, 0x06, 0x06, 0x02,
    0x75, 0x21, 0xFE, 0xBE, 0x20, 0xC1, 0x5B, 0x81, 0x81, 0x5B, 0x59, 0x83, 0x3D, 0x63, 0x08, 0x00,
    0xFA, 0x5A, 0x05, 0xA6, 0xF7, 0xEA, 0x80, 0x5C, 0x5A, 0x80, 0x80, 0x5A, 0x3D, 0x64, 0x3B, 0x00,
    0x00, 0x02, 0x00, 0xD7, 0xFD, 0xFA, 0x02, 0x8F, 0x06, 0x10, 0x00, 0x03, 0x00, 0x10, 0x00, 0x00,
    0x41, 0x21, 0x13, 0x21, 0x03, 0x32, 0x16, 0x15, 0x14, 0x06, 0x23, 0x22, 0x26, 0x35, 0x34, 0x36,
    0x36, 0x02, 0x75, 0xFE, 0x7D, 0x20, 0x01, 0x42, 0xA1, 0x59, 0x83, 0x83, 0x59, 0x5B, 0x81, 0x3C,
    0x64, 0xFD, 0xFA, 0x05, 0xA6, 0x02, 0x70, 0x81, 0x5B, 0x5A, 0x80, 0x80, 0x5A, 0x3D, 0x64, 0x3B,
    0x00, 0x02, 0x00, 0x6D, 0xFF, 0xEA, 0x05, 0x76, 0x08, 0x1C, 0x00, 0x23, 0x00, 0x30, 0x00, 0x00,
    0x41, 0x35, 0x3E, 0x02, 0x37, 0x3E, 0x02, 0x35, 0x34, 0x26, 0x26, 0x23, 0x22, 0x06, 0x06, 0x07,
    0x21, 0x36, 0x12, 0x24, 0x33, 0x32, 0x04, 0x16, 0x15, 0x14, 0x06, 0x06, 0x07, 0x0E, 0x02, 0x07,
    0x15, 0x03, 0x22, 0x26, 0x35, 0x34, 0x36, 0x33, 0x32, 0x16, 0x15, 0x14, 0x06, 0x06, 0x02, 0x14,
    0x01, 0x43, 0x7C, 0x59, 0x3D, 0x61, 0x38, 0x4A, 0x7D, 0x4D, 0x47, 0x7F, 0x53, 0x05, 0xFE, 0x9C,
    0x05, 0xAF, 0x01, 0x21, 0xAF, 0xBF, 0x01, 0x23, 0xA3, 0x49, 0x86, 0x5C, 0x51, 0x67, 0x31, 0x01,
    0x9F, 0x5A, 0x82, 0x82, 0x5A, 0x59, 0x83, 0x3D, 0x63, 0x02, 0x5A, 0x1A, 0xB5, 0xD6, 0x83, 0x37,
    0x26, 0x5B, 0x71, 0x46, 0x4F, 0x74, 0x40, 0x3D, 0x7B, 0x5E, 0xBE, 0x01, 0x00, 0x80, 0x86, 0xF7,
    0xA9, 0x72, 0xB4, 0x8C, 0x37, 0x32, 0x6C, 0x91, 0x6A, 0x1A, 0xFD, 0x90, 0x80, 0x5C, 0x5A, 0x80,
    0x80, 0x5A, 0x3D, 0x64, 0x3B, 0x00, 0x00, 0x02, 0x00, 0x86, 0xFD, 0xD5, 0x05, 0x8F, 0x06, 0x07,
    0x00, 0x23, 0x00, 0x30, 0x00, 0x00, 0x41, 0x15, 0x0E, 0x02, 0x07, 0x0E, 0x02, 0x15, 0x14, 0x16,
    0x16, 0x33, 0x32, 0x36, 0x36, 0x37, 0x21, 0x06, 0x06, 0x04, 0x23, 0x22, 0x24, 0x26, 0x35, 0x34,
    0x36, 0x36, 0x37, 0x3E, 0x02, 0x37, 0x35, 0x13, 0x32, 0x16, 0x15, 0x14, 0x06, 0x23, 0x22, 0x26,
    0x35, 0x34, 0x36, 0x36, 0x03, 0xE8, 0x01, 0x43, 0x7C, 0x59, 0x3C, 0x62, 0x38, 0x4A, 0x7D, 0x4D,
    0x47, 0x7F, 0x54, 0x04, 0x01, 0x64, 0x05, 0xAF, 0xFE, 0xDF, 0xAF, 0xBF, 0xFE, 0xDD, 0xA3, 0x49,
    0x86, 0x5C, 0x52, 0x66, 0x31, 0x01, 0x9F, 0x5A, 0x82, 0x82, 0x5A, 0x59, 0x83, 0x3D, 0x64, 0x03,
    0x97, 0x1A, 0xB4, 0xD7, 0x82, 0x38, 0x26, 0x5B, 0x71, 0x46, 0x4F, 0x75, 0x3F, 0x3D, 0x7B, 0x5D,
    0xBE, 0xFF, 0x80, 0x86, 0xF7, 0xA8, 0x74, 0xB3, 0x8C, 0x37, 0x32, 0x6C, 0x91, 0x6A, 0x1A, 0x02,
    0x70, 0x81, 0x5B, 0x5A, 0x80, 0x80, 0x5A, 0x3D, 0x64, 0x3B, 0x00, 0x01, 0x01, 0x14, 0xFE, 0x4D,
    0x03, 0xF5, 0x08, 0x3A, 0x00, 0x10, 0x00, 0x00, 0x41, 0x10, 0x12, 0x13, 0x21, 0x06, 0x0A, 0x02,
    0x15, 0x14, 0x12, 0x12, 0x17, 0x21, 0x02, 0x02, 0x01, 0x14, 0xC7, 0xC5, 0x01, 0x55, 0x4C, 0x84,
    0x61, 0x37, 0x5F, 0xA3, 0x66, 0xFE, 0xAB, 0xC5, 0xC7, 0x03, 0x43, 0x01, 0x77, 0x02, 0x75, 0x01,
    0x0B, 0x63, 0xFE, 0xE1, 0xFE, 0xAB, 0xFE, 0x92, 0xB2, 0xED, 0xFE, 0x1A, 0xFE, 0x61, 0x84, 0x01,
    0x0B, 0x02, 0x75, 0x00, 0x00, 0x01, 0x00, 0x5F, 0xFE, 0x4D, 0x03, 0x40, 0x08, 0x3A, 0x00, 0x10,
    0x00, 0x00, 0x41, 0x10, 0x02, 0x03, 0x21, 0x36, 0x1A, 0x02, 0x35, 0x34, 0x02, 0x02, 0x27, 0x21,
    0x12, 0x12, 0x03, 0x40, 0xC7, 0xC5, 0xFE, 0xAB, 0x4D, 0x83, 0x61, 0x37, 0x5F, 0xA3, 0x66, 0x01,
    0x55, 0xC5, 0xC7, 0x03, 0x43, 0xFE, 0x8A, 0xFD, 0x8B, 0xFE, 0xF5, 0x63, 0x01, 0x1E, 0x01, 0x56,
    0x01, 0x6E, 0xB1, 0xED, 0x01, 0xE6, 0x01, 0xA0, 0x84, 0xFE, 0xF5, 0xFD, 0x8B, 0x00, 0x00, 0x01,
    0x01, 0x36, 0xFE, 0x4D, 0x04, 0x09, 0x08, 0x3A, 0x00, 0x07, 0x00, 0x00, 0x41, 0x11, 0x21, 0x11,
    0x21, 0x11, 0x21, 0x11, 0x01, 0x36, 0x02, 0xD3, 0xFE, 0x89, 0x01, 0x77, 0xFE, 0x4D, 0x09, 0xED,
    0xFE, 0xEA, 0xF8, 0x3E, 0xFE, 0xEB, 0x00, 0x01, 0x00, 0x4B, 0xFE, 0x4D, 0x03, 0x1E, 0x08, 0x3A,
    0x00, 0x07, 0x00, 0x00, 0x41, 0x11, 0x21, 0x11, 0x21, 0x11, 0x21, 0x11, 0x03, 0x1E, 0xFD, 0x2D,
    0x01, 0x77, 0xFE, 0x89, 0x08, 0x3A, 0xF6, 0x13, 0x01, 0x15, 0x07, 0xC2, 0x01, 0x16, 0x00, 0x03,
    0x00, 0x5D, 0xFE, 0x4D, 0x04, 0x09, 0x08, 0x3A, 0x00, 0x14, 0x00, 0x29, 0x00, 0x2D, 0x00, 0x00,
    0x53, 0x35, 0x32, 0x36, 0x35, 0x35, 0x34, 0x3E, 0x02, 0x33, 0x11, 0x22, 0x06, 0x06, 0x15, 0x11,
    0x14, 0x0E, 0x02, 0x01, 0x22, 0x2E, 0x02, 0x35, 0x35, 0x34, 0x26, 0x23, 0x35, 0x32, 0x1E, 0x02,
    0x15, 0x11, 0x14, 0x16, 0x16, 0x33, 0x01, 0x11, 0x21, 0x11, 0x5D, 0xAA, 0x87, 0x55, 0xA4, 0xEC,
    0x96, 0x76, 0x7E, 0x2F, 0x34, 0x8A, 0xFF, 0x02, 0xE0, 0x96, 0xEC, 0xA4, 0x55, 0x87, 0xAA, 0xCC,
    0xFF, 0x8A, 0x34, 0x2F, 0x7E, 0x76, 0xFC, 0x54, 0x01, 0x3D, 0x03, 0x3C, 0xAF, 0x8B, 0x9D, 0xFF,
    0xA9, 0xD8, 0x78, 0x2F, 0xFE, 0xEA, 0x41, 0x86, 0x68, 0xFE, 0xB8, 0x4D, 0x86, 0x65, 0x39, 0xFB,
    0x11, 0x2F, 0x78, 0xD8, 0xA9, 0xFE, 0x9D, 0x8B, 0xAF, 0x39, 0x65, 0x86, 0x4C, 0xFE, 0xB8, 0x68,
    0x86, 0x42, 0x03, 0x39, 0x01, 0x50, 0xFE, 0xB0, 0x00, 0x03, 0x00, 0x4B, 0xFE, 0x4D, 0x03, 0xF7,
    0x08, 0x3A, 0x00, 0x14, 0x00, 0x29, 0x00, 0x2D, 0x00, 0x00, 0x41, 0x15, 0x22, 0x06, 0x15, 0x15,
    0x14, 0x0E, 0x02, 0x23, 0x11, 0x32, 0x36, 0x36, 0x35, 0x11, 0x34, 0x3E, 0x02, 0x01, 0x32, 0x1E,
    0x02, 0x15, 0x15, 0x14, 0x16, 0x33, 0x15, 0x22, 0x2E, 0x02, 0x35, 0x11, 0x34, 0x26, 0x26, 0x23,
    0x01, 0x11, 0x21, 0x11, 0x03, 0xF7, 0xAA, 0x87, 0x55, 0xA4, 0xEC, 0x96, 0x76, 0x7E, 0x2F, 0x34,
    0x8A, 0xFF, 0xFD, 0x20, 0x96, 0xEC, 0xA4, 0x55, 0x87, 0xAA, 0xCC, 0xFF, 0x8A, 0x34, 0x2F, 0x7E,
    0x76, 0x03, 0xAC, 0xFE, 0xC3, 0x03, 0x4A, 0xAF, 0x8B, 0x9D, 0xFE, 0xA9, 0xD8, 0x78, 0x2F, 0x01,
    0x15, 0x42, 0x86, 0x68, 0x01, 0x48, 0x4C, 0x86, 0x65, 0x39, 0x04, 0xF0, 0x2F, 0x78, 0xD8, 0xA9,
    0xFF, 0x9D, 0x8B, 0xAF, 0x39, 0x65, 0x86, 0x4D, 0x01, 0x48, 0x68, 0x86, 0x41, 0xFC, 0xC7, 0xFE,
    0xB0, 0x01, 0x50, 0x00, 0x00, 0x02, 0x00, 0x9E, 0xFD, 0xC2, 0x0A, 0x84, 0x07, 0xE1, 0x00, 0x4E,
    0x00, 0x5E, 0x00, 0x00, 0x41, 0x20, 0x24, 0x00, 0x02, 0x03, 0x12, 0x12, 0x00, 0x24, 0x21, 0x20,
    0x04, 0x00, 0x12, 0x15, 0x14, 0x02, 0x06, 0x06, 0x07, 0x06, 0x26, 0x26, 0x27, 0x23, 0x0E, 0x02,
    0x27, 0x2E, 0x02, 0x02, 0x35, 0x34, 0x3E, 0x02, 0x37, 0x36, 0x16, 0x16, 0x17, 0x33, 0x35, 0x21,
    0x11, 0x16, 0x16, 0x33, 0x32, 0x36, 0x12, 0x27, 0x36, 0x02, 0x26, 0x26, 0x24, 0x23, 0x22, 0x04,
    0x02, 0x02, 0x15, 0x14, 0x12, 0x00, 0x04, 0x33, 0x32, 0x36, 0x36, 0x37, 0x17, 0x0E, 0x02, 0x03,
    0x32, 0x36, 0x36, 0x27, 0x34, 0x26, 0x26, 0x23, 0x22, 0x06, 0x06, 0x15, 0x14, 0x16, 0x16, 0x05,
    0xC1, 0xFE, 0xC5, 0xFE, 0x17, 0xFE, 0xB0, 0xAE, 0x01, 0x01, 0xB0, 0x01, 0x52, 0x01, 0xE8, 0x01,
    0x37, 0x01, 0x25, 0x01, 0xC5, 0x01, 0x39, 0xA1, 0x34, 0x7D, 0xD6, 0xA1, 0x65, 0x98, 0x5D, 0x0C,
    0x0C, 0x17, 0x7F, 0xBA, 0x72, 0x7A, 0xCF, 0x99, 0x54, 0x5C, 0x9B, 0xC4, 0x68, 0x6C, 0xBE, 0x7F,
    0x10, 0x0E, 0x01, 0x17, 0x01, 0x47, 0x40, 0x50, 0x63, 0x2D, 0x01, 0x01, 0x5B, 0xA6, 0xE7, 0xFE,
    0xE6, 0xA0, 0xF5, 0xFE, 0x8C, 0xFB, 0x7F, 0x85, 0x01, 0x02, 0x01, 0x7D, 0xF8, 0x72, 0xDA, 0xAE,
    0x2F, 0x55, 0x3E, 0xD3, 0xFD, 0xC7, 0x7F, 0x98, 0x42, 0x01, 0x44, 0x96, 0x7C, 0x70, 0x9D, 0x53,
    0x43, 0x99, 0xFD, 0xC2, 0xAB, 0x01, 0x4B, 0x01, 0xDC, 0x01, 0x32, 0x01, 0x2B, 0x01, 0xE1, 0x01,
    0x57, 0xB8, 0xB2, 0xFE, 0xC3, 0xFE, 0x59, 0xF7, 0xAB, 0xFE, 0xCF, 0xEC, 0x8B, 0x06, 0x05, 0x30,
    0x67, 0x4B, 0x3C, 0x63, 0x37, 0x05, 0x06, 0x65, 0xB7, 0x01, 0x04, 0xA5, 0xA1, 0xF6, 0xAE, 0x63,
    0x0E, 0x0F, 0x24, 0x4A, 0x2C, 0x70, 0xFC, 0x48, 0x4B, 0x5C, 0x7F, 0x01, 0x09, 0xCF, 0xAA, 0x01,
    0x15, 0xD2, 0x8D, 0x48, 0x95, 0xFE, 0xEE, 0xFE, 0x89, 0xE3, 0xF3, 0xFE, 0x89, 0xFF, 0x00, 0x84,
    0x24, 0x30, 0x12, 0xFE, 0x20, 0x3C, 0x26, 0x03, 0x64, 0x63, 0xC4, 0x92, 0x88, 0xAE, 0x54, 0x66,
    0xB3, 0x72, 0x72, 0xC9, 0x7D, 0x00, 0x00, 0x04, 0x00, 0x23, 0x00, 0x00, 0x06, 0xF0, 0x08, 0x00,
    0x00, 0x03, 0x00, 0x07, 0x00, 0x0B, 0x00, 0x0F, 0x00, 0x00, 0x61, 0x01, 0x21, 0x01, 0x01, 0x13,
    0x21, 0x03, 0x01, 0x01, 0x21, 0x01, 0x01, 0x13, 0x21, 0x03, 0x03, 0xBE, 0x01, 0x50, 0x01, 0x18,
    0xFE, 0xB0, 0xFB, 0x4D, 0x2F, 0x06, 0x28, 0x2F, 0xFA, 0xA3, 0x01, 0x50, 0x01, 0x18, 0xFE, 0xB0,
    0xFE, 0x94, 0x2E, 0x06, 0x28, 0x2E, 0x08, 0x00, 0xF8, 0x00, 0x02, 0x10, 0x01, 0x18, 0xFE, 0xE8,
    0xFD, 0xF0, 0x08, 0x00, 0xF8, 0x00, 0x04, 0xD8, 0x01, 0x18, 0xFE, 0xE8, 0x00, 0x06, 0x00, 0xB4,
    0xFF, 0xE2, 0x07, 0x93, 0x06, 0xC6, 0x00, 0x13, 0x00, 0x24, 0x00, 0x28, 0x00, 0x2C, 0x00, 0x30,
    0x00, 0x34, 0x00, 0x00, 0x45, 0x22, 0x24, 0x26, 0x02, 0x37, 0x26, 0x12, 0x36, 0x24, 0x33, 0x32,
    0x04, 0x16, 0x12, 0x17, 0x06, 0x02, 0x06, 0x04, 0x27, 0x32, 0x3E, 0x02, 0x35, 0x34, 0x02, 0x24,
    0x23, 0x22, 0x04, 0x02, 0x17, 0x06, 0x12, 0x04, 0x01, 0x27, 0x01, 0x17, 0x03, 0x01, 0x37, 0x01,
    0x05, 0x27, 0x01, 0x17, 0x03, 0x01, 0x37, 0x01, 0x04, 0x1F, 0xAC, 0xFE, 0xD1, 0xE6, 0x81, 0x01,
    0x01, 0x81, 0xE6, 0x01, 0x2F, 0xAC, 0xAC, 0x01, 0x2E, 0xE5, 0x83, 0x01, 0x01, 0x83, 0xE5, 0xFE,
    0xD2, 0xAC, 0x7A, 0xD5, 0xA0, 0x5C, 0x9E, 0xFE, 0xF5, 0xA2, 0xA4, 0xFE, 0xF4, 0x9E, 0x01, 0x01,
    0x9E, 0x01, 0x0C, 0x02, 0xFB, 0xB4, 0x01, 0x18, 0xB9, 0xB9, 0xFE, 0xE8, 0xB4, 0x01, 0x1D, 0xF9,
    0xD6, 0xB5, 0x01, 0x19, 0xB9, 0xB9, 0xFE, 0xE7, 0xB5, 0x01, 0x1D, 0x1C, 0x83, 0xEC, 0x01, 0x3A,
    0xB7, 0xB7, 0x01, 0x39, 0xEA, 0x82, 0x82, 0xEA, 0xFE, 0xC7, 0xB7, 0xB7, 0xFE, 0xC6, 0xEC, 0x83,
    0xF7, 0x60, 0xA9, 0xE0, 0x80, 0xAD, 0x01, 0x17, 0xA5, 0xA5, 0xFE, 0xE9, 0xAD, 0xAB, 0xFE, 0xE8,
    0xA6, 0x04, 0x13, 0xBC, 0x01, 0x1C, 0xBC, 0xF9, 0xD8, 0x01, 0x1C, 0xB8, 0xFE, 0xE8, 0xBC, 0xBC,
    0x01, 0x18, 0xB8, 0x03, 0xF0, 0x01, 0x1C, 0xBC, 0xFE, 0xE4, 0x00, 0x01, 0x00, 0x2D, 0xFE, 0xCC,
    0x03, 0xFE, 0x08, 0x60, 0x00, 0x03, 0x00, 0x00, 0x41, 0x01, 0x21, 0x01, 0x03, 0xFE, 0xFD, 0x6C,
    0xFE, 0xC3, 0x02, 0x94, 0x08, 0x60, 0xF6, 0x6C, 0x09, 0x94, 0x00, 0x01, 0x01, 0x50, 0xFD, 0x6C,
    0x02, 0xA0, 0x0A, 0x94, 0x00, 0x03, 0x00, 0x00, 0x41, 0x11, 0x21, 0x11, 0x02, 0xA0, 0xFE, 0xB0,
    0x0A, 0x94, 0xF2, 0xD8, 0x0D, 0x28, 0x00, 0x02, 0x01, 0x1D, 0xFE, 0x80, 0x02, 0x64, 0x08, 0x00,
    0x00, 0x03, 0x00, 0x07, 0x00, 0x00, 0x41, 0x21, 0x11, 0x21, 0x01, 0x11, 0x21, 0x11, 0x01, 0x1D,
    0x01, 0x47, 0xFE, 0xB9, 0x01, 0x47, 0xFE, 0xB9, 0x02, 0x35, 0xFC, 0x4B, 0x09, 0x80, 0xFC, 0x4F,
    0x03, 0xB1, 0x00, 0x01, 0x00, 0x2D, 0xFE, 0xCC, 0x03, 0xFE, 0x08, 0x60, 0x00, 0x03, 0x00, 0x00,
    0x41, 0x01, 0x21, 0x01, 0x02, 0xC1, 0xFD, 0x6C, 0x01, 0x3D, 0x02, 0x94, 0xFE, 0xCC, 0x09, 0x94,
    0xF6, 0x6C, 0x00, 0x01, 0x00, 0xC3, 0x02, 0xC0, 0x04, 0x5D, 0x03, 0xEA, 0x00, 0x03, 0x00, 0x00,
    0x41, 0x11, 0x21, 0x11, 0x04, 0x5D, 0xFC, 0x66, 0x03, 0xEA, 0xFE, 0xD6, 0x01, 0x2A, 0xFF, 0xFF,
    0x00, 0xC3, 0x02, 0xC0, 0x04, 0x5D, 0x03, 0xEA, 0x06, 0x06, 0x01, 0x10, 0x00, 0x00, 0x00, 0x01,
    0x00, 0xA0, 0x05, 0x0E, 0x01, 0xB4, 0x08, 0x00, 0x00, 0x03, 0x00, 0x00, 0x41, 0x11, 0x21, 0x11,
    0x01, 0xB4, 0xFE, 0xEC, 0x08, 0x00, 0xFD, 0x0E, 0x02, 0xF2, 0xFF, 0xFF, 0x00, 0xA0, 0x05, 0x0E,
    0x03, 0xB7, 0x08, 0x00, 0x04, 0x26, 0x01, 0x12, 0x00, 0x00, 0x00, 0x07, 0x01, 0x12, 0x02, 0x03,
    0x00, 0x00, 0x00, 0x01, 0x00, 0xA7, 0xFE, 0x0C, 0x02, 0x63, 0x01, 0x18, 0x00, 0x0B, 0x00, 0x00,
    0x41, 0x07, 0x06, 0x02, 0x06, 0x07, 0x23, 0x36, 0x36, 0x12, 0x37, 0x37, 0x02, 0x63, 0x0D, 0x0E,
    0x47, 0x4E, 0x18, 0xF4, 0x0E, 0x31, 0x2E, 0x08, 0x07, 0x01, 0x18, 0x6E, 0x7E, 0xFE, 0xFB, 0xDC,
    0x3F, 0x3D, 0xD2, 0x01, 0x06, 0x87, 0x70, 0x00, 0x00, 0x01, 0x00, 0xBC, 0xFF, 0xEA, 0x02, 0x75,
    0x01, 0xA0, 0x00, 0x0C, 0x00, 0x00, 0x45, 0x22, 0x26, 0x37, 0x26, 0x36, 0x33, 0x32, 0x16, 0x17,
    0x0E, 0x02, 0x01, 0x99, 0x5B, 0x82, 0x01, 0x01, 0x82, 0x5B, 0x58, 0x83, 0x01, 0x01, 0x3D, 0x63,
    0x16, 0x80, 0x5C, 0x5A, 0x80, 0x80, 0x5A, 0x3D, 0x64, 0x3B, 0x00, 0x02, 0x00, 0xBC, 0xFF, 0xEA,
    0x02, 0x75, 0x05, 0xE9, 0x00, 0x0C, 0x00, 0x19, 0x00, 0x00, 0x45, 0x22, 0x26, 0x37, 0x26, 0x36,
    0x33, 0x32, 0x16, 0x17, 0x0E, 0x02, 0x03, 0x22, 0x26, 0x37, 0x26, 0x36, 0x33, 0x32, 0x16, 0x17,
    0x0E, 0x02, 0x01, 0x99, 0x5B, 0x82, 0x01, 0x01, 0x82, 0x5B, 0x58, 0x83, 0x01, 0x01, 0x3D, 0x63,
    0x3B, 0x5B, 0x82, 0x01, 0x01, 0x82, 0x5B, 0x58, 0x83, 0x01, 0x01, 0x3D, 0x63, 0x16, 0x80, 0x5C,
    0x5A, 0x80, 0x80, 0x5A, 0x3D, 0x64, 0x3B, 0x04, 0x48, 0x81, 0x5B, 0x5A, 0x81, 0x81, 0x5A, 0x3C,
    0x64, 0x3C, 0x00, 0x02, 0x00, 0xA7, 0xFE, 0x0C, 0x02, 0x99, 0x05, 0xE9, 0x00, 0x0B, 0x00, 0x18,
    0x00, 0x00, 0x41, 0x07, 0x06, 0x02, 0x06, 0x07, 0x23, 0x36, 0x36, 0x12, 0x37, 0x37, 0x13, 0x22,
    0x26, 0x37, 0x26, 0x36, 0x33, 0x32, 0x16, 0x17, 0x0E, 0x02, 0x02, 0x63, 0x0D, 0x0E, 0x47, 0x4E,
    0x18, 0xF4, 0x0E, 0x31, 0x2E, 0x08, 0x07, 0x9A, 0x5B, 0x82, 0x01, 0x01, 0x82, 0x5B, 0x58, 0x83,
    0x01, 0x01, 0x3D, 0x63, 0x01, 0x18, 0x6E, 0x7E, 0xFE, 0xFB, 0xDC, 0x3F, 0x3D, 0xD2, 0x01, 0x06,
    0x87, 0x70, 0x03, 0x1A, 0x81, 0x5B, 0x5A, 0x81, 0x81, 0x5A, 0x3C, 0x64, 0x3C, 0x00, 0xFF, 0xFF,
    0x00, 0xBC, 0x02, 0xA5, 0x02, 0x75, 0x04, 0x5B, 0x06, 0x07, 0x01, 0x15, 0x00, 0x00, 0x02, 0xBB,
    0x00, 0x02, 0x00, 0xAC, 0x00, 0xDC, 0x03, 0x86, 0x05, 0xA8, 0x00, 0x04, 0x00, 0x09, 0x00, 0x00,
    0x65, 0x21, 0x01, 0x35, 0x21, 0x01, 0x01, 0x21, 0x35, 0x01, 0x03, 0x86, 0xFE, 0xBA, 0xFE, 0x6C,
    0x01, 0x5A, 0x01, 0x80, 0xFE, 0x80, 0xFE, 0xA6, 0x01, 0x94, 0xDC, 0x02, 0x58, 0x14, 0x02, 0x60,
    0xFD, 0x94, 0x14, 0x02, 0x58, 0x00, 0x00, 0x02, 0x00, 0x9E, 0x00, 0xDC, 0x03, 0x78, 0x05, 0xA8,
    0x00, 0x04, 0x00, 0x09, 0x00, 0x00, 0x77, 0x01, 0x21, 0x15, 0x01, 0x01, 0x21, 0x01, 0x15, 0x21,
    0x9E, 0x01, 0x80, 0x01, 0x5A, 0xFE, 0x6C, 0xFE, 0xBA, 0x01, 0x46, 0x01, 0x94, 0xFE, 0xA6, 0xDC,
    0x02, 0x6C, 0x14, 0xFD, 0xA8, 0x04, 0xCC, 0xFD, 0xA8, 0x14, 0xFF, 0xFF, 0x00, 0xAC, 0x00, 0xDC,
    0x05, 0xE8, 0x05, 0xA8, 0x04, 0x26, 0x01, 0x19, 0x00, 0x00, 0x00, 0x07, 0x01, 0x19, 0x02, 0x62,
    0x00, 0x00, 0xFF, 0xFF, 0x00, 0x9E, 0x00, 0xDC, 0x05, 0xE0, 0x05, 0xA8, 0x04, 0x26, 0x01, 0x1A,
    0x00, 0x00, 0x00, 0x07, 0x01, 0x1A, 0x02, 0x68, 0x00, 0x00, 0x00, 0x01, 0x01, 0x07, 0x00, 0x25,
    0x06, 0x5F, 0x06, 0x35, 0x00, 0x09, 0x00, 0x00, 0x41, 0x11, 0x01, 0x11, 0x01, 0x37, 0x15, 0x27,
    0x01, 0x11, 0x01, 0x07, 0x05, 0x58, 0xFC, 0x34, 0x0B, 0x0B, 0x03, 0xCC, 0x02, 0x9D, 0x01, 0x20,
    0x02, 0x78, 0xFE, 0x9D, 0xFE, 0x5F, 0x13, 0x2E, 0x13, 0xFE, 0x5F, 0xFE, 0x9D, 0x00, 0x00, 0x01,
    0x01, 0x07, 0x00, 0x25, 0x06, 0x5F, 0x06, 0x35, 0x00, 0x09, 0x00, 0x00, 0x41, 0x01, 0x11, 0x01,
    0x07, 0x35, 0x17, 0x01, 0x11, 0x01, 0x06, 0x5F, 0xFA, 0xA8, 0x03, 0xCC, 0x0B, 0x0B, 0xFC, 0x34,
    0x05, 0x58, 0x02, 0x9D, 0xFD, 0x88, 0x01, 0x63, 0x01, 0xA1, 0x13, 0x2E, 0x13, 0x01, 0xA1, 0x01,
    0x63, 0xFD, 0x88, 0x00, 0x00, 0x02, 0x01, 0x1A, 0x01, 0x52, 0x06, 0x4D, 0x05, 0x07, 0x00, 0x03,
    0x00, 0x07, 0x00, 0x00, 0x41, 0x11, 0x21, 0x11, 0x01, 0x11, 0x21, 0x11, 0x01, 0x1A, 0x05, 0x33,
    0xFA, 0xCD, 0x05, 0x33, 0x03, 0xD2, 0x01, 0x35, 0xFE, 0xCB, 0xFD, 0x80, 0x01, 0x35, 0xFE, 0xCB,
    0x00, 0x02, 0x00, 0xFF, 0x00, 0x79, 0x06, 0x67, 0x05, 0xE1, 0x00, 0x03, 0x00, 0x07, 0x00, 0x00,
    0x65, 0x11, 0x21, 0x11, 0x01, 0x11, 0x21, 0x11, 0x03, 0x16, 0x01, 0x3A, 0xFC, 0xAF, 0x05, 0x68,
    0x79, 0x05, 0x68, 0xFA, 0x98, 0x02, 0x17, 0x01, 0x3A, 0xFE, 0xC6, 0x00, 0x00, 0x02, 0x00, 0xF8,
    0x00, 0x72, 0x06, 0x6E, 0x05, 0xE8, 0x00, 0x03, 0x00, 0x07, 0x00, 0x00, 0x65, 0x01, 0x37, 0x01,
    0x05, 0x27, 0x01, 0x17, 0x05, 0x8D, 0xFB, 0x6B, 0xE2, 0x04, 0x94, 0xFB, 0x6C, 0xE2, 0x04, 0x95,
    0xE1, 0x72, 0x04, 0x93, 0xE3, 0xFB, 0x6B, 0xE1, 0xE1, 0x04, 0x95, 0xE3, 0x00, 0x03, 0x01, 0x0B,
    0x00, 0x32, 0x06, 0x5B, 0x06, 0x28, 0x00, 0x03, 0x00, 0x0F, 0x00, 0x1C, 0x00, 0x00, 0x41, 0x11,
    0x21, 0x11, 0x01, 0x22, 0x26, 0x35, 0x34, 0x36, 0x33, 0x32, 0x16, 0x15, 0x14, 0x06, 0x03, 0x22,
    0x26, 0x26, 0x35, 0x34, 0x36, 0x33, 0x32, 0x16, 0x15, 0x14, 0x06, 0x06, 0x5B, 0xFA, 0xB0, 0x02,
    0xA8, 0x5C, 0x81, 0x81, 0x5C, 0x5A, 0x80, 0x80, 0x5A, 0x3D, 0x65, 0x3B, 0x81, 0x5C, 0x5A, 0x80,
    0x80, 0x03, 0xC3, 0xFE, 0xD3, 0x01, 0x2D, 0xFC, 0x6F, 0x81, 0x5C, 0x5A, 0x80, 0x80, 0x5A, 0x5C,
    0x81, 0x04, 0x3F, 0x3B, 0x65, 0x3D, 0x5A, 0x80, 0x80, 0x5A, 0x5B, 0x82, 0x00, 0x03, 0x01, 0x07,
    0x00, 0x53, 0x06, 0x5F, 0x06, 0x20, 0x00, 0x03, 0x00, 0x07, 0x00, 0x0B, 0x00, 0x00, 0x65, 0x11,
    0x21, 0x11, 0x01, 0x11, 0x21, 0x11, 0x01, 0x11, 0x21, 0x11, 0x01, 0x07, 0x05, 0x58, 0xFA, 0xA8,
    0x05, 0x58, 0xFC, 0xB7, 0x01, 0x3A, 0x53, 0x01, 0x2D, 0xFE, 0xD3, 0x03, 0x38, 0x01, 0x27, 0xFE,
    0xD9, 0xFE, 0x92, 0x04, 0x03, 0xFB, 0xFD, 0x00, 0x00, 0x01, 0x00, 0xD8, 0x02, 0x0A, 0x06, 0x8F,
    0x04, 0x5C, 0x00, 0x1B, 0x00, 0x00, 0x53, 0x26, 0x36, 0x36, 0x33, 0x32, 0x16, 0x17, 0x16, 0x16,
    0x33, 0x32, 0x36, 0x27, 0x21, 0x16, 0x06, 0x06, 0x23, 0x22, 0x26, 0x27, 0x26, 0x26, 0x23, 0x22,
    0x06, 0x17, 0xDD, 0x05, 0x6B, 0xC1, 0x7D, 0x61, 0xAA, 0x6E, 0x3F, 0x52, 0x35, 0x4C, 0x5F, 0x03,
    0x01, 0x22, 0x05, 0x6D, 0xC2, 0x7A, 0x64, 0xAC, 0x6B, 0x42, 0x4F, 0x34, 0x49, 0x61, 0x02, 0x02,
    0x3B, 0xB6, 0xF2, 0x79, 0x51, 0x61, 0x36, 0x36, 0x75, 0x77, 0xB5, 0xF2, 0x79, 0x54, 0x5D, 0x3A,
    0x32, 0x6D, 0x7F, 0x00, 0x00, 0x02, 0x00, 0xD7, 0x02, 0x04, 0x05, 0x6A, 0x04, 0x54, 0x00, 0x03,
    0x00, 0x07, 0x00, 0x00, 0x41, 0x15, 0x21, 0x35, 0x05, 0x11, 0x21, 0x11, 0x05, 0x6A, 0xFB, 0x6D,
    0x04, 0x93, 0xFE, 0xE7, 0x04, 0x54, 0xEC, 0xEC, 0x6C, 0xFE, 0x1C, 0x01, 0xE4, 0x00, 0x00, 0x01,
    0xFF, 0xFE, 0xFE, 0xDF, 0x05, 0x29, 0x00, 0x00, 0x00, 0x03, 0x00, 0x00, 0x61, 0x11, 0x21, 0x11,
    0x05, 0x29, 0xFA, 0xD5, 0xFE, 0xDF, 0x01, 0x21, 0x00, 0x02, 0x00, 0x63, 0x04, 0x60, 0x04, 0xE8,
    0x07, 0xCD, 0x00, 0x03, 0x00, 0x0B, 0x00, 0x00, 0x41, 0x33, 0x15, 0x23, 0x01, 0x01, 0x21, 0x01,
    0x21, 0x01, 0x33, 0x01, 0x02, 0x82, 0x48, 0x48, 0xFD, 0xE1, 0x01, 0xA3, 0x01, 0x40, 0x01, 0xA2,
    0xFE, 0xDA, 0xFE, 0xD9, 0x15, 0xFE, 0xDB, 0x07, 0x32, 0x6B, 0xFD, 0x99, 0x03, 0x6D, 0xFC, 0x93,
    0x02, 0x8F, 0xFD, 0x71, 0x00, 0x01, 0x00, 0xCC, 0x03, 0x80, 0x05, 0x2E, 0x08, 0x00, 0x00, 0x11,
    0x00, 0x00, 0x41, 0x13, 0x05, 0x27, 0x25, 0x25, 0x37, 0x05, 0x03, 0x33, 0x03, 0x25, 0x17, 0x05,
    0x05, 0x07, 0x25, 0x13, 0x02, 0x83, 0x17, 0xFE, 0xAC, 0x7A, 0x01, 0x6B, 0xFE, 0x95, 0x7A, 0x01,
    0x54, 0x17, 0xF3, 0x16, 0x01, 0x54, 0x7A, 0xFE, 0x94, 0x01, 0x6C, 0x7A, 0xFE, 0xAC, 0x16, 0x03,
    0x80, 0x01, 0x95, 0xDF, 0xD4, 0xB6, 0xB6, 0xD4, 0xDF, 0x01, 0x95, 0xFE, 0x6B, 0xDF, 0xD4, 0xB6,
    0xB6, 0xD4, 0xDF, 0xFE, 0x6B, 0x00, 0x00, 0x04, 0x00, 0x8A, 0x01, 0xDC, 0x06, 0xCA, 0x08, 0x1C,
    0x00, 0x15, 0x00, 0x19, 0x00, 0x2D, 0x00, 0x3D, 0x00, 0x00, 0x41, 0x11, 0x21, 0x32, 0x16, 0x16,
    0x15, 0x14, 0x06, 0x06, 0x23, 0x23, 0x35, 0x33, 0x32, 0x36, 0x35, 0x34, 0x26, 0x23, 0x23, 0x11,
    0x01, 0x13, 0x23, 0x03, 0x13, 0x22, 0x24, 0x26, 0x02, 0x35, 0x34, 0x12, 0x36, 0x24, 0x33, 0x32,
    0x04, 0x16, 0x12, 0x15, 0x14, 0x02, 0x06, 0x04, 0x27, 0x32, 0x24, 0x12, 0x35, 0x34, 0x02, 0x24,
    0x23, 0x22, 0x04, 0x02, 0x15, 0x14, 0x12, 0x04, 0x02, 0x8B, 0x01, 0x6D, 0x3E, 0x71, 0x47, 0x4A,
    0x75, 0x40, 0xFF, 0xD3, 0x27, 0x42, 0x42, 0x24, 0x85, 0x01, 0x19, 0xAE, 0xC8, 0xA5, 0x0F, 0xA6,
    0xFE, 0xDE, 0xDC, 0x7C, 0x7C, 0xDC, 0x01, 0x22, 0xA6, 0xA6, 0x01, 0x22, 0xDC, 0x7C, 0x7C, 0xDC,
    0xFE, 0xDE, 0xA6, 0xA4, 0x01, 0x0E, 0xA1, 0xA1, 0xFE, 0xF2, 0xA4, 0xA5, 0xFE, 0xF2, 0xA1, 0xA1,
    0x01, 0x0E, 0x03, 0x94, 0x02, 0xE2, 0x37, 0x6C, 0x4F, 0x4F, 0x6F, 0x3A, 0x85, 0x3A, 0x39, 0x3C,
    0x30, 0xFD, 0xA4, 0x01, 0x57, 0xFE, 0xA9, 0x01, 0x57, 0xFC, 0xF1, 0x7C, 0xDC, 0x01, 0x22, 0xA6,
    0xA6, 0x01, 0x22, 0xDC, 0x7C, 0x7C, 0xDC, 0xFE, 0xDE, 0xA6, 0xA6, 0xFE, 0xDE, 0xDC, 0x7C, 0xCD,
    0xA0, 0x01, 0x0F, 0xA4, 0xA4, 0x01, 0x0F, 0xA0, 0xA0, 0xFE, 0xF1, 0xA4, 0xA4, 0xFE, 0xF2, 0xA1,
    0x00, 0x03, 0x00, 0xE7, 0xFF, 0xE0, 0x09, 0x29, 0x08, 0x20, 0x00, 0x1F, 0x00, 0x33, 0x00, 0x47,
    0x00, 0x00, 0x41, 0x34, 0x12, 0x24, 0x33, 0x32, 0x16, 0x16, 0x17, 0x21, 0x26, 0x26, 0x23, 0x22,
    0x06, 0x06, 0x15, 0x14, 0x16, 0x16, 0x33, 0x32, 0x36, 0x37, 0x21, 0x0E, 0x02, 0x23, 0x22, 0x24,
    0x02, 0x01, 0x22, 0x24, 0x00, 0x02, 0x37, 0x36, 0x12, 0x00, 0x24, 0x33, 0x32, 0x04, 0x00, 0x12,
    0x17, 0x16, 0x02, 0x00, 0x04, 0x03, 0x32, 0x24, 0x36, 0x12, 0x35, 0x26, 0x02, 0x26, 0x24, 0x23,
    0x22, 0x04, 0x06, 0x02, 0x07, 0x14, 0x12, 0x16, 0x04, 0x02, 0xD2, 0x9B, 0x01, 0x05, 0x9E, 0x8B,
    0xEA, 0x99, 0x11, 0xFE, 0xE9, 0x11, 0x96, 0x61, 0x54, 0x8B, 0x53, 0x53, 0x8B, 0x54, 0x61, 0x8A,
    0x11, 0x01, 0x17, 0x11, 0x93, 0xE4, 0x8B, 0x9E, 0xFE, 0xFB, 0x9B, 0x02, 0x36, 0xDA, 0xFE, 0x81,
    0xFE, 0xDD, 0xA5, 0x01, 0x01, 0xA5, 0x01, 0x22, 0x01, 0x7E, 0xDA, 0xDB, 0x01, 0x7F, 0x01, 0x21,
    0xA4, 0x01, 0x01, 0xA4, 0xFE, 0xDE, 0xFE, 0x80, 0xDB, 0x9D, 0x01, 0x14, 0xCF, 0x75, 0x01, 0x75,
    0xD0, 0xFE, 0xEE, 0x9D, 0x9C, 0xFE, 0xEE, 0xD0, 0x76, 0x01, 0x75, 0xD0, 0x01, 0x13, 0x04, 0x00,
    0x9E, 0x01, 0x05, 0x9B, 0x78, 0xD0, 0x83, 0x55, 0x6B, 0x53, 0x8B, 0x54, 0x55, 0x8B, 0x54, 0x6B,
    0x55, 0x83, 0xD0, 0x78, 0x9B, 0x01, 0x05, 0xFC, 0x7E, 0xA4, 0x01, 0x23, 0x01, 0x7E, 0xDB, 0xDB,
    0x01, 0x7E, 0x01, 0x23, 0xA4, 0xA4, 0xFE, 0xDD, 0xFE, 0x82, 0xDB, 0xDB, 0xFE, 0x82, 0xFE, 0xDD,
    0xA4, 0x01, 0x2B, 0x76, 0xCF, 0x01, 0x13, 0x9C, 0x9D, 0x01, 0x14, 0xCF, 0x76, 0x76, 0xD0, 0xFE,
    0xED, 0x9D, 0x9B, 0xFE, 0xED, 0xD0, 0x76, 0x00, 0x00, 0x02, 0x00, 0xA4, 0x04, 0x4D, 0x04, 0x66,
    0x08, 0x0E, 0x00, 0x0F, 0x00, 0x1F, 0x00, 0x00, 0x41, 0x22, 0x26, 0x26, 0x35, 0x34, 0x36, 0x36,
    0x33, 0x32, 0x16, 0x16, 0x15, 0x14, 0x06, 0x06, 0x03, 0x32, 0x36, 0x36, 0x35, 0x34, 0x26, 0x26,
    0x23, 0x22, 0x06, 0x06, 0x15, 0x14, 0x16, 0x16, 0x02, 0x85, 0x85, 0xDA, 0x82, 0x82, 0xDA, 0x85,
    0x85, 0xDA, 0x82, 0x82, 0xDA, 0x85, 0x3E, 0x66, 0x3D, 0x3D, 0x66, 0x3E, 0x3E, 0x66, 0x3D, 0x3C,
    0x67, 0x04, 0x4D, 0x81, 0xDB, 0x85, 0x84, 0xDB, 0x81, 0x81, 0xDB, 0x84, 0x85, 0xDB, 0x81, 0x01,
    0x00, 0x3C, 0x66, 0x3F, 0x3E, 0x66, 0x3C, 0x3C, 0x66, 0x3E, 0x3E, 0x67, 0x3C, 0x00, 0x00, 0x02,
    0x00, 0xD9, 0x03, 0xB8, 0x04, 0x61, 0x07, 0xF0, 0x00, 0x15, 0x00, 0x2C, 0x00, 0x00, 0x41, 0x11,
    0x34, 0x26, 0x23, 0x22, 0x06, 0x15, 0x27, 0x34, 0x36, 0x33, 0x32, 0x16, 0x15, 0x11, 0x14, 0x16,
    0x17, 0x23, 0x26, 0x26, 0x13, 0x15, 0x23, 0x22, 0x06, 0x15, 0x14, 0x16, 0x33, 0x32, 0x36, 0x36,
    0x35, 0x17, 0x06, 0x06, 0x23, 0x22, 0x26, 0x35, 0x34, 0x36, 0x33, 0x03, 0x46, 0x4F, 0x54, 0x5B,
    0x66, 0xF3, 0xEF, 0xC5, 0xB8, 0xE0, 0x0E, 0x18, 0xF9, 0x0F, 0x13, 0x3E, 0xCB, 0x79, 0x70, 0x4E,
    0x55, 0x39, 0x75, 0x4F, 0x18, 0x1F, 0xA4, 0x8F, 0xA8, 0xB5, 0xEE, 0xF2, 0x04, 0xA0, 0x01, 0xD4,
    0x55, 0x5B, 0x46, 0x42, 0x12, 0x8C, 0xB6, 0xBF, 0xBD, 0xFE, 0x50, 0x3D, 0x7D, 0x40, 0x2F, 0x6F,
    0x01, 0xC6, 0xA0, 0x5C, 0x3C, 0x37, 0x41, 0x33, 0x49, 0x22, 0xA2, 0x43, 0x7F, 0xAB, 0x8D, 0x99,
    0xA5, 0x00, 0x00, 0x02, 0x00, 0xB4, 0x03, 0xB6, 0x04, 0x7F, 0x07, 0xF0, 0x00, 0x0F, 0x00, 0x1D,
    0x00, 0x00, 0x53, 0x35, 0x34, 0x36, 0x36, 0x33, 0x32, 0x00, 0x15, 0x15, 0x14, 0x06, 0x06, 0x23,
    0x22, 0x00, 0x13, 0x15, 0x14, 0x16, 0x33, 0x32, 0x36, 0x35, 0x35, 0x34, 0x26, 0x23, 0x22, 0x06,
    0xB4, 0x77, 0xDA, 0x95, 0xE1, 0x01, 0x04, 0x74, 0xD8, 0x95, 0xE3, 0xFE, 0xF9, 0xF5, 0x7A, 0x7B,
    0x77, 0x75, 0x76, 0x7A, 0x78, 0x79, 0x05, 0x9C, 0x6A, 0x8F, 0xDD, 0x7E, 0xFE, 0xED, 0xD7, 0x6A,
    0x8E, 0xDB, 0x7D, 0x01, 0x11, 0x01, 0x3F, 0x6A, 0x7B, 0xA1, 0xA1, 0x7B, 0x6A, 0x78, 0xA6, 0xA6,
    0x00, 0x02, 0x00, 0x8E, 0x00, 0x00, 0x05, 0xE2, 0x08, 0x00, 0x00, 0x0C, 0x00, 0x10, 0x00, 0x00,
    0x41, 0x21, 0x11, 0x23, 0x22, 0x24, 0x02, 0x35, 0x34, 0x12, 0x24, 0x33, 0x21, 0x03, 0x11, 0x21,
    0x11, 0x05, 0x65, 0xFE, 0x50, 0x76, 0xDF, 0xFE, 0xCD, 0x9F, 0x9F, 0x01, 0x33, 0xDF, 0x02, 0x26,
    0xB8, 0x01, 0x35, 0x06, 0xDC, 0xFC, 0x1C, 0xA7, 0x01, 0x23, 0xBA, 0xB8, 0x01, 0x23, 0xA9, 0xF8,
    0x00, 0x08, 0x00, 0xF8, 0x00, 0x00, 0x00, 0x02, 0x00, 0x95, 0xFE, 0x62, 0x05, 0xCB, 0x08, 0x1C,
    0x00, 0x42, 0x00, 0x53, 0x00, 0x00, 0x41, 0x21, 0x34, 0x26, 0x23, 0x22, 0x06, 0x06, 0x15, 0x14,
    0x16, 0x16, 0x17, 0x05, 0x1E, 0x03, 0x07, 0x0E, 0x02, 0x07, 0x07, 0x16, 0x16, 0x17, 0x14, 0x06,
    0x06, 0x23, 0x22, 0x24, 0x26, 0x35, 0x21, 0x06, 0x16, 0x37, 0x36, 0x36, 0x37, 0x34, 0x26, 0x26,
    0x27, 0x25, 0x2E, 0x03, 0x37, 0x3E, 0x02, 0x37, 0x35, 0x26, 0x26, 0x35, 0x34, 0x36, 0x36, 0x33,
    0x32, 0x16, 0x16, 0x03, 0x36, 0x26, 0x26, 0x27, 0x25, 0x26, 0x06, 0x06, 0x07, 0x06, 0x16, 0x17,
    0x05, 0x16, 0x36, 0x36, 0x05, 0x50, 0xFE, 0xBA, 0x71, 0x75, 0x41, 0x63, 0x36, 0x3F, 0x5D, 0x2A,
    0x01, 0x81, 0x27, 0x6E, 0x66, 0x3F, 0x06, 0x05, 0x54, 0x75, 0x37, 0x03, 0x50, 0x50, 0x01, 0x99,
    0xFF, 0x9C, 0xB0, 0xFE, 0xF2, 0x97, 0x01, 0x48, 0x01, 0x95, 0x7C, 0x58, 0x8F, 0x01, 0x40, 0x5B,
    0x28, 0xFE, 0x7F, 0x28, 0x6E, 0x66, 0x40, 0x06, 0x05, 0x4F, 0x75, 0x3E, 0x48, 0x58, 0x8C, 0xF6,
    0xA0, 0xA8, 0xFA, 0x8A, 0xBE, 0x04, 0x29, 0x4F, 0x36, 0xFE, 0x9E, 0x26, 0x55, 0x3C, 0x03, 0x05,
    0x60, 0x52, 0x01, 0x5A, 0x23, 0x57, 0x42, 0x06, 0x0C, 0x5E, 0x7E, 0x2B, 0x4B, 0x30, 0x34, 0x58,
    0x41, 0x14, 0xC3, 0x13, 0x45, 0x6D, 0x99, 0x68, 0x50, 0x7E, 0x53, 0x11, 0x04, 0x46, 0xB2, 0x6C,
    0x9A, 0xD5, 0x6D, 0x84, 0xF1, 0xA5, 0x70, 0x78, 0x03, 0x01, 0x51, 0x55, 0x3C, 0x55, 0x3B, 0x15,
    0xBF, 0x13, 0x46, 0x6E, 0x9B, 0x68, 0x50, 0x7E, 0x54, 0x12, 0x05, 0x46, 0xAD, 0x6E, 0x88, 0xD7,
    0x7B, 0x88, 0xEF, 0xFC, 0x25, 0x2A, 0x4B, 0x40, 0x1A, 0xB1, 0x13, 0x1E, 0x51, 0x38, 0x43, 0x67,
    0x27, 0xAB, 0x12, 0x1D, 0x4D, 0x00, 0x00, 0x01, 0x00, 0x6A, 0x04, 0x00, 0x02, 0xA8, 0x08, 0xCC,
    0x00, 0x07, 0x00, 0x00, 0x41, 0x11, 0x23, 0x05, 0x35, 0x25, 0x33, 0x11, 0x01, 0xA0, 0x09, 0xFE,
    0xD3, 0x01, 0x41, 0xFD, 0x04, 0x00, 0x03, 0xC9, 0xC1, 0xF6, 0xCE, 0xFB, 0x34, 0x00, 0x00, 0x01,
    0x00, 0x6E, 0x04, 0x00, 0x04, 0x40, 0x08, 0xDC, 0x00, 0x1C, 0x00, 0x00, 0x53, 0x35, 0x01, 0x3E,
    0x02, 0x35, 0x34, 0x26, 0x23, 0x22, 0x06, 0x15, 0x21, 0x34, 0x24, 0x33, 0x32, 0x16, 0x16, 0x15,
    0x14, 0x06, 0x06, 0x07, 0x07, 0x15, 0x21, 0x15, 0x81, 0x01, 0xE1, 0x3C, 0x56, 0x2E, 0x7C, 0x5A,
    0x60, 0x75, 0xFE, 0xF7, 0x01, 0x0F, 0xD3, 0x8F, 0xD5, 0x76, 0x46, 0x94, 0x73, 0xCE, 0x02, 0x31,
    0x04, 0x00, 0xC7, 0x01, 0x8F, 0x32, 0x53, 0x51, 0x30, 0x4E, 0x58, 0x61, 0x56, 0xBA, 0xD7, 0x65,
    0xAC, 0x6B, 0x56, 0x93, 0x93, 0x55, 0xA4, 0x09, 0xE2, 0x00, 0x00, 0x01, 0x00, 0x65, 0x03, 0xF0,
    0x04, 0x6E, 0x08, 0xDC, 0x00, 0x2D, 0x00, 0x00, 0x41, 0x22, 0x26, 0x26, 0x27, 0x21, 0x16, 0x16,
    0x33, 0x32, 0x36, 0x35, 0x34, 0x26, 0x23, 0x23, 0x35, 0x33, 0x32, 0x36, 0x35, 0x34, 0x26, 0x23,
    0x22, 0x06, 0x07, 0x21, 0x3E, 0x02, 0x33, 0x32, 0x16, 0x16, 0x15, 0x14, 0x06, 0x07, 0x15, 0x16,
    0x16, 0x15, 0x14, 0x06, 0x06, 0x02, 0x66, 0x93, 0xE6, 0x85, 0x03, 0x01, 0x1A, 0x04, 0x83, 0x60,
    0x63, 0x85, 0x8A, 0x77, 0x7F, 0x7F, 0x63, 0x7E, 0x6D, 0x57, 0x5C, 0x81, 0x03, 0xFE, 0xF7, 0x02,
    0x83, 0xDC, 0x89, 0x8B, 0xD1, 0x74, 0x95, 0x69, 0x92, 0x9F, 0x86, 0xEB, 0x03, 0xF0, 0x5D, 0xA6,
    0x6D, 0x40, 0x4A, 0x52, 0x47, 0x45, 0x58, 0xCD, 0x53, 0x43, 0x41, 0x52, 0x50, 0x40, 0x6B, 0xA3,
    0x5C, 0x5C, 0x9E, 0x62, 0x6C, 0x84, 0x10, 0x0A, 0x10, 0x97, 0x73, 0x6A, 0xA4, 0x5E, 0x00, 0x01,
    0x00, 0x61, 0x00, 0x00, 0x03, 0xD9, 0x04, 0x50, 0x00, 0x1A, 0x00, 0x00, 0x73, 0x35, 0x01, 0x36,
    0x36, 0x35, 0x34, 0x26, 0x23, 0x22, 0x06, 0x15, 0x23, 0x34, 0x36, 0x33, 0x32, 0x16, 0x15, 0x14,
    0x06, 0x06, 0x07, 0x07, 0x15, 0x21, 0x15, 0x73, 0x01, 0xB6, 0x4F, 0x5A, 0x6F, 0x51, 0x53, 0x6B,
    0xF3, 0xF5, 0xC1, 0xC4, 0xE9, 0x3F, 0x86, 0x69, 0xB3, 0x01, 0xF6, 0xB8, 0x01, 0x5D, 0x40, 0x63,
    0x3D, 0x44, 0x4D, 0x53, 0x4B, 0xA5, 0xC3, 0xC7, 0x90, 0x4D, 0x83, 0x81, 0x4A, 0x84, 0x0A, 0xD0,
    0x00, 0x02, 0x00, 0x51, 0x00, 0x00, 0x04, 0x2F, 0x04, 0x40, 0x00, 0x09, 0x00, 0x0F, 0x00, 0x00,
    0x77, 0x35, 0x01, 0x33, 0x11, 0x23, 0x01, 0x15, 0x21, 0x15, 0x05, 0x35, 0x37, 0x11, 0x33, 0x11,
    0x51, 0x02, 0x01, 0xAE, 0x66, 0xFE, 0xBC, 0x02, 0xD9, 0xFE, 0x70, 0x04, 0xEF, 0xB6, 0xCA, 0x02,
    0xC0, 0xFE, 0xEE, 0xFE, 0x5D, 0x07, 0xCE, 0xB6, 0xF3, 0x5B, 0x02, 0xF2, 0xFB, 0xC0, 0x00, 0x01,
    0xFE, 0x43, 0x00, 0x00, 0x04, 0xBE, 0x08, 0x00, 0x00, 0x03, 0x00, 0x00, 0x61, 0x01, 0x33, 0x01,
    0xFE, 0x43, 0x05, 0x80, 0xFB, 0xFA, 0x80, 0x08, 0x00, 0xF8, 0x00, 0x00, 0x00, 0x01, 0x00, 0x58,
    0x04, 0x00, 0x02, 0x65, 0x08, 0x40, 0x00, 0x07, 0x00, 0x00, 0x41, 0x11, 0x23, 0x05, 0x35, 0x25,
    0x33, 0x11, 0x01, 0x68, 0x08, 0xFE, 0xF8, 0x01, 0x1B, 0xF2, 0x04, 0x00, 0x03, 0x48, 0xAA, 0xED,
    0xB5, 0xFB, 0xC0, 0x00, 0x00, 0x01, 0x00, 0x5A, 0x03, 0xF0, 0x04, 0x02, 0x08, 0x50, 0x00, 0x2D,
    0x00, 0x00, 0x41, 0x22, 0x26, 0x26, 0x27, 0x21, 0x16, 0x16, 0x33, 0x32, 0x36, 0x35, 0x34, 0x26,
    0x23, 0x23, 0x35, 0x33, 0x32, 0x36, 0x35, 0x34, 0x26, 0x23, 0x22, 0x06, 0x07, 0x23, 0x3E, 0x02,
    0x33, 0x32, 0x16, 0x16, 0x15, 0x14, 0x06, 0x07, 0x15, 0x16, 0x16, 0x15, 0x14, 0x06, 0x06, 0x02,
    0x2C, 0x8A, 0xD1, 0x76, 0x01, 0x01, 0x04, 0x02, 0x73, 0x54, 0x5A, 0x77, 0x7A, 0x69, 0x75, 0x75,
    0x57, 0x71, 0x61, 0x52, 0x4D, 0x72, 0x02, 0xF7, 0x02, 0x77, 0xC7, 0x7D, 0x7E, 0xBE, 0x6B, 0x80,
    0x67, 0x86, 0x8D, 0x7A, 0xD4, 0x03, 0xF0, 0x57, 0x96, 0x5F, 0x37, 0x43, 0x4A, 0x3A, 0x3B, 0x4A,
    0xBC, 0x48, 0x39, 0x37, 0x49, 0x45, 0x37, 0x5F, 0x92, 0x53, 0x53, 0x8C, 0x57, 0x5B, 0x79, 0x0E,
    0x0A, 0x0E, 0x87, 0x64, 0x5F, 0x93, 0x53, 0x00, 0xFF, 0xFF, 0x00, 0x58, 0x00, 0x00, 0x09, 0xC3,
    0x08, 0x00, 0x04, 0x27, 0x01, 0x35, 0x03, 0x1E, 0x00, 0x00, 0x00, 0x26, 0x01, 0x36, 0x00, 0xC0,
    0x00, 0x07, 0x01, 0x33, 0x05, 0xEA, 0x00, 0x00, 0xFF, 0xFF, 0x00, 0x58, 0x00, 0x00, 0x09, 0x67,
    0x08, 0x00, 0x04, 0x27, 0x01, 0x35, 0x03, 0x1E, 0x00, 0x00, 0x00, 0x26, 0x01, 0x36, 0x00, 0xC0,
    0x00, 0x07, 0x01, 0x34, 0x05, 0x38, 0x00, 0x00, 0xFF, 0xFF, 0x00, 0x5A, 0x00, 0x00, 0x0A, 0x46,
    0x08, 0x10, 0x04, 0x27, 0x01, 0x35, 0x03, 0xFD, 0x00, 0x00, 0x00, 0x27, 0x01, 0x34, 0x06, 0x16,
    0x00, 0x00, 0x00, 0x06, 0x01, 0x37, 0x00, 0xC0, 0x00, 0x05, 0x00, 0xEC, 0xFF, 0xC7, 0x08, 0x5F,
    0x08, 0x39, 0x00, 0x11, 0x00, 0x1F, 0x00, 0x31, 0x00, 0x3F, 0x00, 0x43, 0x00, 0x00, 0x41, 0x35,
    0x34, 0x36, 0x36, 0x33, 0x32, 0x16, 0x16, 0x15, 0x15, 0x14, 0x06, 0x06, 0x23, 0x22, 0x26, 0x26,
    0x25, 0x15, 0x14, 0x16, 0x33, 0x32, 0x36, 0x35, 0x35, 0x34, 0x26, 0x23, 0x22, 0x06, 0x01, 0x35,
    0x34, 0x36, 0x36, 0x33, 0x32, 0x16, 0x16, 0x15, 0x15, 0x14, 0x06, 0x06, 0x23, 0x22, 0x26, 0x26,
    0x25, 0x15, 0x14, 0x16, 0x33, 0x32, 0x36, 0x35, 0x35, 0x34, 0x26, 0x23, 0x22, 0x06, 0x03, 0x01,
    0x33, 0x01, 0x04, 0xFD, 0x65, 0xC2, 0x8A, 0x8E, 0xC0, 0x63, 0x64, 0xC1, 0x8C, 0x8C, 0xC2, 0x63,
    0x01, 0x05, 0x4C, 0x60, 0x61, 0x49, 0x46, 0x64, 0x5E, 0x4E, 0xFA, 0xEA, 0x66, 0xC2, 0x8A, 0x8D,
    0xC1, 0x62, 0x63, 0xC2, 0x8B, 0x8D, 0xC1, 0x64, 0x01, 0x07, 0x4B, 0x60, 0x60, 0x49, 0x46, 0x63,
    0x5F, 0x4C, 0x95, 0x05, 0x80, 0xFA, 0xFA, 0x80, 0x01, 0x80, 0x6C, 0x77, 0xC8, 0x7A, 0x79, 0xC8,
    0x78, 0x6C, 0x77, 0xC8, 0x7A, 0x7A, 0xC8, 0xE3, 0x6C, 0x4F, 0x84, 0x83, 0x50, 0x6C, 0x50, 0x85,
    0x85, 0x03, 0xD8, 0x6C, 0x78, 0xC8, 0x79, 0x79, 0xC8, 0x78, 0x6C, 0x78, 0xC7, 0x78, 0x78, 0xC8,
    0xE3, 0x6C, 0x50, 0x83, 0x83, 0x50, 0x6C, 0x50, 0x85, 0x86, 0xF9, 0x31, 0x08, 0x00, 0xF8, 0x00,
    0x00, 0x01, 0x02, 0x1E, 0x06, 0xCA, 0x04, 0x60, 0x08, 0x93, 0x00, 0x03, 0x00, 0x00, 0x41, 0x13,
    0x21, 0x01, 0x02, 0x1E, 0xE0, 0x01, 0x62, 0xFE, 0xCD, 0x06, 0xCA, 0x01, 0xC9, 0xFE, 0x37, 0x00,
    0x00, 0x02, 0x00, 0x5F, 0x06, 0x9E, 0x04, 0xC1, 0x08, 0x40, 0x00, 0x03, 0x00, 0x07, 0x00, 0x00,
    0x41, 0x01, 0x21, 0x01, 0x21, 0x13, 0x21, 0x01, 0x02, 0x3E, 0x01, 0x3B, 0x01, 0x48, 0xFE, 0x8C,
    0xFD, 0x12, 0xFD, 0x01, 0x46, 0xFE, 0xC3, 0x06, 0x9E, 0x01, 0xA2, 0xFE, 0x5E, 0x01, 0xA2, 0xFE,
    0x5E, 0x00, 0x00, 0x01, 0x01, 0x9B, 0x06, 0xCA, 0x03, 0xDD, 0x08, 0x93, 0x00, 0x03, 0x00, 0x00,
    0x41, 0x01, 0x21, 0x13, 0x02, 0xCE, 0xFE, 0xCD, 0x01, 0x63, 0xDF, 0x06, 0xCA, 0x01, 0xC9, 0xFE,
    0x37, 0x00, 0x00, 0x02, 0x01, 0x1E, 0x06, 0xE2, 0x04, 0xF8, 0x08, 0x5B, 0x00, 0x0B, 0x00, 0x17,
    0x00, 0x00, 0x41, 0x22, 0x26, 0x35, 0x34, 0x36, 0x33, 0x32, 0x16, 0x15, 0x14, 0x06, 0x21, 0x22,
    0x26, 0x35, 0x34, 0x36, 0x33, 0x32, 0x16, 0x15, 0x14, 0x06, 0x01, 0xE0, 0x4F, 0x73, 0x73, 0x4F,
    0x51, 0x6F, 0x6F, 0x02, 0x07, 0x4F, 0x73, 0x73, 0x4F, 0x51, 0x6F, 0x6F, 0x06, 0xE2, 0x70, 0x4C,
    0x50, 0x6D, 0x6D, 0x50, 0x4C, 0x70, 0x70, 0x4C, 0x50, 0x6D, 0x6D, 0x50, 0x4C, 0x70, 0x00, 0x02,
    0x01, 0x1E, 0x08, 0xC2, 0x04, 0xF8, 0x0A, 0x3B, 0x00, 0x0B, 0x00, 0x17, 0x00, 0x00, 0x41, 0x22,
    0x26, 0x35, 0x34, 0x36, 0x33, 0x32, 0x16, 0x15, 0x14, 0x06, 0x21, 0x22, 0x26, 0x35, 0x34, 0x36,
    0x33, 0x32, 0x16, 0x15, 0x14, 0x06, 0x01, 0xE0, 0x4F, 0x73, 0x73, 0x4F, 0x51, 0x6F, 0x6F, 0x02,
    0x07, 0x4F, 0x73, 0x73, 0x4F, 0x51, 0x6F, 0x6F, 0x08, 0xC2, 0x70, 0x4C, 0x50, 0x6D, 0x6D, 0x50,
    0x4C, 0x70, 0x70, 0x4C, 0x50, 0x6D, 0x6D, 0x50, 0x4C, 0x70, 0x00, 0x01, 0x00, 0xDB, 0x06, 0xB8,
    0x04, 0xEB, 0x08, 0x76, 0x00, 0x08, 0x00, 0x00, 0x41, 0x03, 0x03, 0x21, 0x35, 0x01, 0x21, 0x01,
    0x15, 0x03, 0xAE, 0xCB, 0xCB, 0xFE, 0xC3, 0x01, 0x7B, 0x01, 0x1B, 0x01, 0x7A, 0x06, 0xB8, 0x01,
    0x00, 0xFF, 0x00, 0x0E, 0x01, 0xB0, 0xFE, 0x50, 0x0E, 0x00, 0x00, 0x01, 0x00, 0xBF, 0x06, 0xBB,
    0x04, 0xC1, 0x08, 0x47, 0x00, 0x17, 0x00, 0x00, 0x41, 0x27, 0x34, 0x36, 0x33, 0x32, 0x1E, 0x02,
    0x33, 0x32, 0x36, 0x37, 0x17, 0x06, 0x06, 0x07, 0x06, 0x2E, 0x02, 0x23, 0x22, 0x06, 0x01, 0x9A,
    0xDB, 0xB8, 0x87, 0x41, 0x60, 0x51, 0x4E, 0x2F, 0x39, 0x43, 0x01, 0xD7, 0x01, 0xB8, 0x86, 0x48,
    0x62, 0x49, 0x4A, 0x32, 0x35, 0x44, 0x06, 0xBB, 0x05, 0xB2, 0xCA, 0x2B, 0x38, 0x2B, 0x56, 0x43,
    0x09, 0xB3, 0xC5, 0x01, 0x01, 0x2C, 0x38, 0x2B, 0x54, 0x00, 0x00, 0x01, 0x00, 0x96, 0x08, 0xCA,
    0x04, 0x98, 0x0A, 0x56, 0x00, 0x17, 0x00, 0x00, 0x41, 0x27, 0x34, 0x36, 0x33, 0x32, 0x1E, 0x02,
    0x33, 0x32, 0x36, 0x37, 0x17, 0x06, 0x06, 0x07, 0x22, 0x2E, 0x02, 0x23, 0x22, 0x06, 0x01, 0x72,
    0xDC, 0xB9, 0x86, 0x41, 0x61, 0x50, 0x4E, 0x2F, 0x39, 0x43, 0x01, 0xD7, 0x01, 0xB8, 0x85, 0x49,
    0x62, 0x49, 0x4A, 0x32, 0x35, 0x43, 0x08, 0xCA, 0x05, 0xB2, 0xCA, 0x2B, 0x38, 0x2B, 0x56, 0x43,
    0x09, 0xB3, 0xC5, 0x01, 0x2B, 0x38, 0x2B, 0x54, 0x00, 0x01, 0x01, 0x04, 0x07, 0x23, 0x04, 0xC6,
    0x08, 0x00, 0x00, 0x03, 0x00, 0x00, 0x41, 0x15, 0x21, 0x35, 0x04, 0xC6, 0xFC, 0x3E, 0x08, 0x00,
    0xDD, 0xDD, 0x00, 0x01, 0x00, 0xC4, 0x06, 0x88, 0x04, 0x6C, 0x08, 0x10, 0x00, 0x0D, 0x00, 0x00,
    0x41, 0x21, 0x14, 0x06, 0x23, 0x22, 0x26, 0x37, 0x21, 0x14, 0x16, 0x33, 0x32, 0x36, 0x03, 0x5D,
    0x01, 0x0F, 0xFD, 0xD8, 0xD6, 0xFD, 0x01, 0x01, 0x0D, 0x59, 0x6C, 0x6A, 0x5B, 0x08, 0x10, 0xAF,
    0xD9, 0xD9, 0xAF, 0x48, 0x71, 0x70, 0x00, 0x01, 0x00, 0xB0, 0x06, 0xDA, 0x02, 0x53, 0x08, 0x63,
    0x00, 0x0B, 0x00, 0x00, 0x41, 0x22, 0x26, 0x35, 0x34, 0x36, 0x33, 0x32, 0x16, 0x15, 0x14, 0x06,
    0x01, 0x82, 0x57, 0x7B, 0x7C, 0x56, 0x56, 0x7B, 0x7B, 0x06, 0xDA, 0x73, 0x51, 0x52, 0x73, 0x73,
    0x52, 0x51, 0x73, 0x00, 0x00, 0x02, 0x00, 0x9E, 0x06, 0xA7, 0x03, 0x56, 0x09, 0x46, 0x00, 0x0F,
    0x00, 0x1B, 0x00, 0x00, 0x41, 0x22, 0x26, 0x26, 0x35, 0x34, 0x36, 0x36, 0x33, 0x32, 0x16, 0x16,
    0x15, 0x14, 0x06, 0x06, 0x27, 0x32, 0x36, 0x35, 0x34, 0x26, 0x07, 0x22, 0x06, 0x15, 0x14, 0x16,
    0x01, 0xFB, 0x61, 0x9F, 0x5D, 0x5D, 0x9F, 0x61, 0x61, 0x9E, 0x5C, 0x5C, 0x9E, 0x61, 0x49, 0x5F,
    0x5F, 0x49, 0x48, 0x60, 0x60, 0x06, 0xA7, 0x59, 0x96, 0x5D, 0x5D, 0x9A, 0x5C, 0x5C, 0x9A, 0x5D,
    0x5D, 0x96, 0x59, 0xAA, 0x63, 0x3F, 0x42, 0x66, 0x01, 0x65, 0x42, 0x3F, 0x64, 0x00, 0x00, 0x02,
    0x00, 0xCD, 0x08, 0x7E, 0x03, 0x29, 0x0A, 0xD0, 0x00, 0x0E, 0x00, 0x1A, 0x00, 0x00, 0x41, 0x22,
    0x26, 0x35, 0x34, 0x36, 0x36, 0x33, 0x32, 0x16, 0x16, 0x15, 0x14, 0x06, 0x06, 0x27, 0x36, 0x36,
    0x35, 0x34, 0x26, 0x07, 0x22, 0x06, 0x15, 0x14, 0x16, 0x01, 0xFB, 0x7D, 0xB1, 0x51, 0x8A, 0x53,
    0x54, 0x89, 0x51, 0x51, 0x89, 0x54, 0x3A, 0x50, 0x4F, 0x3B, 0x3A, 0x4F, 0x4F, 0x08, 0x7E, 0xAE,
    0x7B, 0x52, 0x87, 0x50, 0x50, 0x87, 0x52, 0x52, 0x87, 0x50, 0xA1, 0x01, 0x4F, 0x38, 0x38, 0x50,
    0x01, 0x4F, 0x38, 0x38, 0x50, 0x00, 0x00, 0x01, 0x00, 0xDB, 0x06, 0xB8, 0x04, 0xEB, 0x08, 0x76,
    0x00, 0x08, 0x00, 0x00, 0x41, 0x13, 0x13, 0x21, 0x15, 0x01, 0x21, 0x01, 0x35, 0x02, 0x18, 0xCB,
    0xCB, 0x01, 0x3D, 0xFE, 0x86, 0xFE, 0xE5, 0xFE, 0x85, 0x08, 0x76, 0xFF, 0x00, 0x01, 0x00, 0x0E,
    0xFE, 0x50, 0x01, 0xB0, 0x0E, 0x00, 0x00, 0x01, 0x01, 0x22, 0xFD, 0x88, 0x03, 0x13, 0x00, 0x08,
    0x00, 0x0F, 0x00, 0x00, 0x65, 0x33, 0x07, 0x16, 0x16, 0x15, 0x16, 0x04, 0x23, 0x27, 0x32, 0x36,
    0x37, 0x36, 0x26, 0x27, 0x01, 0x7D, 0xC4, 0x10, 0x5E, 0x83, 0x01, 0xFF, 0x00, 0xED, 0x04, 0x73,
    0x88, 0x01, 0x02, 0x63, 0x6B, 0x08, 0x55, 0x0E, 0x75, 0x6E, 0x8E, 0xAC, 0xB2, 0x3D, 0x42, 0x40,
    0x3B, 0x0B, 0x00, 0x01, 0x00, 0x7A, 0xFD, 0xBA, 0x02, 0xA2, 0x00, 0x69, 0x00, 0x14, 0x00, 0x00,
    0x41, 0x22, 0x26, 0x27, 0x26, 0x36, 0x36, 0x37, 0x17, 0x06, 0x06, 0x15, 0x14, 0x16, 0x33, 0x32,
    0x36, 0x37, 0x17, 0x06, 0x06, 0x01, 0xC2, 0x81, 0xAD, 0x0F, 0x0B, 0x30, 0x7C, 0x66, 0xF7, 0x5D,
    0x7E, 0x2F, 0x34, 0x26, 0x39, 0x14, 0x24, 0x24, 0x70, 0xFD, 0xBA, 0x88, 0x80, 0x4E, 0xA0, 0x8A,
    0x2F, 0x69, 0x34, 0x74, 0x4E, 0x30, 0x34, 0x14, 0x08, 0xCC, 0x15, 0x27, 0x00, 0x01, 0x00, 0x5E,
    0xFD, 0x68, 0x02, 0x2E, 0xFF, 0x5E, 0x00, 0x03, 0x00, 0x00, 0x53, 0x13, 0x21, 0x03, 0x5E, 0x78,
    0x01, 0x58, 0xCB, 0xFD, 0x68, 0x01, 0xF6, 0xFE, 0x0A, 0x00, 0xFF, 0xFF, 0xFF, 0xA2, 0x00, 0x00,
    0x07, 0x62, 0x08, 0x00, 0x06, 0x06, 0x00, 0x16, 0x00, 0x00, 0xFF, 0xFF, 0xFF, 0xA2, 0x00, 0x00,
    0x07, 0x62, 0x08, 0x00, 0x06, 0x06, 0x00, 0x16, 0x00, 0x00, 0xFF, 0xFF, 0x00, 0xCA, 0xFF, 0xE4,
    0x08, 0x68, 0x08, 0x00, 0x04, 0x26, 0x00, 0x2A, 0x00, 0x00, 0x00, 0x07, 0x00, 0x34, 0x03, 0x06,
    0x00, 0x00, 0xFF, 0xFF, 0x00, 0xCE, 0x00, 0x00, 0x05, 0xC8, 0x08, 0x00, 0x06, 0x26, 0x00, 0x38,
    0x05, 0x00, 0x00, 0x07, 0x01, 0x46, 0x02, 0x76, 0xFD, 0x24, 0xFF, 0xFF, 0x00, 0x70, 0x00, 0x00,
    0x06, 0xD2, 0x08, 0x00, 0x06, 0x26, 0x00, 0x5A, 0x00, 0x00, 0x00, 0x07, 0x01, 0x56, 0x01, 0x06,
    0xFF, 0xDA, 0x00, 0x01, 0x00, 0xE9, 0x06, 0x5A, 0x02, 0x0F, 0x08, 0x66, 0x00, 0x03, 0x00, 0x00,
    0x53, 0x11, 0x21, 0x03, 0xE9, 0x01, 0x26, 0x48, 0x06, 0x5A, 0x02, 0x0C, 0xFD, 0xF4, 0x00, 0x01,
    0x00, 0xCE, 0x05, 0xF9, 0x02, 0x5C, 0x08, 0x6D, 0x00, 0x0A, 0x00, 0x00, 0x53, 0x35, 0x34, 0x36,
    0x36, 0x37, 0x17, 0x06, 0x06, 0x15, 0x07, 0xCE, 0x39, 0x5E, 0x35, 0xC2, 0x28, 0x32, 0x04, 0x05,
    0xF9, 0xB9, 0x62, 0xAD, 0x86, 0x26, 0x71, 0x43, 0xAC, 0x6A, 0xAA, 0x00, 0x00, 0x01, 0x00, 0xBA,
    0x03, 0xA1, 0x04, 0x78, 0x04, 0x86, 0x00, 0x03, 0x00, 0x00, 0x53, 0x35, 0x21, 0x15, 0xBA, 0x03,
    0xBE, 0x03, 0xA1, 0xE5, 0xE5, 0x00, 0x00, 0x03, 0x00, 0xD6, 0x00, 0x00, 0x06, 0x6D, 0x06, 0x00,
    0x00, 0x03, 0x00, 0x09, 0x00, 0x0D, 0x00, 0x00, 0x41, 0x11, 0x21, 0x11, 0x21, 0x01, 0x21, 0x03,
    0x21, 0x01, 0x03, 0x01, 0x25, 0x01, 0x02, 0x4C, 0xFE, 0x8A, 0x05, 0x97, 0xFD, 0x27, 0xFE, 0x69,
    0x31, 0x01, 0x0F, 0x01, 0xC0, 0x11, 0xFE, 0x33, 0x01, 0x25, 0x02, 0x83, 0x06, 0x00, 0xFA, 0x00,
    0x06, 0x00, 0xFC, 0x55, 0x01, 0x5B, 0x02, 0x50, 0xFA, 0x00, 0x02, 0x7A, 0xD0, 0xFC, 0xB6, 0x00,
    0x00, 0x01, 0x00, 0x13, 0x00, 0x00, 0x03, 0x06, 0x08, 0x5D, 0x00, 0x10, 0x00, 0x00, 0x61, 0x21,
    0x11, 0x34, 0x36, 0x36, 0x33, 0x32, 0x16, 0x17, 0x03, 0x26, 0x26, 0x23, 0x22, 0x06, 0x17, 0x01,
    0x89, 0xFE, 0x8A, 0x81, 0xF2, 0xA9, 0x35, 0x6C, 0x36, 0x20, 0x1D, 0x3B, 0x2B, 0x6B, 0x70, 0x01,
    0x06, 0x58, 0xA8, 0xE7, 0x76, 0x10, 0x0C, 0xFE, 0xE7, 0x06, 0x06, 0x72, 0x6A, 0x00, 0x00, 0x00,
    0x00, 0x00, 0x00, 0x09, 0x00, 0x72, 0x00, 0x03, 0x00, 0x01, 0x04, 0x09, 0x00, 0x01, 0x00, 0x1C,
    0x00, 0x00, 0x00, 0x03, 0x00, 0x01, 0x04, 0x09, 0x00, 0x02, 0x00, 0x0E, 0x00, 0x1C, 0x00, 0x03,
    0x00, 0x01, 0x04, 0x09, 0x00, 0x03, 0x00, 0x32, 0x00, 0x2A, 0x00, 0x03, 0x00, 0x01, 0x04, 0x09,
    0x00, 0x04, 0x00, 0x1C, 0x00, 0x00, 0x00, 0x03, 0x00, 0x01, 0x04, 0x09, 0x00, 0x06, 0x00, 0x1C,
    0x00, 0x5C, 0x00, 0x03, 0x00, 0x01, 0x04, 0x09, 0x01, 0x0F, 0x00, 0x0C, 0x00, 0x78, 0x00, 0x03,
    0x00, 0x01, 0x04, 0x09, 0x01, 0x10, 0x00, 0x0A, 0x00, 0x84, 0x00, 0x03, 0x00, 0x01, 0x04, 0x09,
    0x01, 0x17, 0x00, 0x0E, 0x00, 0x1C, 0x00, 0x03, 0x00, 0x01, 0x04, 0x09, 0x01, 0x1B, 0x00, 0x10,
    0x00, 0x8E, 0x00, 0x49, 0x00, 0x6E, 0x00, 0x74, 0x00, 0x65, 0x00, 0x72, 0x00, 0x20, 0x00, 0x53,
    0x00, 0x65, 0x00, 0x6D, 0x00, 0x69, 0x00, 0x42, 0x00, 0x6F, 0x00, 0x6C, 0x00, 0x64, 0x00, 0x52,
    0x00, 0x65, 0x00, 0x67, 0x00, 0x75, 0x00, 0x6C, 0x00, 0x61, 0x00, 0x72, 0x00, 0x33, 0x00, 0x2E,
    0x00, 0x30, 0x00, 0x31, 0x00, 0x39, 0x00, 0x3B, 0x00, 0x52, 0x00, 0x53, 0x00, 0x4D, 0x00, 0x53,
    0x00, 0x3B, 0x00, 0x49, 0x00, 0x6E, 0x00, 0x74, 0x00, 0x65, 0x00, 0x72, 0x00, 0x2D, 0x00, 0x53,
    0x00, 0x65, 0x00, 0x6D, 0x00, 0x69, 0x00, 0x42, 0x00, 0x6F, 0x00, 0x6C, 0x00, 0x64, 0x00, 0x49,
    0x00, 0x6E, 0x00, 0x74, 0x00, 0x65, 0x00, 0x72, 0x00, 0x2D, 0x00, 0x53, 0x00, 0x65, 0x00, 0x6D,
    0x00, 0x69, 0x00, 0x42, 0x00, 0x6F, 0x00, 0x6C, 0x00, 0x64, 0x00, 0x57, 0x00, 0x65, 0x00, 0x69,
    0x00, 0x67, 0x00, 0x68, 0x00, 0x74, 0x00, 0x53, 0x00, 0x6C, 0x00, 0x61, 0x00, 0x6E, 0x00, 0x74,
    0x00, 0x53, 0x00, 0x65, 0x00, 0x6D, 0x00, 0x69, 0x00, 0x42, 0x00, 0x6F, 0x00, 0x6C, 0x00, 0x64,
    0x00, 0x03, 0x00, 0x00, 0x00, 0x00, 0x00, 0x00, 0xFE, 0x30, 0x00, 0xC0, 0x00, 0x00, 0x00, 0x00,
    0x00, 0x00, 0x00, 0x00, 0x00, 0x00, 0x00, 0x00, 0x00, 0x00, 0x00, 0x00, 0x00, 0x00, 0x00, 0x00,
    0x00, 0x01, 0x00, 0x01, 0xFF, 0xFF, 0x00, 0x0F, 0x00, 0x01, 0x00, 0x00, 0x00, 0x0C, 0x00, 0x00,
    0x00, 0x00, 0x00, 0x00, 0x00, 0x02, 0x00, 0x0D, 0x00, 0x02, 0x00, 0x15, 0x00, 0x01, 0x00, 0x17,
    0x00, 0xA4, 0x00, 0x01, 0x00, 0xA6, 0x00, 0xA6, 0x00, 0x01, 0x00, 0xA8, 0x00, 0xA8, 0x00, 0x01,
    0x00, 0xAB, 0x00, 0xCF, 0x00, 0x01, 0x00, 0xD1, 0x00, 0xD7, 0x00, 0x01, 0x00, 0xD9, 0x00, 0xEC,
    0x00, 0x01, 0x00, 0xF0, 0x00, 0xF1, 0x00, 0x01, 0x00, 0xF6, 0x00, 0xF6, 0x00, 0x01, 0x01, 0x31,
    0x01, 0x31, 0x00, 0x01, 0x01, 0x38, 0x01, 0x3C, 0x00, 0x01, 0x01, 0x3E, 0x01, 0x3F, 0x00, 0x01,
    0x01, 0x4F, 0x01, 0x53, 0x00, 0x01, 0x00, 0x00, 0x00, 0x01, 0x00, 0x00, 0x00, 0x0A, 0x00, 0x1C,
    0x00, 0x1E, 0x00, 0x01, 0x44, 0x46, 0x4C, 0x54, 0x00, 0x08, 0x00, 0x04, 0x00, 0x00, 0x00, 0x00,
    0xFF, 0xFF, 0x00, 0x00, 0x00, 0x00, 0x00, 0x00, 0x00, 0x01, 0x00, 0x00, 0x00, 0x0A, 0x00, 0x26,
    0x00, 0x28, 0x00, 0x02, 0x44, 0x46, 0x4C, 0x54, 0x00, 0x0E, 0x6C, 0x61, 0x74, 0x6E, 0x00, 0x18,
    0x00, 0x04, 0x00, 0x00, 0x00, 0x00, 0xFF, 0xFF, 0x00, 0x00, 0x00, 0x00, 0x00, 0x00, 0x00, 0x00,
    0x00, 0x00, 0x00, 0x00, 0x00, 0x01, 0x00, 0x01, 0x00, 0x08, 0x00, 0x02, 0x00, 0x00, 0x00, 0x14,
    0x00, 0x02, 0x00, 0x00, 0x00, 0x24, 0x00, 0x02, 0x77, 0x67, 0x68, 0x74, 0x01, 0x0F, 0x00, 0x00,
    0x73, 0x6C, 0x6E, 0x74, 0x01, 0x10, 0x00, 0x01, 0x00, 0x04, 0x00, 0x10, 0x00, 0x01, 0x00, 0x00,
    0x00, 0x00, 0x01, 0x1B, 0x02, 0x58, 0x00, 0x00, 0x00, 0x03, 0x00, 0x01, 0x00, 0x02, 0x01, 0x17,
    0x00, 0x00, 0x00, 0x00, 0xFF, 0xF6, 0x00, 0x00,
};
