#pragma once
// Inter Medium subset - SIL OFL 1.1. (rsms.me/inter)
// AUTO-GENERATED - do not edit.
const unsigned char inter_medium_font[24092] = {
    0x00, 0x01, 0x00, 0x00, 0x00, 0x10, 0x01, 0x00, 0x00, 0x04, 0x00, 0x00, 0x47, 0x44, 0x45, 0x46,
    0x0B, 0x43, 0x0A, 0xFD, 0x00, 0x00, 0x5D, 0x2C, 0x00, 0x00, 0x00, 0x5E, 0x47, 0x50, 0x4F, 0x53,
    0x44, 0x76, 0x4C, 0x75, 0x00, 0x00, 0x5D, 0x8C, 0x00, 0x00, 0x00, 0x20, 0x47, 0x53, 0x55, 0x42,
    0xB8, 0xFA, 0xB8, 0xF4, 0x00, 0x00, 0x5D, 0xAC, 0x00, 0x00, 0x00, 0x2A, 0x4F, 0x53, 0x2F, 0x32,
    0x7C, 0xF5, 0x7D, 0xE2, 0x00, 0x00, 0x01, 0x88, 0x00, 0x00, 0x00, 0x60, 0x53, 0x54, 0x41, 0x54,
    0xEF, 0x15, 0xD9, 0x43, 0x00, 0x00, 0x5D, 0xD8, 0x00, 0x00, 0x00, 0x44, 0x63, 0x6D, 0x61, 0x70,
    0x65, 0x10, 0x68, 0xEC, 0x00, 0x00, 0x07, 0x4C, 0x00, 0x00, 0x02, 0xBC, 0x67, 0x61, 0x73, 0x70,
    0x00, 0x00, 0x00, 0x10, 0x00, 0x00, 0x5D, 0x24, 0x00, 0x00, 0x00, 0x08, 0x67, 0x6C, 0x79, 0x66,
    0xFC, 0x5F, 0x1D, 0x22, 0x00, 0x00, 0x0C, 0xC4, 0x00, 0x00, 0x4F, 0x3E, 0x68, 0x65, 0x61, 0x64,
    0x2D, 0x90, 0x61, 0x57, 0x00, 0x00, 0x01, 0x0C, 0x00, 0x00, 0x00, 0x36, 0x68, 0x68, 0x65, 0x61,
    0x1E, 0xC2, 0x11, 0x04, 0x00, 0x00, 0x01, 0x44, 0x00, 0x00, 0x00, 0x24, 0x68, 0x6D, 0x74, 0x78,
    0x63, 0xED, 0xC5, 0x4C, 0x00, 0x00, 0x01, 0xE8, 0x00, 0x00, 0x05, 0x64, 0x6C, 0x6F, 0x63, 0x61,
    0x24, 0xC1, 0x38, 0xEF, 0x00, 0x00, 0x0A, 0x10, 0x00, 0x00, 0x02, 0xB4, 0x6D, 0x61, 0x78, 0x70,
    0x01, 0x72, 0x01, 0x06, 0x00, 0x00, 0x01, 0x68, 0x00, 0x00, 0x00, 0x20, 0x6E, 0x61, 0x6D, 0x65,
    0x13, 0x7F, 0x32, 0x8A, 0x00, 0x00, 0x5C, 0x04, 0x00, 0x00, 0x01, 0x00, 0x70, 0x6F, 0x73, 0x74,
    0xFE, 0x33, 0x00, 0xC0, 0x00, 0x00, 0x5D, 0x04, 0x00, 0x00, 0x00, 0x20, 0x70, 0x72, 0x65, 0x70,
    0x68, 0x06, 0x8C, 0x85, 0x00, 0x00, 0x0A, 0x08, 0x00, 0x00, 0x00, 0x07, 0x00, 0x01, 0x00, 0x00,
    0x00, 0x03, 0x04, 0xDD, 0x57, 0xC8, 0x51, 0xD5, 0x5F, 0x0F, 0x3C, 0xF5, 0x00, 0x1B, 0x0B, 0x00,
    0x00, 0x00, 0x00, 0x00, 0xDC, 0xF2, 0xBB, 0x1B, 0x00, 0x00, 0x00, 0x00, 0xDD, 0x55, 0x50, 0xD6,
    0xF7, 0xAD, 0xFC, 0x7C, 0x1C, 0x6A, 0x0C, 0x12, 0x00, 0x00, 0x00, 0x06, 0x00, 0x02, 0x00, 0x00,
    0x00, 0x00, 0x00, 0x00, 0x00, 0x01, 0x00, 0x00, 0x0A, 0xA8, 0xFD, 0x58, 0x00, 0x00, 0x1D, 0x80,
    0xF7, 0xAD, 0xF4, 0xD2, 0x1C, 0x6A, 0x00, 0x01, 0x00, 0x00, 0x00, 0x00, 0x00, 0x00, 0x00, 0x00,
    0x00, 0x00, 0x00, 0x00, 0x00, 0x00, 0x01, 0x59, 0x00, 0x01, 0x00, 0x00, 0x01, 0x59, 0x00, 0x94,
    0x00, 0x0C, 0x00, 0x70, 0x00, 0x07, 0x00, 0x01, 0x00, 0x00, 0x00, 0x00, 0x00, 0x00, 0x00, 0x00,
    0x00, 0x00, 0x00, 0x00, 0x00, 0x05, 0x00, 0x01, 0x00, 0x04, 0x07, 0x2E, 0x01, 0xF4, 0x00, 0x05,
    0x00, 0x00, 0x07, 0x26, 0x06, 0x9A, 0x00, 0x00, 0x00, 0xD3, 0x07, 0x26, 0x06, 0x9A, 0x00, 0x00,
    0x03, 0xDA, 0x00, 0xC0, 0x03, 0x9A, 0x00, 0x00, 0x02, 0x00, 0x05, 0x03, 0x00, 0x00, 0x00, 0x02,
    0x00, 0x04, 0x00, 0x00, 0x00, 0x07, 0x00, 0x00, 0x00, 0x00, 0x00, 0x00, 0x00, 0x00, 0x00, 0x00,
    0x00, 0x00, 0x52, 0x53, 0x4D, 0x53, 0x00, 0xC0, 0x00, 0x20, 0x01, 0x7F, 0x0A, 0xA8, 0xFD, 0x58,
    0x00, 0x00, 0x0A, 0xA8, 0x02, 0xA8, 0x00, 0x00, 0x00, 0x93, 0x00, 0x00, 0x00, 0x00, 0x06, 0x00,
    0x08, 0x00, 0x00, 0x00, 0x00, 0x20, 0x00, 0x0C, 0x0B, 0x24, 0x01, 0x06, 0x00, 0x00, 0x00, 0x00,
    0x07, 0xB3, 0x00, 0x46, 0x07, 0xB3, 0x00, 0x46, 0x07, 0xB3, 0x00, 0x46, 0x07, 0xB3, 0x00, 0x46,
    0x07, 0xB3, 0x00, 0x46, 0x07, 0xB3, 0x00, 0x46, 0x07, 0xB3, 0x00, 0x46, 0x07, 0xB3, 0x00, 0x46,
    0x07, 0xB3, 0x00, 0x46, 0x07, 0xB3, 0x00, 0x46, 0x0B, 0x0A, 0x00, 0x46, 0x07, 0x32, 0x00, 0xE1,
    0x08, 0x17, 0x00, 0x9F, 0x08, 0x17, 0x00, 0x9F, 0x08, 0x17, 0x00, 0x9F, 0x08, 0x17, 0x00, 0x9F,
    0x08, 0x17, 0x00, 0x9F, 0x08, 0x17, 0x00, 0x9F, 0x07, 0xF0, 0x00, 0xE1, 0x07, 0xF0, 0x00, 0xE1,
    0x07, 0xF0, 0xFF, 0xAF, 0x06, 0xA2, 0x00, 0xE1, 0x06, 0xA2, 0x00, 0xE1, 0x06, 0xA2, 0x00, 0xE1,
    0x06, 0xA2, 0x00, 0xE1, 0x06, 0xA2, 0x00, 0xE1, 0x06, 0xA2, 0x00, 0xE1, 0x06, 0xA2, 0x00, 0xE1,
    0x06, 0xA2, 0x00, 0xE1, 0x06, 0xA2, 0x00, 0xE1, 0x06, 0xA2, 0x00, 0xE1, 0x06, 0x72, 0x00, 0xE1,
    0x08, 0x3D, 0x00, 0x9F, 0x08, 0x3D, 0x00, 0x9F, 0x08, 0x3D, 0x00, 0x9F, 0x08, 0x3D, 0x00, 0x9F,
    0x08, 0x3D, 0x00, 0x9F, 0x08, 0x2A, 0x00, 0xE1, 0x08, 0x2A, 0x00, 0xE1, 0x08, 0xAB, 0x00, 0x7C,
    0x02, 0xF7, 0x00, 0xE1, 0x02, 0xF7, 0xFF, 0xA6, 0x02, 0xF7, 0xFF, 0xD2, 0x02, 0xF7, 0x00, 0xE1,
    0x02, 0xF7, 0xFF, 0xA0, 0x04, 0xE7, 0x00, 0x7D, 0x02, 0xF7, 0xFF, 0xA2, 0x02, 0xF7, 0xFF, 0xC5,
    0x02, 0xF7, 0x00, 0x26, 0x02, 0xF7, 0x00, 0xBF, 0x06, 0x12, 0x00, 0x63, 0x06, 0x12, 0x00, 0x63,
    0x07, 0x4F, 0x00, 0xE1, 0x07, 0x4F, 0x00, 0xE1, 0x06, 0x35, 0x00, 0xE1, 0x06, 0x35, 0x00, 0xE1,
    0x06, 0x35, 0x00, 0xE1, 0x06, 0x35, 0x00, 0xE1, 0x06, 0x46, 0x00, 0x36, 0x09, 0xE0, 0x00, 0xE1,
    0x08, 0x37, 0x00, 0xE1, 0x08, 0x37, 0x00, 0xE1, 0x08, 0x37, 0x00, 0xE1, 0x08, 0x37, 0x00, 0xE1,
    0x08, 0x37, 0x00, 0xE1, 0x08, 0x37, 0x00, 0xE1, 0x08, 0x73, 0x00, 0x9F, 0x08, 0x73, 0x00, 0x9F,
    0x08, 0x73, 0x00, 0x9F, 0x08, 0x73, 0x00, 0x9F, 0x08, 0x73, 0x00, 0x9F, 0x08, 0x73, 0x00, 0x9F,
    0x08, 0x73, 0x00, 0x9F, 0x08, 0x73, 0x00, 0x9F, 0x08, 0x73, 0x00, 0x9F, 0x08, 0x73, 0x00, 0x9F,
    0x0A, 0xB9, 0x00, 0x9F, 0x07, 0x08, 0x00, 0xE1, 0x08, 0x74, 0x00, 0x9F, 0x07, 0x18, 0x00, 0xE1,
    0x07, 0x18, 0x00, 0xE1, 0x07, 0x18, 0x00, 0xE1, 0x07, 0x18, 0x00, 0xE1, 0x07, 0x14, 0x00, 0x90,
    0x07, 0x14, 0x00, 0x90, 0x07, 0x14, 0x00, 0x90, 0x07, 0x14, 0x00, 0x90, 0x07, 0x14, 0x00, 0x90,
    0x07, 0x29, 0x00, 0x7C, 0x07, 0x29, 0x00, 0x7C, 0x07, 0x29, 0x00, 0x7C, 0x08, 0x1D, 0x00, 0xE1,
    0x08, 0x1D, 0x00, 0xE1, 0x08, 0x1D, 0x00, 0xE1, 0x08, 0x1D, 0x00, 0xE1, 0x08, 0x1D, 0x00, 0xE1,
    0x08, 0x1D, 0x00, 0xE1, 0x08, 0x1D, 0x00, 0xE1, 0x08, 0x1D, 0x00, 0xE1, 0x08, 0x1D, 0x00, 0xE1,
    0x08, 0x1D, 0x00, 0xE1, 0x08, 0x1D, 0x00, 0xE1, 0x07, 0xB3, 0x00, 0x46, 0x0A, 0xC2, 0x00, 0x3A,
    0x0A, 0xC2, 0x00, 0x3A, 0x07, 0x54, 0x00, 0x4E, 0x07, 0x88, 0x00, 0x43, 0x07, 0x88, 0x00, 0x43,
    0x07, 0x88, 0x00, 0x43, 0x07, 0x88, 0x00, 0x43, 0x07, 0x07, 0x00, 0xA3, 0x07, 0x07, 0x00, 0xA3,
    0x07, 0x07, 0x00, 0xA3, 0x07, 0x07, 0x00, 0xA3, 0x06, 0x43, 0x00, 0x81, 0x06, 0x43, 0x00, 0x81,
    0x06, 0x43, 0x00, 0x81, 0x06, 0x43, 0x00, 0x81, 0x06, 0x43, 0x00, 0x81, 0x06, 0x43, 0x00, 0x81,
    0x06, 0x43, 0x00, 0x81, 0x06, 0x43, 0x00, 0x81, 0x06, 0x43, 0x00, 0x81, 0x06, 0x43, 0x00, 0x81,
    0x0A, 0x22, 0x00, 0x81, 0x06, 0xE2, 0x00, 0xE1, 0x06, 0x3F, 0x00, 0x84, 0x06, 0x3F, 0x00, 0x84,
    0x06, 0x3F, 0x00, 0x84, 0x06, 0x3F, 0x00, 0x84, 0x06, 0x3F, 0x00, 0x84, 0x06, 0x3F, 0x00, 0x84,
    0x06, 0xE2, 0x00, 0x86, 0x06, 0xE2, 0x00, 0x86, 0x07, 0xAA, 0x00, 0x86, 0x06, 0x76, 0x00, 0x84,
    0x06, 0x76, 0x00, 0x84, 0x06, 0x76, 0x00, 0x84, 0x06, 0x76, 0x00, 0x84, 0x06, 0x76, 0x00, 0x84,
    0x06, 0x76, 0x00, 0x84, 0x06, 0x76, 0x00, 0x84, 0x06, 0x76, 0x00, 0x84, 0x06, 0x76, 0x00, 0x84,
    0x06, 0x76, 0x00, 0x84, 0x04, 0x0F, 0x00, 0x40, 0x06, 0xCA, 0x00, 0x86, 0x06, 0xCA, 0x00, 0x86,
    0x06, 0xCA, 0x00, 0x86, 0x06, 0xCA, 0x00, 0x86, 0x06, 0xCA, 0x00, 0x86, 0x06, 0x9F, 0x00, 0xC9,
    0x06, 0x9F, 0xFF, 0x92, 0x06, 0x9F, 0xFF, 0x82, 0x02, 0xBD, 0x00, 0xA3, 0x02, 0xBD, 0x00, 0xC9,
    0x02, 0xBD, 0xFF, 0x8A, 0x03, 0x1A, 0xFF, 0x9A, 0x02, 0xBD, 0xFF, 0xB6, 0x02, 0xBD, 0x00, 0xC9,
    0x02, 0xBD, 0xFF, 0x84, 0x02, 0xBD, 0xFF, 0x86, 0x02, 0xBD, 0xFF, 0xA9, 0x02, 0xBD, 0x00, 0x04,
    0x02, 0xC5, 0xFF, 0xFD, 0x02, 0xBD, 0xFF, 0xD0, 0x05, 0x7A, 0x00, 0xA3, 0x02, 0xBD, 0xFF, 0xD0,
    0x02, 0xBD, 0xFF, 0x81, 0x06, 0x1F, 0x00, 0xC9, 0x06, 0x1F, 0x00, 0xC9, 0x02, 0xBD, 0x00, 0xC9,
    0x02, 0xBD, 0xFF, 0xF6, 0x03, 0xD2, 0x00, 0xCC, 0x02, 0xBD, 0x00, 0xC9, 0x02, 0xBD, 0x00, 0x58,
    0x03, 0x9D, 0x00, 0xC9, 0x09, 0xB8, 0x00, 0xC9, 0x06, 0x92, 0x00, 0xC9, 0x06, 0x92, 0x00, 0xC9,
    0x06, 0x9B, 0x00, 0xC9, 0x06, 0x92, 0x00, 0xC9, 0x06, 0x92, 0x00, 0xC9, 0x06, 0x92, 0x00, 0xC9,
    0x06, 0xA0, 0x00, 0x84, 0x06, 0xA0, 0x00, 0x84, 0x06, 0xA0, 0x00, 0x84, 0x06, 0xA0, 0x00, 0x84,
    0x06, 0xA0, 0x00, 0x84, 0x06, 0xA0, 0x00, 0x84, 0x06, 0xA0, 0x00, 0x84, 0x06, 0xA0, 0x00, 0x84,
    0x06, 0xA0, 0x00, 0x84, 0x06, 0xA0, 0x00, 0x84, 0x0A, 0xD7, 0x00, 0x86, 0x06, 0xCA, 0x00, 0xC9,
    0x06, 0xCA, 0x00, 0x86, 0x04, 0x3A, 0x00, 0xC9, 0x04, 0x3A, 0x00, 0xC9, 0x04, 0x3A, 0x00, 0x58,
    0x04, 0x3A, 0x00, 0x79, 0x05, 0xE5, 0x00, 0x85, 0x05, 0xE5, 0x00, 0x85, 0x05, 0xE5, 0x00, 0x85,
    0x05, 0xE5, 0x00, 0x85, 0x05, 0xE5, 0x00, 0x85, 0x06, 0xE7, 0x00, 0xE1, 0x04, 0x17, 0x00, 0x4F,
    0x04, 0x17, 0x00, 0x4F, 0x04, 0x17, 0x00, 0x4F, 0x04, 0x39, 0x00, 0x4F, 0x06, 0x8A, 0x00, 0xC9,
    0x06, 0x8A, 0x00, 0xC9, 0x06, 0x8A, 0x00, 0xC9, 0x07, 0x02, 0x00, 0xC9, 0x06, 0x8A, 0x00, 0xC9,
    0x06, 0x8A, 0x00, 0xC9, 0x06, 0x8A, 0x00, 0xC9, 0x06, 0x8A, 0x00, 0xC9, 0x06, 0x8A, 0x00, 0xC9,
    0x06, 0x8A, 0x00, 0xC9, 0x06, 0x8A, 0x00, 0xC9, 0x06, 0x8A, 0x00, 0xC9, 0x06, 0x3B, 0x00, 0x50,
    0x09, 0x13, 0x00, 0x52, 0x09, 0x13, 0x00, 0x52, 0x06, 0x10, 0x00, 0x67, 0x06, 0x3B, 0x00, 0x50,
    0x06, 0x3B, 0x00, 0x50, 0x06, 0x3B, 0x00, 0x50, 0x06, 0x3B, 0x00, 0x50, 0x06, 0x11, 0x00, 0xA9,
    0x06, 0x11, 0x00, 0xA9, 0x06, 0x11, 0x00, 0xA9, 0x06, 0x11, 0x00, 0xA9, 0x07, 0x16, 0x00, 0xD5,
    0x06, 0x73, 0x00, 0x84, 0x06, 0xB7, 0x00, 0xC9, 0x07, 0x14, 0x00, 0x90, 0x06, 0x3F, 0x00, 0x84,
    0x06, 0x1E, 0x00, 0x28, 0x07, 0x16, 0x00, 0xB6, 0x07, 0x1B, 0x00, 0x9F, 0x05, 0x33, 0x00, 0xA2,
    0x06, 0xBF, 0x00, 0xC3, 0x07, 0x16, 0x00, 0xBB, 0x07, 0x32, 0x00, 0x9A, 0x06, 0xD2, 0x00, 0xCA,
    0x06, 0xFE, 0x00, 0xA5, 0x06, 0x5E, 0x00, 0x7E, 0x06, 0xF2, 0x00, 0x9F, 0x06, 0xFE, 0x00, 0xA7,
    0x07, 0x29, 0x00, 0x86, 0x03, 0x3B, 0x00, 0xD5, 0x03, 0x3B, 0x00, 0xD5, 0x05, 0xC8, 0x00, 0x6E,
    0x05, 0xC8, 0x00, 0x89, 0x04, 0x28, 0x01, 0x20, 0x04, 0x28, 0x00, 0x72, 0x04, 0x28, 0x01, 0x41,
    0x04, 0x28, 0x00, 0x56, 0x04, 0x28, 0x00, 0x62, 0x04, 0x28, 0x00, 0x56, 0x0A, 0xA5, 0x00, 0x93,
    0x07, 0x02, 0x00, 0x2A, 0x08, 0x1B, 0x00, 0xAC, 0x04, 0x0B, 0x00, 0x36, 0x03, 0xC4, 0x01, 0x5C,
    0x03, 0x36, 0x01, 0x12, 0x04, 0x0B, 0x00, 0x36, 0x05, 0x18, 0x00, 0xC6, 0x05, 0x18, 0x00, 0xC6,
    0x02, 0x64, 0x00, 0xB4, 0x04, 0x66, 0x00, 0xB4, 0x03, 0x2A, 0x00, 0xB2, 0x03, 0x1D, 0x00, 0xC6,
    0x03, 0x1D, 0x00, 0xC6, 0x03, 0x2A, 0x00, 0xB2, 0x03, 0x1D, 0x00, 0xC6, 0x04, 0x10, 0x00, 0xB4,
    0x04, 0x10, 0x00, 0xAD, 0x06, 0x41, 0x00, 0xB4, 0x06, 0x44, 0x00, 0xAD, 0x07, 0x53, 0x01, 0x12,
    0x07, 0x53, 0x01, 0x12, 0x07, 0x53, 0x01, 0x29, 0x07, 0x53, 0x01, 0x06, 0x07, 0x53, 0x01, 0x0C,
    0x07, 0x53, 0x01, 0x16, 0x07, 0x53, 0x01, 0x12, 0x07, 0x53, 0x00, 0xDE, 0x06, 0x16, 0x00, 0xCA,
    0x05, 0x0F, 0xFF, 0xFD, 0x05, 0x3A, 0x00, 0x6A, 0x05, 0xBD, 0x00, 0xB4, 0x07, 0x5A, 0x00, 0x8D,
    0x0A, 0x10, 0x00, 0xE7, 0x05, 0x05, 0x00, 0xAC, 0x05, 0x14, 0x00, 0xCA, 0x05, 0x12, 0x00, 0xA8,
    0x06, 0xA2, 0x00, 0x93, 0x06, 0x37, 0x00, 0x93, 0x03, 0x79, 0x00, 0x6D, 0x04, 0xA3, 0x00, 0x79,
    0x04, 0xC7, 0x00, 0x6E, 0x04, 0x37, 0x00, 0x6A, 0x04, 0x68, 0x00, 0x56, 0x03, 0x03, 0xFE, 0x4A,
    0x03, 0x1E, 0x00, 0x5C, 0x04, 0x51, 0x00, 0x61, 0x0A, 0x26, 0x00, 0x5C, 0x09, 0xB4, 0x00, 0x5C,
    0x0A, 0x7F, 0x00, 0x61, 0x09, 0x1C, 0x00, 0xEC, 0x05, 0x78, 0x02, 0x27, 0x04, 0x68, 0x00, 0x72,
    0x05, 0x78, 0x01, 0xAA, 0x06, 0x4B, 0x01, 0x4F, 0x06, 0x4B, 0x01, 0x4F, 0x05, 0x63, 0x00, 0xD6,
    0x05, 0x80, 0x00, 0xCA, 0x05, 0x0F, 0x00, 0x91, 0x05, 0x5D, 0x00, 0xD4, 0x05, 0x0F, 0x00, 0xD0,
    0x02, 0xD2, 0x00, 0xAC, 0x03, 0xB3, 0x00, 0x75, 0x03, 0xB3, 0x00, 0xB2, 0x05, 0x63, 0x00, 0xD6,
    0x03, 0x55, 0x01, 0x09, 0x03, 0x0A, 0x00, 0x7D, 0x00, 0x00, 0x00, 0x7A, 0x02, 0xEA, 0x00, 0x00,
    0x02, 0xEA, 0x00, 0x00, 0x07, 0xF0, 0xFF, 0xAF, 0x07, 0xF0, 0xFF, 0xAF, 0x09, 0x09, 0x00, 0xE1,
    0x06, 0x40, 0x00, 0xE3, 0x07, 0x29, 0x00, 0x7C, 0x02, 0xE6, 0x00, 0xFC, 0x03, 0x0D, 0x00, 0xC9,
    0x05, 0x11, 0x00, 0xBD, 0x07, 0x16, 0x00, 0xE3, 0x03, 0x05, 0x00, 0x1E, 0x00, 0x00, 0x00, 0x02,
    0x00, 0x00, 0x00, 0x03, 0x00, 0x00, 0x00, 0x14, 0x00, 0x03, 0x00, 0x01, 0x00, 0x00, 0x00, 0x14,
    0x00, 0x04, 0x02, 0xA8, 0x00, 0x00, 0x00, 0x0C, 0x00, 0x08, 0x00, 0x02, 0x00, 0x04, 0x00, 0x2F,
    0x00, 0x39, 0x00, 0x7E, 0x01, 0x48, 0x01, 0x7F, 0xFF, 0xFF, 0x00, 0x00, 0x00, 0x20, 0x00, 0x30,
    0x00, 0x3A, 0x00, 0xA0, 0x01, 0x4A, 0xFF, 0xFF, 0x00, 0x00, 0x00, 0xC4, 0x00, 0x00, 0x00, 0x00,
    0x00, 0x00, 0x00, 0x01, 0x00, 0x0C, 0x00, 0x00, 0x00, 0x28, 0x00, 0xB0, 0x02, 0x00, 0x00, 0x00,
    0x01, 0x4D, 0x00, 0xFF, 0x01, 0x13, 0x01, 0x0A, 0x00, 0xF0, 0x01, 0x3B, 0x00, 0xFE, 0x01, 0x12,
    0x01, 0x03, 0x01, 0x04, 0x01, 0x28, 0x01, 0x20, 0x01, 0x14, 0x01, 0x10, 0x01, 0x15, 0x01, 0x0C,
    0x01, 0x16, 0x01, 0x17, 0x01, 0x1D, 0x01, 0x1F, 0x01, 0x1E, 0x01, 0x01, 0x01, 0x09, 0x00, 0x02,
    0x00, 0x0D, 0x00, 0x0E, 0x00, 0x14, 0x00, 0x17, 0x00, 0x21, 0x00, 0x22, 0x00, 0x27, 0x00, 0x2A,
    0x00, 0x34, 0x00, 0x36, 0x00, 0x38, 0x00, 0x3D, 0x00, 0x3E, 0x00, 0x44, 0x00, 0x4F, 0x00, 0x50,
    0x00, 0x51, 0x00, 0x55, 0x00, 0x5A, 0x00, 0x5D, 0x00, 0x68, 0x00, 0x69, 0x00, 0x6B, 0x00, 0x6C,
    0x00, 0x70, 0x01, 0x05, 0x01, 0x0F, 0x01, 0x06, 0x01, 0x27, 0x01, 0x26, 0x01, 0x3E, 0x00, 0x74,
    0x00, 0x7F, 0x00, 0x80, 0x00, 0x86, 0x00, 0x89, 0x00, 0x93, 0x00, 0x94, 0x00, 0x99, 0x00, 0x9C,
    0x00, 0xA9, 0x00, 0xAB, 0x00, 0xAD, 0x00, 0xB3, 0x00, 0xB4, 0x00, 0xBA, 0x00, 0xC5, 0x00, 0xC6,
    0x00, 0xC7, 0x00, 0xCB, 0x00, 0xD1, 0x00, 0xD5, 0x00, 0xE1, 0x00, 0xE2, 0x00, 0xE4, 0x00, 0xE5,
    0x00, 0xE9, 0x01, 0x07, 0x01, 0x0D, 0x01, 0x08, 0x01, 0x24, 0x01, 0x4E, 0x01, 0x00, 0x00, 0xF1,
    0x00, 0xF3, 0x01, 0x0B, 0x00, 0xF2, 0x01, 0x0E, 0x01, 0x2F, 0x01, 0x3F, 0x01, 0x2A, 0x01, 0x2C,
    0x01, 0x1B, 0x01, 0x25, 0x01, 0x11, 0x01, 0x29, 0x01, 0x44, 0x01, 0x2B, 0x01, 0x23, 0x01, 0x31,
    0x01, 0x32, 0x01, 0x3C, 0x00, 0xD8, 0x01, 0x2E, 0x01, 0x18, 0x01, 0x4A, 0x01, 0x30, 0x01, 0x2D,
    0x01, 0x1C, 0x01, 0x39, 0x01, 0x38, 0x01, 0x3A, 0x01, 0x02, 0x00, 0x05, 0x00, 0x06, 0x00, 0x07,
    0x00, 0x04, 0x00, 0x03, 0x00, 0x08, 0x00, 0x0C, 0x00, 0x0F, 0x00, 0x18, 0x00, 0x19, 0x00, 0x1A,
    0x00, 0x1B, 0x00, 0x2C, 0x00, 0x2D, 0x00, 0x2E, 0x00, 0x2B, 0x01, 0x50, 0x00, 0x3F, 0x00, 0x48,
    0x00, 0x49, 0x00, 0x4A, 0x00, 0x46, 0x00, 0x45, 0x01, 0x21, 0x00, 0x47, 0x00, 0x5E, 0x00, 0x5F,
    0x00, 0x60, 0x00, 0x61, 0x00, 0x6D, 0x00, 0xED, 0x00, 0xD0, 0x00, 0x79, 0x00, 0x75, 0x00, 0x77,
    0x00, 0x7D, 0x00, 0x78, 0x00, 0x7C, 0x00, 0x7E, 0x00, 0x81, 0x00, 0x8B, 0x00, 0x8C, 0x00, 0x8D,
    0x00, 0x8A, 0x00, 0xA0, 0x00, 0xA1, 0x00, 0xA2, 0x00, 0x9E, 0x00, 0xEE, 0x00, 0xB5, 0x00, 0xBE,
    0x00, 0xBF, 0x00, 0xC0, 0x00, 0xBC, 0x00, 0xBB, 0x01, 0x22, 0x00, 0xBD, 0x00, 0xD9, 0x00, 0xDA,
    0x00, 0xDB, 0x00, 0xD6, 0x00, 0xE7, 0x00, 0xEF, 0x00, 0xE6, 0x00, 0x09, 0x00, 0x7A, 0x00, 0x0A,
    0x00, 0x76, 0x00, 0x0B, 0x00, 0x7B, 0x00, 0x10, 0x00, 0x82, 0x00, 0x11, 0x00, 0x83, 0x00, 0x12,
    0x00, 0x84, 0x00, 0x13, 0x00, 0x85, 0x00, 0x15, 0x00, 0x88, 0x01, 0x4F, 0x00, 0x87, 0x00, 0x1C,
    0x00, 0x8E, 0x00, 0x1D, 0x00, 0x8F, 0x00, 0x1E, 0x00, 0x90, 0x00, 0x1F, 0x00, 0x91, 0x00, 0x20,
    0x00, 0x92, 0x00, 0x23, 0x00, 0x95, 0x00, 0x24, 0x00, 0x96, 0x00, 0x25, 0x00, 0x97, 0x00, 0x26,
    0x00, 0x98, 0x00, 0x28, 0x00, 0x9B, 0x00, 0x29, 0x00, 0x9A, 0x00, 0x2F, 0x00, 0x9F, 0x00, 0x30,
    0x00, 0xA3, 0x00, 0x31, 0x00, 0xA4, 0x00, 0x32, 0x00, 0xA6, 0x00, 0x33, 0x00, 0x9D, 0x01, 0x51,
    0x00, 0xA8, 0x00, 0x35, 0x00, 0xAA, 0x00, 0x37, 0x00, 0xAC, 0x01, 0x57, 0x00, 0x39, 0x00, 0xB0,
    0x00, 0x3A, 0x00, 0xB1, 0x00, 0x3B, 0x00, 0xB2, 0x01, 0x52, 0x00, 0xAF, 0x00, 0x3C, 0x00, 0xAE,
    0x00, 0x40, 0x00, 0xB7, 0x00, 0x41, 0x00, 0xB8, 0x00, 0x42, 0x00, 0xB9, 0x00, 0x43, 0x00, 0xB6,
    0x00, 0x4B, 0x00, 0xC1, 0x00, 0x4C, 0x00, 0xC2, 0x00, 0x4D, 0x00, 0xC3, 0x00, 0x4E, 0x00, 0xC4,
    0x00, 0x52, 0x00, 0xC8, 0x00, 0x53, 0x00, 0xC9, 0x00, 0x54, 0x00, 0xCA, 0x00, 0x56, 0x00, 0xCC,
    0x00, 0x57, 0x00, 0xCD, 0x00, 0x58, 0x00, 0xCE, 0x00, 0x59, 0x00, 0xCF, 0x00, 0x5B, 0x00, 0xD3,
    0x00, 0x5C, 0x00, 0xD4, 0x01, 0x53, 0x00, 0xD2, 0x00, 0x62, 0x00, 0xD7, 0x00, 0x63, 0x00, 0xDC,
    0x00, 0x64, 0x00, 0xDD, 0x00, 0x65, 0x00, 0xDE, 0x00, 0x66, 0x00, 0xDF, 0x00, 0x67, 0x00, 0xE0,
    0x00, 0x6A, 0x00, 0xE3, 0x00, 0x6E, 0x00, 0xE8, 0x00, 0x6F, 0x00, 0x71, 0x00, 0xEA, 0x00, 0x72,
    0x00, 0xEB, 0x00, 0x73, 0x00, 0xEC, 0x01, 0x58, 0xB8, 0x01, 0xFF, 0x85, 0xB0, 0x04, 0x8D, 0x00,
    0x00, 0x00, 0x00, 0x2E, 0x00, 0x2E, 0x00, 0x4C, 0x00, 0x89, 0x00, 0x95, 0x00, 0xA1, 0x00, 0xAD,
    0x00, 0xB9, 0x00, 0xFB, 0x01, 0x07, 0x01, 0x13, 0x01, 0x1F, 0x01, 0x47, 0x01, 0x85, 0x01, 0xC6,
    0x01, 0xD2, 0x01, 0xDE, 0x01, 0xEA, 0x01, 0xF6, 0x02, 0x02, 0x02, 0x2E, 0x02, 0x3A, 0x02, 0x73,
    0x02, 0x8C, 0x02, 0x98, 0x02, 0xA4, 0x02, 0xB0, 0x02, 0xBB, 0x02, 0xC7, 0x02, 0xD3, 0x02, 0xDF,
    0x02, 0xEB, 0x02, 0xF7, 0x03, 0x0D, 0x03, 0x52, 0x03, 0x5E, 0x03, 0x6A, 0x03, 0x76, 0x03, 0x82,
    0x03, 0x9B, 0x03, 0xA7, 0x03, 0xC8, 0x03, 0xD6, 0x04, 0x03, 0x04, 0x0F, 0x04, 0x1B, 0x04, 0x27,
    0x04, 0x34, 0x04, 0x40, 0x04, 0x4C, 0x04, 0x57, 0x04, 0x63, 0x04, 0x87, 0x04, 0x93, 0x04, 0xB1,
    0x04, 0xBD, 0x04, 0xCD, 0x04, 0xD9, 0x04, 0xE5, 0x04, 0xF1, 0x05, 0x0A, 0x05, 0x2C, 0x05, 0x47,
    0x05, 0x53, 0x05, 0x5F, 0x05, 0x6B, 0x05, 0x77, 0x05, 0xA9, 0x05, 0xE8, 0x06, 0x47, 0x06, 0x53,
    0x06, 0x9A, 0x06, 0xA6, 0x06, 0xB2, 0x06, 0xBE, 0x06, 0xCA, 0x06, 0xD6, 0x06, 0xE2, 0x07, 0x1A,
    0x07, 0x43, 0x07, 0x92, 0x07, 0xC5, 0x07, 0xD1, 0x07, 0xDD, 0x07, 0xE9, 0x08, 0x3A, 0x08, 0x46,
    0x08, 0x52, 0x08, 0x5E, 0x08, 0x6A, 0x08, 0x7E, 0x08, 0x8A, 0x08, 0x96, 0x08, 0xBD, 0x08, 0xC9,
    0x08, 0xD5, 0x08, 0xE1, 0x08, 0xED, 0x08, 0xF9, 0x09, 0x05, 0x09, 0x11, 0x09, 0x1D, 0x09, 0x29,
    0x09, 0x35, 0x09, 0x4D, 0x09, 0x73, 0x09, 0x7F, 0x09, 0xA3, 0x09, 0xBC, 0x09, 0xC8, 0x09, 0xD4,
    0x0A, 0x0D, 0x0A, 0x24, 0x0A, 0x30, 0x0A, 0x3C, 0x0A, 0x48, 0x0A, 0x97, 0x0A, 0xA3, 0x0A, 0xAF,
    0x0A, 0xBB, 0x0B, 0x29, 0x0B, 0x34, 0x0B, 0x40, 0x0B, 0x4C, 0x0B, 0xC1, 0x0B, 0xCC, 0x0C, 0x50,
    0x0C, 0x8C, 0x0C, 0xC3, 0x0C, 0xCF, 0x0C, 0xDB, 0x0C, 0xE7, 0x0C, 0xF3, 0x0C, 0xFF, 0x0D, 0x3C,
    0x0D, 0x48, 0x0D, 0x54, 0x0D, 0x92, 0x0D, 0xF0, 0x0D, 0xFB, 0x0E, 0x07, 0x0E, 0x13, 0x0E, 0x1F,
    0x0E, 0x2B, 0x0E, 0x37, 0x0E, 0x43, 0x0E, 0x4F, 0x0E, 0x74, 0x0E, 0xC7, 0x0E, 0xD3, 0x0E, 0xDF,
    0x0E, 0xEB, 0x0E, 0xF7, 0x0F, 0x1F, 0x0F, 0x4E, 0x0F, 0x5A, 0x0F, 0x77, 0x0F, 0x84, 0x0F, 0xB1,
    0x0F, 0xBD, 0x0F, 0xC9, 0x0F, 0xD5, 0x0F, 0xE1, 0x0F, 0xED, 0x0F, 0xF9, 0x10, 0x24, 0x10, 0x2F,
    0x10, 0x4C, 0x10, 0x58, 0x10, 0x85, 0x10, 0x91, 0x10, 0xB6, 0x10, 0xC2, 0x10, 0xD0, 0x10, 0xE6,
    0x10, 0xF2, 0x10, 0xFE, 0x11, 0x09, 0x11, 0x15, 0x11, 0x4E, 0x11, 0x75, 0x11, 0x81, 0x11, 0xC0,
    0x11, 0xCC, 0x11, 0xD8, 0x11, 0xE4, 0x12, 0x1A, 0x12, 0x6F, 0x12, 0x7B, 0x12, 0xBA, 0x12, 0xC5,
    0x12, 0xD1, 0x12, 0xDD, 0x12, 0xE9, 0x12, 0xF5, 0x13, 0x01, 0x13, 0x0D, 0x13, 0x4A, 0x13, 0x88,
    0x13, 0xA9, 0x13, 0xB4, 0x13, 0xBF, 0x13, 0xCA, 0x14, 0x0E, 0x14, 0x19, 0x14, 0x24, 0x14, 0x30,
    0x14, 0x3B, 0x14, 0x7C, 0x14, 0xA4, 0x14, 0xD1, 0x14, 0xDD, 0x14, 0xE9, 0x15, 0x11, 0x15, 0x1C,
    0x15, 0x28, 0x15, 0x52, 0x15, 0x5D, 0x15, 0x69, 0x15, 0x75, 0x15, 0x81, 0x15, 0x8D, 0x15, 0x99,
    0x15, 0xA5, 0x15, 0xB1, 0x15, 0xC9, 0x15, 0xEF, 0x15, 0xFB, 0x16, 0x1D, 0x16, 0x46, 0x16, 0x8E,
    0x16, 0x99, 0x16, 0xA5, 0x16, 0xBE, 0x16, 0xC9, 0x16, 0xD5, 0x16, 0xFF, 0x17, 0x2D, 0x17, 0x81,
    0x17, 0xC6, 0x18, 0x1E, 0x18, 0x5B, 0x18, 0x8A, 0x18, 0xCB, 0x19, 0x05, 0x19, 0x1B, 0x19, 0x50,
    0x19, 0xA0, 0x19, 0xC2, 0x1A, 0x01, 0x1A, 0x54, 0x1A, 0x69, 0x1A, 0xCF, 0x1B, 0x23, 0x1B, 0x87,
    0x1B, 0xA9, 0x1B, 0xCB, 0x1C, 0x15, 0x1C, 0x5F, 0x1C, 0x84, 0x1C, 0xA9, 0x1C, 0xBC, 0x1C, 0xCF,
    0x1D, 0x15, 0x1D, 0x5B, 0x1D, 0xF0, 0x1E, 0x18, 0x1E, 0x7C, 0x1E, 0x8C, 0x1E, 0x9A, 0x1E, 0xB0,
    0x1E, 0xC0, 0x1E, 0xCE, 0x1E, 0xD6, 0x1E, 0xE4, 0x1E, 0xF0, 0x1F, 0x0B, 0x1F, 0x23, 0x1F, 0x4C,
    0x1F, 0x78, 0x1F, 0x81, 0x1F, 0x9C, 0x1F, 0xB6, 0x1F, 0xC2, 0x1F, 0xCE, 0x1F, 0xE7, 0x20, 0x02,
    0x20, 0x18, 0x20, 0x2E, 0x20, 0x46, 0x20, 0x76, 0x20, 0x94, 0x20, 0xC1, 0x20, 0xD6, 0x20, 0xE2,
    0x21, 0x00, 0x21, 0x29, 0x21, 0x8F, 0x22, 0x0B, 0x22, 0x3D, 0x22, 0x7F, 0x22, 0xAE, 0x22, 0xD1,
    0x23, 0x4F, 0x23, 0x63, 0x23, 0x90, 0x23, 0xD1, 0x23, 0xFA, 0x24, 0x19, 0x24, 0x28, 0x24, 0x3C,
    0x24, 0x7D, 0x24, 0x8D, 0x24, 0x9D, 0x24, 0xAD, 0x25, 0x10, 0x25, 0x20, 0x25, 0x39, 0x25, 0x49,
    0x25, 0x6F, 0x25, 0x95, 0x25, 0xAC, 0x25, 0xD2, 0x25, 0xF9, 0x26, 0x06, 0x26, 0x1F, 0x26, 0x36,
    0x26, 0x63, 0x26, 0x8E, 0x26, 0xA5, 0x26, 0xC3, 0x26, 0xE8, 0x26, 0xF7, 0x26, 0xF7, 0x26, 0xF7,
    0x26, 0xFF, 0x27, 0x07, 0x27, 0x13, 0x27, 0x1F, 0x27, 0x2B, 0x27, 0x39, 0x27, 0x50, 0x27, 0x5D,
    0x27, 0x81, 0x27, 0x9F, 0x00, 0x05, 0x01, 0x06, 0xFD, 0x80, 0x0A, 0x1E, 0x0A, 0x80, 0x00, 0x03,
    0x00, 0x07, 0x00, 0x0B, 0x00, 0x0F, 0x00, 0x13, 0x00, 0x00, 0x41, 0x11, 0x21, 0x11, 0x01, 0x11,
    0x21, 0x11, 0x01, 0x11, 0x21, 0x11, 0x01, 0x11, 0x21, 0x11, 0x01, 0x11, 0x21, 0x11, 0x01, 0x06,
    0x09, 0x18, 0xF6, 0xE8, 0x09, 0x18, 0xF6, 0xE8, 0x09, 0x18, 0xF6, 0xE8, 0x09, 0x18, 0xF6, 0xE8,
    0x09, 0x18, 0xFD, 0x80, 0x02, 0x00, 0xFE, 0x00, 0x08, 0x40, 0x02, 0x00, 0xFE, 0x00, 0x02, 0xC0,
    0x02, 0x00, 0xFE, 0x00, 0xF7, 0xC0, 0x02, 0x00, 0xFE, 0x00, 0x02, 0xC0, 0x02, 0x00, 0xFE, 0x00,
    0x00, 0x02, 0x00, 0x46, 0x00, 0x00, 0x07, 0x6D, 0x08, 0x00, 0x00, 0x07, 0x00, 0x0B, 0x00, 0x00,
    0x61, 0x21, 0x01, 0x21, 0x01, 0x21, 0x01, 0x23, 0x01, 0x21, 0x11, 0x21, 0x01, 0x8E, 0xFE, 0xB8,
    0x02, 0xE1, 0x01, 0x65, 0x02, 0xE1, 0xFE, 0xB8, 0xFD, 0xBD, 0x10, 0xFD, 0xF3, 0x04, 0x28, 0xFB,
    0xD8, 0x08, 0x00, 0xF8, 0x00, 0x06, 0x8C, 0xFC, 0x96, 0xFE, 0xFC, 0x00, 0x00, 0x04, 0x00, 0x46,
    0x00, 0x00, 0x07, 0x6D, 0x0A, 0x4E, 0x00, 0x07, 0x00, 0x0B, 0x00, 0x17, 0x00, 0x23, 0x00, 0x00,
    0x61, 0x21, 0x01, 0x21, 0x01, 0x21, 0x01, 0x23, 0x01, 0x21, 0x11, 0x21, 0x13, 0x22, 0x26, 0x35,
    0x34, 0x36, 0x33, 0x32, 0x16, 0x15, 0x14, 0x06, 0x21, 0x22, 0x26, 0x35, 0x34, 0x36, 0x33, 0x32,
    0x16, 0x15, 0x14, 0x06, 0x01, 0x8E, 0xFE, 0xB8, 0x02, 0xE1, 0x01, 0x65, 0x02, 0xE1, 0xFE, 0xB8,
    0xFD, 0xBD, 0x10, 0xFD, 0xF3, 0x04, 0x28, 0xFB, 0xD8, 0xEF, 0x47, 0x6A, 0x6A, 0x47, 0x4B, 0x65,
    0x65, 0x02, 0x01, 0x47, 0x6A, 0x6A, 0x47, 0x4B, 0x65, 0x65, 0x08, 0x00, 0xF8, 0x00, 0x06, 0x8C,
    0xFC, 0x96, 0xFE, 0xFC, 0x06, 0xD3, 0x69, 0x45, 0x4B, 0x64, 0x64, 0x4B, 0x45, 0x69, 0x69, 0x45,
    0x4B, 0x64, 0x64, 0x4B, 0x45, 0x69, 0xFF, 0xFF, 0x00, 0x46, 0x00, 0x00, 0x07, 0x6D, 0x0A, 0x4F,
    0x06, 0x26, 0x00, 0x02, 0x00, 0x00, 0x00, 0x07, 0x01, 0x43, 0x01, 0x52, 0x00, 0x00, 0xFF, 0xFF,
    0x00, 0x46, 0x00, 0x00, 0x07, 0x6D, 0x0A, 0x9A, 0x06, 0x26, 0x00, 0x02, 0x00, 0x00, 0x00, 0x07,
    0x01, 0x3E, 0x00, 0x86, 0x02, 0x00, 0xFF, 0xFF, 0x00, 0x46, 0x00, 0x00, 0x07, 0x6D, 0x0A, 0x9A,
    0x06, 0x26, 0x00, 0x02, 0x00, 0x00, 0x00, 0x07, 0x01, 0x3C, 0x01, 0x37, 0x02, 0x00, 0xFF, 0xFF,
    0x00, 0x46, 0x00, 0x00, 0x07, 0x6D, 0x0A, 0x6F, 0x06, 0x26, 0x00, 0x02, 0x00, 0x00, 0x00, 0x07,
    0x01, 0x41, 0x01, 0x28, 0x02, 0x00, 0x00, 0x04, 0x00, 0x46, 0x00, 0x00, 0x07, 0x6D, 0x0A, 0xD0,
    0x00, 0x07, 0x00, 0x0B, 0x00, 0x1A, 0x00, 0x26, 0x00, 0x00, 0x61, 0x21, 0x01, 0x21, 0x01, 0x21,
    0x01, 0x23, 0x01, 0x21, 0x11, 0x21, 0x01, 0x22, 0x26, 0x35, 0x34, 0x36, 0x36, 0x33, 0x32, 0x16,
    0x16, 0x15, 0x14, 0x06, 0x06, 0x27, 0x32, 0x36, 0x35, 0x34, 0x26, 0x23, 0x22, 0x06, 0x15, 0x14,
    0x16, 0x01, 0x8E, 0xFE, 0xB8, 0x02, 0xE1, 0x01, 0x65, 0x02, 0xE1, 0xFE, 0xB8, 0xFD, 0xBD, 0x10,
    0xFD, 0xF3, 0x04, 0x28, 0xFB, 0xD8, 0x02, 0x15, 0x7B, 0xAD, 0x4F, 0x87, 0x52, 0x51, 0x87, 0x50,
    0x50, 0x87, 0x51, 0x3C, 0x50, 0x50, 0x3C, 0x3C, 0x51, 0x50, 0x08, 0x00, 0xF8, 0x00, 0x06, 0x8C,
    0xFC, 0x96, 0xFE, 0xFC, 0x06, 0x67, 0xAC, 0x79, 0x51, 0x86, 0x4F, 0x4F, 0x86, 0x51, 0x51, 0x85,
    0x4F, 0x99, 0x52, 0x3A, 0x3B, 0x52, 0x52, 0x3B, 0x3A, 0x53, 0xFF, 0xFF, 0x00, 0x46, 0x00, 0x00,
    0x07, 0x6D, 0x0A, 0x00, 0x06, 0x26, 0x00, 0x02, 0x00, 0x00, 0x00, 0x07, 0x01, 0x44, 0x01, 0x2B,
    0x02, 0x00, 0xFF, 0xFF, 0x00, 0x46, 0x00, 0x00, 0x07, 0x6D, 0x0A, 0x08, 0x06, 0x26, 0x00, 0x02,
    0x00, 0x00, 0x00, 0x07, 0x01, 0x45, 0x01, 0x52, 0x02, 0x00, 0xFF, 0xFF, 0x00, 0x46, 0xFD, 0xB1,
    0x07, 0x88, 0x08, 0x00, 0x06, 0x26, 0x00, 0x02, 0x00, 0x00, 0x00, 0x07, 0x01, 0x4B, 0x04, 0xFF,
    0x00, 0x00, 0x00, 0x02, 0x00, 0x46, 0x00, 0x00, 0x0A, 0x59, 0x08, 0x00, 0x00, 0x0F, 0x00, 0x13,
    0x00, 0x00, 0x73, 0x01, 0x21, 0x11, 0x21, 0x11, 0x21, 0x11, 0x21, 0x11, 0x21, 0x11, 0x21, 0x11,
    0x23, 0x01, 0x13, 0x11, 0x21, 0x11, 0x46, 0x03, 0xBA, 0x06, 0x4D, 0xFC, 0x31, 0x03, 0x8C, 0xFC,
    0x74, 0x03, 0xDB, 0xFA, 0xF0, 0x93, 0xFC, 0xE4, 0x6C, 0x03, 0xE8, 0x08, 0x00, 0xFE, 0xF6, 0xFD,
    0x90, 0xFE, 0xF7, 0xFD, 0x8D, 0xFE, 0xF6, 0x06, 0xDF, 0xF9, 0x21, 0x02, 0x1E, 0x01, 0x04, 0xFE,
    0xFC, 0x00, 0x00, 0x03, 0x00, 0xE1, 0x00, 0x00, 0x06, 0xA5, 0x08, 0x00, 0x00, 0x13, 0x00, 0x1D,
    0x00, 0x27, 0x00, 0x00, 0x73, 0x11, 0x21, 0x32, 0x04, 0x16, 0x15, 0x14, 0x06, 0x06, 0x07, 0x15,
    0x1E, 0x02, 0x15, 0x14, 0x06, 0x04, 0x23, 0x01, 0x21, 0x32, 0x36, 0x35, 0x34, 0x26, 0x26, 0x23,
    0x21, 0x35, 0x21, 0x32, 0x36, 0x36, 0x35, 0x34, 0x26, 0x23, 0x21, 0xE1, 0x02, 0xEE, 0xDA, 0x01,
    0x1E, 0x8E, 0x5E, 0x9D, 0x5E, 0x66, 0xC3, 0x80, 0x93, 0xFE, 0xCE, 0xEE, 0xFE, 0x24, 0x01, 0xBE,
    0xDE, 0xC0, 0x62, 0xB5, 0x7C, 0xFE, 0x37, 0x01, 0x9E, 0x68, 0xA7, 0x63, 0xB2, 0xB8, 0xFE, 0x5A,
    0x08, 0x00, 0x8F, 0xF3, 0x98, 0x80, 0xAF, 0x69, 0x18, 0x14, 0x05, 0x79, 0xDE, 0x9F, 0x9D, 0xF9,
    0x91, 0x01, 0x09, 0xAC, 0x81, 0x61, 0xA2, 0x60, 0xF1, 0x50, 0x91, 0x63, 0x7F, 0xAC, 0x00, 0x01,
    0x00, 0x9F, 0xFF, 0xE4, 0x07, 0x86, 0x08, 0x1C, 0x00, 0x25, 0x00, 0x00, 0x41, 0x21, 0x2E, 0x03,
    0x23, 0x22, 0x04, 0x02, 0x15, 0x14, 0x12, 0x04, 0x33, 0x32, 0x3E, 0x02, 0x37, 0x05, 0x0E, 0x02,
    0x04, 0x23, 0x20, 0x24, 0x02, 0x11, 0x10, 0x12, 0x24, 0x21, 0x32, 0x04, 0x16, 0x12, 0x07, 0x86,
    0xFE, 0xC8, 0x12, 0x62, 0x8E, 0xAF, 0x62, 0xB1, 0xFE, 0xE9, 0xA1, 0xA1, 0x01, 0x18, 0xAF, 0x61,
    0xAF, 0x8E, 0x63, 0x13, 0x01, 0x38, 0x19, 0x8F, 0xDF, 0xFE, 0xE2, 0xA9, 0xFE, 0xF6, 0xFE, 0x60,
    0xEF, 0xF0, 0x01, 0xA0, 0x01, 0x09, 0xA3, 0x01, 0x1B, 0xE2, 0x94, 0x05, 0x66, 0x64, 0x98, 0x6A,
    0x36, 0xB2, 0xFE, 0xA8, 0xF8, 0xFA, 0xFE, 0xA8, 0xB0, 0x35, 0x68, 0x97, 0x62, 0x01, 0x97, 0xFD,
    0xB7, 0x64, 0xFD, 0x01, 0xD8, 0x01, 0x47, 0x01, 0x48, 0x01, 0xD7, 0xFD, 0x5D, 0xB3, 0xFE, 0xFF,
    0xFF, 0xFF, 0x00, 0x9F, 0xFD, 0x8D, 0x07, 0x86, 0x08, 0x1C, 0x06, 0x26, 0x00, 0x0E, 0x00, 0x00,
    0x00, 0x07, 0x01, 0x4A, 0x02, 0x85, 0xFF, 0xF5, 0xFF, 0xFF, 0x00, 0x9F, 0xFF, 0xE4, 0x07, 0x86,
    0x0A, 0x9A, 0x06, 0x26, 0x00, 0x0E, 0x00, 0x00, 0x00, 0x07, 0x01, 0x3C, 0x01, 0x96, 0x02, 0x00,
    0xFF, 0xFF, 0x00, 0x9F, 0xFF, 0xE4, 0x07, 0x86, 0x0A, 0x6F, 0x06, 0x26, 0x00, 0x0E, 0x00, 0x00,
    0x00, 0x07, 0x01, 0x41, 0x01, 0x86, 0x02, 0x00, 0xFF, 0xFF, 0x00, 0x9F, 0xFF, 0xE4, 0x07, 0x86,
    0x0A, 0x52, 0x06, 0x26, 0x00, 0x0E, 0x00, 0x00, 0x00, 0x07, 0x01, 0x46, 0x02, 0xCF, 0x02, 0x00,
    0xFF, 0xFF, 0x00, 0x9F, 0xFF, 0xE4, 0x07, 0x86, 0x0A, 0x6F, 0x06, 0x26, 0x00, 0x0E, 0x00, 0x00,
    0x00, 0x07, 0x01, 0x49, 0x01, 0x86, 0x02, 0x00, 0x00, 0x02, 0x00, 0xE1, 0x00, 0x00, 0x07, 0x51,
    0x08, 0x00, 0x00, 0x0A, 0x00, 0x15, 0x00, 0x00, 0x61, 0x21, 0x11, 0x21, 0x20, 0x04, 0x12, 0x11,
    0x10, 0x02, 0x04, 0x01, 0x21, 0x32, 0x24, 0x12, 0x35, 0x34, 0x02, 0x24, 0x23, 0x21, 0x03, 0x78,
    0xFD, 0x69, 0x02, 0xAC, 0x01, 0x2D, 0x01, 0xB0, 0xE7, 0xE9, 0xFE, 0x48, 0xFD, 0x66, 0x01, 0x51,
    0xEA, 0x01, 0x36, 0x9A, 0x99, 0xFE, 0xD2, 0xE0, 0xFE, 0x9C, 0x08, 0x00, 0xF5, 0xFE, 0x37, 0xFE,
    0xC1, 0xFE, 0xC0, 0xFE, 0x34, 0xF7, 0x01, 0x0E, 0xB1, 0x01, 0x51, 0xF3, 0xF1, 0x01, 0x50, 0xAE,
    0xFF, 0xFF, 0x00, 0xE1, 0x00, 0x00, 0x07, 0x51, 0x0A, 0x6F, 0x06, 0x26, 0x00, 0x14, 0x00, 0x00,
    0x00, 0x07, 0x01, 0x49, 0x00, 0x98, 0x02, 0x00, 0x00, 0x03, 0xFF, 0xAF, 0x00, 0x00, 0x07, 0x51,
    0x08, 0x00, 0x00, 0x15, 0x00, 0x19, 0x00, 0x1D, 0x00, 0x00, 0x61, 0x21, 0x11, 0x21, 0x32, 0x24,
    0x12, 0x35, 0x34, 0x02, 0x24, 0x23, 0x21, 0x11, 0x21, 0x20, 0x04, 0x12, 0x11, 0x10, 0x02, 0x04,
    0x01, 0x11, 0x21, 0x11, 0x01, 0x35, 0x21, 0x15, 0x03, 0x78, 0xFE, 0x06, 0x01, 0xE9, 0xEA, 0x01,
    0x36, 0x9A, 0x99, 0xFE, 0xD2, 0xE0, 0xFD, 0xF9, 0x02, 0x1A, 0x01, 0x2D, 0x01, 0xB0, 0xE7, 0xE9,
    0xFE, 0x48, 0xFD, 0x66, 0xFE, 0xCB, 0xFE, 0xCE, 0x03, 0x97, 0x01, 0x0E, 0xB1, 0x01, 0x51, 0xF3,
    0xF1, 0x01, 0x50, 0xAE, 0x01, 0x0E, 0xF5, 0xFE, 0x37, 0xFE, 0xC1, 0xFE, 0xC0, 0xFE, 0x34, 0xF7,
    0x08, 0x00, 0xF8, 0x00, 0x08, 0x00, 0xFB, 0xC1, 0xCE, 0xCE, 0x00, 0x01, 0x00, 0xE1, 0x00, 0x00,
    0x05, 0xF1, 0x08, 0x00, 0x00, 0x0B, 0x00, 0x00, 0x73, 0x11, 0x21, 0x11, 0x21, 0x11, 0x21, 0x11,
    0x21, 0x11, 0x21, 0x11, 0xE1, 0x05, 0x04, 0xFC, 0x31, 0x03, 0x8C, 0xFC, 0x74, 0x03, 0xDB, 0x08,
    0x00, 0xFE, 0xF6, 0xFD, 0x90, 0xFE, 0xF7, 0xFD, 0x8D, 0xFE, 0xF6, 0x00, 0xFF, 0xFF, 0x00, 0xE1,
    0x00, 0x00, 0x05, 0xF1, 0x0A, 0x9A, 0x06, 0x26, 0x00, 0x17, 0x00, 0x00, 0x00, 0x07, 0x01, 0x3E,
    0x00, 0x0F, 0x02, 0x00, 0xFF, 0xFF, 0x00, 0xE1, 0x00, 0x00, 0x05, 0xF1, 0x0A, 0x9A, 0x06, 0x26,
    0x00, 0x17, 0x00, 0x00, 0x00, 0x07, 0x01, 0x3C, 0x00, 0xC0, 0x02, 0x00, 0xFF, 0xFF, 0x00, 0xE1,
    0x00, 0x00, 0x05, 0xF1, 0x0A, 0x6F, 0x06, 0x26, 0x00, 0x17, 0x00, 0x00, 0x00, 0x07, 0x01, 0x41,
    0x00, 0xB1, 0x02, 0x00, 0xFF, 0xFF, 0x00, 0xE1, 0x00, 0x00, 0x05, 0xF1, 0x0A, 0x4E, 0x06, 0x26,
    0x00, 0x17, 0x00, 0x00, 0x00, 0x06, 0x01, 0x40, 0x3D, 0x1C, 0xFF, 0xFF, 0x00, 0xE1, 0x00, 0x00,
    0x05, 0xF1, 0x0A, 0x00, 0x06, 0x26, 0x00, 0x17, 0x00, 0x00, 0x00, 0x07, 0x01, 0x44, 0x00, 0xB4,
    0x02, 0x00, 0xFF, 0xFF, 0x00, 0xE1, 0x00, 0x00, 0x05, 0xF1, 0x0A, 0x08, 0x06, 0x26, 0x00, 0x17,
    0x00, 0x00, 0x00, 0x07, 0x01, 0x45, 0x00, 0xDB, 0x02, 0x00, 0xFF, 0xFF, 0x00, 0xE1, 0x00, 0x00,
    0x05, 0xF1, 0x0A, 0x52, 0x06, 0x26, 0x00, 0x17, 0x00, 0x00, 0x00, 0x07, 0x01, 0x46, 0x01, 0xFA,
    0x02, 0x00, 0xFF, 0xFF, 0x00, 0xE1, 0xFD, 0xB1, 0x06, 0x0C, 0x08, 0x00, 0x06, 0x26, 0x00, 0x17,
    0x00, 0x00, 0x00, 0x07, 0x01, 0x4B, 0x03, 0x83, 0x00, 0x00, 0xFF, 0xFF, 0x00, 0xE1, 0x00, 0x00,
    0x05, 0xF1, 0x0A, 0x6F, 0x06, 0x26, 0x00, 0x17, 0x00, 0x00, 0x00, 0x07, 0x01, 0x49, 0x00, 0xB1,
    0x02, 0x00, 0x00, 0x01, 0x00, 0xE1, 0x00, 0x00, 0x05, 0xD7, 0x08, 0x00, 0x00, 0x09, 0x00, 0x00,
    0x73, 0x11, 0x21, 0x11, 0x21, 0x11, 0x21, 0x11, 0x21, 0x11, 0xE1, 0x04, 0xF6, 0xFC, 0x3F, 0x03,
    0x66, 0xFC, 0x9A, 0x08, 0x00, 0xFE, 0xF6, 0xFD, 0x90, 0xFE, 0xF7, 0xFC, 0x83, 0x00, 0x00, 0x01,
    0x00, 0x9F, 0xFF, 0xE4, 0x07, 0x96, 0x08, 0x1C, 0x00, 0x28, 0x00, 0x00, 0x41, 0x2E, 0x03, 0x23,
    0x22, 0x04, 0x02, 0x15, 0x14, 0x12, 0x04, 0x33, 0x32, 0x36, 0x36, 0x35, 0x17, 0x21, 0x35, 0x21,
    0x15, 0x10, 0x02, 0x04, 0x23, 0x20, 0x00, 0x02, 0x11, 0x34, 0x12, 0x12, 0x24, 0x33, 0x32, 0x04,
    0x16, 0x16, 0x17, 0x06, 0x4B, 0x1D, 0x61, 0x86, 0xAB, 0x66, 0xAD, 0xFE, 0xEA, 0xA1, 0xA2, 0x01,
    0x1A, 0xB4, 0xA7, 0xF9, 0x89, 0x50, 0xFD, 0xB6, 0x03, 0x25, 0xDB, 0xFE, 0x7F, 0xF8, 0xFE, 0xEA,
    0xFE, 0x5D, 0xEA, 0x88, 0xF7, 0x01, 0x4F, 0xC7, 0xA6, 0x01, 0x1F, 0xE1, 0x94, 0x1A, 0x05, 0x79,
    0x5B, 0x91, 0x67, 0x36, 0xB2, 0xFE, 0xA9, 0xF8, 0xF9, 0xFE, 0xA8, 0xB2, 0x88, 0xF9, 0xA9, 0x0F,
    0xFF, 0xE9, 0xFE, 0xFE, 0xFE, 0x85, 0xCE, 0x01, 0x00, 0x01, 0xD7, 0x01, 0x44, 0xF5, 0x01, 0x86,
    0x01, 0x11, 0x91, 0x62, 0xB4, 0xF7, 0x96, 0x00, 0xFF, 0xFF, 0x00, 0x9F, 0xFF, 0xE4, 0x07, 0x96,
    0x0A, 0x6F, 0x06, 0x26, 0x00, 0x22, 0x00, 0x00, 0x00, 0x07, 0x01, 0x41, 0x01, 0x7F, 0x02, 0x00,
    0xFF, 0xFF, 0x00, 0x9F, 0xFF, 0xE4, 0x07, 0x96, 0x0A, 0x08, 0x06, 0x26, 0x00, 0x22, 0x00, 0x00,
    0x00, 0x07, 0x01, 0x45, 0x01, 0xA9, 0x02, 0x00, 0xFF, 0xFF, 0x00, 0x9F, 0xFF, 0xE4, 0x07, 0x96,
    0x0A, 0x52, 0x06, 0x26, 0x00, 0x22, 0x00, 0x00, 0x00, 0x07, 0x01, 0x46, 0x02, 0xC8, 0x02, 0x00,
    0xFF, 0xFF, 0x00, 0x9F, 0xFD, 0x62, 0x07, 0x96, 0x08, 0x1C, 0x06, 0x26, 0x00, 0x22, 0x00, 0x00,
    0x00, 0x07, 0x01, 0x4C, 0x02, 0xAD, 0x00, 0x02, 0x00, 0x01, 0x00, 0xE1, 0x00, 0x00, 0x07, 0x49,
    0x08, 0x00, 0x00, 0x0B, 0x00, 0x00, 0x73, 0x11, 0x21, 0x11, 0x21, 0x11, 0x21, 0x11, 0x21, 0x11,
    0x21, 0x11, 0xE1, 0x01, 0x35, 0x03, 0xFD, 0x01, 0x36, 0xFE, 0xCA, 0xFC, 0x03, 0x08, 0x00, 0xFC,
    0x86, 0x03, 0x7A, 0xF8, 0x00, 0x03, 0x7D, 0xFC, 0x83, 0x00, 0xFF, 0xFF, 0x00, 0xE1, 0x00, 0x00,
    0x07, 0x49, 0x0A, 0x72, 0x06, 0x26, 0x00, 0x27, 0x00, 0x00, 0x00, 0x07, 0x01, 0x41, 0x01, 0x6B,
    0x02, 0x03, 0x00, 0x02, 0x00, 0x7C, 0x00, 0x00, 0x08, 0x2F, 0x08, 0x00, 0x00, 0x03, 0x00, 0x0F,
    0x00, 0x00, 0x41, 0x15, 0x21, 0x35, 0x13, 0x11, 0x21, 0x11, 0x21, 0x11, 0x21, 0x11, 0x21, 0x11,
    0x21, 0x11, 0x08, 0x2F, 0xF8, 0x4D, 0xA6, 0x01, 0x35, 0x03, 0xFD, 0x01, 0x36, 0xFE, 0xCA, 0xFC,
    0x03, 0x06, 0x6A, 0xDC, 0xDC, 0xF9, 0x96, 0x08, 0x00, 0xFC, 0x86, 0x03, 0x7A, 0xF8, 0x00, 0x03,
    0x7D, 0xFC, 0x83, 0x00, 0x00, 0x01, 0x00, 0xE1, 0x00, 0x00, 0x02, 0x16, 0x08, 0x00, 0x00, 0x03,
    0x00, 0x00, 0x41, 0x11, 0x21, 0x11, 0x02, 0x16, 0xFE, 0xCB, 0x08, 0x00, 0xF8, 0x00, 0x08, 0x00,
    0x00, 0x03, 0xFF, 0xA6, 0x00, 0x00, 0x03, 0x52, 0x0A, 0x4E, 0x00, 0x03, 0x00, 0x0F, 0x00, 0x1B,
    0x00, 0x00, 0x41, 0x11, 0x21, 0x11, 0x27, 0x22, 0x26, 0x35, 0x34, 0x36, 0x33, 0x32, 0x16, 0x15,
    0x14, 0x06, 0x21, 0x22, 0x26, 0x35, 0x34, 0x36, 0x33, 0x32, 0x16, 0x15, 0x14, 0x06, 0x02, 0x16,
    0xFE, 0xCB, 0x8B, 0x46, 0x6A, 0x6A, 0x46, 0x4B, 0x65, 0x65, 0x02, 0x01, 0x46, 0x6A, 0x6A, 0x46,
    0x4B, 0x65, 0x65, 0x08, 0x00, 0xF8, 0x00, 0x08, 0x00, 0xF1, 0x69, 0x45, 0x4B, 0x64, 0x64, 0x4B,
    0x45, 0x69, 0x69, 0x45, 0x4B, 0x64, 0x64, 0x4B, 0x45, 0x69, 0xFF, 0xFF, 0xFF, 0xD2, 0x00, 0x00,
    0x02, 0x16, 0x0A, 0x9A, 0x06, 0x26, 0x00, 0x2A, 0x00, 0x00, 0x00, 0x07, 0x01, 0x3E, 0xFE, 0x29,
    0x02, 0x00, 0xFF, 0xFF, 0x00, 0xE1, 0x00, 0x00, 0x03, 0x26, 0x0A, 0x9A, 0x06, 0x26, 0x00, 0x2A,
    0x00, 0x00, 0x00, 0x07, 0x01, 0x3C, 0xFE, 0xDA, 0x02, 0x00, 0xFF, 0xFF, 0xFF, 0xA0, 0x00, 0x00,
    0x03, 0x58, 0x0A, 0x6F, 0x06, 0x26, 0x00, 0x2A, 0x00, 0x00, 0x00, 0x07, 0x01, 0x41, 0xFE, 0xCA,
    0x02, 0x00, 0xFF, 0xFF, 0x00, 0x7D, 0x00, 0x00, 0x04, 0x6A, 0x0A, 0x3E, 0x04, 0x27, 0x00, 0x2A,
    0x00, 0xF7, 0x00, 0x00, 0x00, 0x07, 0x01, 0x42, 0xFF, 0xB3, 0x02, 0x00, 0xFF, 0xFF, 0xFF, 0xA2,
    0x00, 0x00, 0x03, 0x56, 0x0A, 0x00, 0x06, 0x26, 0x00, 0x2A, 0x00, 0x00, 0x00, 0x07, 0x01, 0x44,
    0xFE, 0xCE, 0x02, 0x00, 0xFF, 0xFF, 0xFF, 0xC5, 0x00, 0x00, 0x03, 0x36, 0x0A, 0x08, 0x06, 0x26,
    0x00, 0x2A, 0x00, 0x00, 0x00, 0x07, 0x01, 0x45, 0xFE, 0xF4, 0x02, 0x00, 0xFF, 0xFF, 0x00, 0x26,
    0xFD, 0xB1, 0x02, 0x32, 0x08, 0x00, 0x06, 0x26, 0x00, 0x2A, 0x00, 0x00, 0x00, 0x06, 0x01, 0x4B,
    0xA9, 0x00, 0xFF, 0xFF, 0x00, 0xBF, 0x00, 0x00, 0x02, 0x39, 0x0A, 0x52, 0x06, 0x26, 0x00, 0x2A,
    0x00, 0x00, 0x00, 0x07, 0x01, 0x46, 0x00, 0x13, 0x02, 0x00, 0x00, 0x01, 0x00, 0x63, 0xFF, 0xE4,
    0x05, 0x31, 0x08, 0x00, 0x00, 0x13, 0x00, 0x00, 0x41, 0x21, 0x11, 0x14, 0x02, 0x04, 0x23, 0x22,
    0x24, 0x26, 0x35, 0x21, 0x14, 0x16, 0x16, 0x33, 0x32, 0x36, 0x36, 0x35, 0x03, 0xFD, 0x01, 0x34,
    0x9B, 0xFE, 0xE8, 0xBC, 0xAD, 0xFE, 0xED, 0x9F, 0x01, 0x33, 0x4F, 0x8B, 0x5A, 0x62, 0x89, 0x48,
    0x08, 0x00, 0xFA, 0x54, 0xC5, 0xFE, 0xE8, 0x93, 0x7E, 0xF1, 0xAD, 0x55, 0x7C, 0x45, 0x53, 0xA2,
    0x75, 0x00, 0xFF, 0xFF, 0x00, 0x63, 0xFF, 0xE4, 0x06, 0x72, 0x0A, 0x6F, 0x06, 0x26, 0x00, 0x34,
    0x00, 0x00, 0x00, 0x07, 0x01, 0x41, 0x01, 0xE5, 0x02, 0x00, 0x00, 0x01, 0x00, 0xE1, 0x00, 0x00,
    0x07, 0x12, 0x08, 0x00, 0x00, 0x0C, 0x00, 0x00, 0x73, 0x11, 0x21, 0x11, 0x33, 0x01, 0x21, 0x01,
    0x01, 0x21, 0x01, 0x03, 0x11, 0xE1, 0x01, 0x35, 0x19, 0x03, 0x5B, 0x01, 0x85, 0xFC, 0xC6, 0x03,
    0x3D, 0xFE, 0x8C, 0xFD, 0x6A, 0xF2, 0x08, 0x00, 0xFC, 0x2E, 0x03, 0xD2, 0xFC, 0x66, 0xFB, 0x9A,
    0x03, 0x93, 0xFE, 0xEA, 0xFD, 0x83, 0xFF, 0xFF, 0x00, 0xE1, 0xFD, 0x61, 0x07, 0x12, 0x08, 0x00,
    0x06, 0x26, 0x00, 0x36, 0x00, 0x00, 0x00, 0x07, 0x01, 0x4C, 0x02, 0x26, 0x00, 0x01, 0x00, 0x01,
    0x00, 0xE1, 0x00, 0x00, 0x05, 0xB6, 0x08, 0x00, 0x00, 0x05, 0x00, 0x00, 0x73, 0x11, 0x21, 0x11,
    0x21, 0x11, 0xE1, 0x01, 0x35, 0x03, 0xA0, 0x08, 0x00, 0xF9, 0x0A, 0xFE, 0xF6, 0x00, 0xFF, 0xFF,
    0x00, 0xE1, 0x00, 0x00, 0x05, 0xB6, 0x0A, 0x9A, 0x06, 0x26, 0x00, 0x38, 0x00, 0x00, 0x00, 0x07,
    0x01, 0x3C, 0xFE, 0xD8, 0x02, 0x00, 0xFF, 0xFF, 0x00, 0xE1, 0xFD, 0x60, 0x05, 0xB6, 0x08, 0x00,
    0x06, 0x26, 0x00, 0x38, 0x00, 0x00, 0x00, 0x07, 0x01, 0x4C, 0x01, 0xCB, 0x00, 0x00, 0xFF, 0xFF,
    0x00, 0xE1, 0x00, 0x00, 0x05, 0xB6, 0x08, 0x63, 0x06, 0x26, 0x00, 0x38, 0x00, 0x00, 0x00, 0x07,
    0x01, 0x54, 0x02, 0x68, 0x00, 0x00, 0x00, 0x02, 0x00, 0x36, 0x00, 0x00, 0x05, 0xD2, 0x08, 0x00,
    0x00, 0x03, 0x00, 0x09, 0x00, 0x00, 0x41, 0x15, 0x01, 0x35, 0x13, 0x11, 0x21, 0x11, 0x21, 0x11,
    0x03, 0x88, 0xFC, 0xAE, 0xC8, 0x01, 0x35, 0x03, 0x9F, 0x05, 0x0E, 0xC7, 0xFF, 0x00, 0xC7, 0xFB,
    0xF2, 0x08, 0x00, 0xF9, 0x0A, 0xFE, 0xF6, 0x00, 0x00, 0x01, 0x00, 0xE1, 0x00, 0x00, 0x08, 0xFF,
    0x08, 0x00, 0x00, 0x0F, 0x00, 0x00, 0x53, 0x21, 0x01, 0x33, 0x01, 0x21, 0x11, 0x21, 0x11, 0x23,
    0x01, 0x23, 0x01, 0x23, 0x11, 0x21, 0xE1, 0x01, 0x77, 0x02, 0x8C, 0x18, 0x02, 0x8C, 0x01, 0x77,
    0xFE, 0xDA, 0x13, 0xFD, 0xA4, 0xF4, 0xFD, 0xA4, 0x13, 0xFE, 0xDA, 0x08, 0x00, 0xF9, 0xC8, 0x06,
    0x38, 0xF8, 0x00, 0x05, 0xCA, 0xFA, 0x39, 0x05, 0xC8, 0xFA, 0x35, 0x00, 0x00, 0x01, 0x00, 0xE1,
    0x00, 0x00, 0x07, 0x56, 0x08, 0x00, 0x00, 0x0B, 0x00, 0x00, 0x41, 0x11, 0x21, 0x01, 0x23, 0x11,
    0x21, 0x11, 0x21, 0x01, 0x33, 0x11, 0x07, 0x56, 0xFE, 0xE4, 0xFB, 0xEF, 0x13, 0xFE, 0xCB, 0x01,
    0x1E, 0x04, 0x12, 0x13, 0x08, 0x00, 0xF8, 0x00, 0x05, 0xDE, 0xFA, 0x22, 0x08, 0x00, 0xFA, 0x20,
    0x05, 0xE0, 0xFF, 0xFF, 0x00, 0xE1, 0x00, 0x00, 0x07, 0x56, 0x0A, 0x3E, 0x06, 0x26, 0x00, 0x3E,
    0x00, 0x00, 0x00, 0x07, 0x01, 0x42, 0x01, 0x5C, 0x02, 0x00, 0xFF, 0xFF, 0x00, 0xE1, 0x00, 0x00,
    0x07, 0x56, 0x0A, 0x9A, 0x06, 0x26, 0x00, 0x3E, 0x00, 0x00, 0x00, 0x07, 0x01, 0x3C, 0x01, 0x7A,
    0x02, 0x00, 0xFF, 0xFF, 0x00, 0xE1, 0xFD, 0x60, 0x07, 0x56, 0x08, 0x00, 0x06, 0x26, 0x00, 0x3E,
    0x00, 0x00, 0x00, 0x07, 0x01, 0x4C, 0x02, 0x9C, 0x00, 0x00, 0xFF, 0xFF, 0x00, 0xE1, 0x00, 0x00,
    0x07, 0x56, 0x0A, 0x6F, 0x06, 0x26, 0x00, 0x3E, 0x00, 0x00, 0x00, 0x07, 0x01, 0x49, 0x01, 0x6A,
    0x02, 0x00, 0x00, 0x02, 0x00, 0xE1, 0xFD, 0xB6, 0x07, 0x56, 0x08, 0x00, 0x00, 0x10, 0x00, 0x1C,
    0x00, 0x00, 0x61, 0x21, 0x15, 0x14, 0x06, 0x06, 0x23, 0x22, 0x26, 0x27, 0x35, 0x16, 0x16, 0x33,
    0x32, 0x36, 0x35, 0x01, 0x11, 0x21, 0x01, 0x23, 0x11, 0x21, 0x11, 0x21, 0x01, 0x33, 0x11, 0x06,
    0x3A, 0x01, 0x1C, 0x7C, 0xD5, 0x87, 0x25, 0x4C, 0x1E, 0x14, 0x35, 0x1B, 0x63, 0x84, 0x01, 0x1C,
    0xFE, 0xE4, 0xFB, 0xEF, 0x13, 0xFE, 0xCB, 0x01, 0x1E, 0x04, 0x12, 0x13, 0x89, 0x99, 0xC7, 0x61,
    0x05, 0x0A, 0xF3, 0x04, 0x06, 0x59, 0x71, 0x08, 0x88, 0xF8, 0x00, 0x05, 0xDE, 0xFA, 0x22, 0x08,
    0x00, 0xFA, 0x20, 0x05, 0xE0, 0x00, 0x00, 0x02, 0x00, 0x9F, 0xFF, 0xE4, 0x07, 0xD4, 0x08, 0x1C,
    0x00, 0x0F, 0x00, 0x1F, 0x00, 0x00, 0x41, 0x10, 0x02, 0x04, 0x21, 0x20, 0x24, 0x02, 0x11, 0x10,
    0x12, 0x24, 0x21, 0x20, 0x04, 0x12, 0x01, 0x34, 0x02, 0x24, 0x23, 0x22, 0x04, 0x02, 0x15, 0x14,
    0x12, 0x04, 0x33, 0x32, 0x24, 0x12, 0x07, 0xD4, 0xF0, 0xFE, 0x5F, 0xFE, 0xF7, 0xFE, 0xF6, 0xFE,
    0x5F, 0xF0, 0xF0, 0x01, 0xA1, 0x01, 0x0A, 0x01, 0x09, 0x01, 0xA1, 0xF0, 0xFE, 0xCE, 0xA1, 0xFE,
    0xE9, 0xB0, 0xB1, 0xFE, 0xEA, 0xA1, 0xA1, 0x01, 0x16, 0xB1, 0xB0, 0x01, 0x17, 0xA1, 0x04, 0x00,
    0xFE, 0xB8, 0xFE, 0x29, 0xFD, 0xFD, 0x01, 0xD8, 0x01, 0x47, 0x01, 0x48, 0x01, 0xD7, 0xFD, 0xFD,
    0xFE, 0x29, 0xFE, 0xB8, 0xFA, 0x01, 0x57, 0xB1, 0xB1, 0xFE, 0xA9, 0xFA, 0xFA, 0xFE, 0xA9, 0xB1,
    0xB1, 0x01, 0x57, 0x00, 0x00, 0x04, 0x00, 0x9F, 0xFF, 0xE4, 0x07, 0xD4, 0x0A, 0x4E, 0x00, 0x0F,
    0x00, 0x1F, 0x00, 0x2B, 0x00, 0x37, 0x00, 0x00, 0x41, 0x10, 0x02, 0x04, 0x21, 0x20, 0x24, 0x02,
    0x11, 0x10, 0x12, 0x24, 0x21, 0x20, 0x04, 0x12, 0x01, 0x34, 0x02, 0x24, 0x23, 0x22, 0x04, 0x02,
    0x15, 0x14, 0x12, 0x04, 0x33, 0x32, 0x24, 0x12, 0x01, 0x22, 0x26, 0x35, 0x34, 0x36, 0x33, 0x32,
    0x16, 0x15, 0x14, 0x06, 0x21, 0x22, 0x26, 0x35, 0x34, 0x36, 0x33, 0x32, 0x16, 0x15, 0x14, 0x06,
    0x07, 0xD4, 0xF0, 0xFE, 0x5F, 0xFE, 0xF7, 0xFE, 0xF6, 0xFE, 0x5F, 0xF0, 0xF0, 0x01, 0xA1, 0x01,
    0x0A, 0x01, 0x09, 0x01, 0xA1, 0xF0, 0xFE, 0xCE, 0xA1, 0xFE, 0xE9, 0xB0, 0xB1, 0xFE, 0xEA, 0xA1,
    0xA1, 0x01, 0x16, 0xB1, 0xB0, 0x01, 0x17, 0xA1, 0xFC, 0x72, 0x47, 0x6A, 0x6A, 0x47, 0x4B, 0x65,
    0x65, 0x02, 0x01, 0x47, 0x6A, 0x6A, 0x47, 0x4B, 0x65, 0x65, 0x04, 0x00, 0xFE, 0xB8, 0xFE, 0x29,
    0xFD, 0xFD, 0x01, 0xD8, 0x01, 0x47, 0x01, 0x48, 0x01, 0xD7, 0xFD, 0xFD, 0xFE, 0x29, 0xFE, 0xB8,
    0xFA, 0x01, 0x57, 0xB1, 0xB1, 0xFE, 0xA9, 0xFA, 0xFA, 0xFE, 0xA9, 0xB1, 0xB1, 0x01, 0x57, 0x05,
    0xEB, 0x69, 0x45, 0x4B, 0x64, 0x64, 0x4B, 0x45, 0x69, 0x69, 0x45, 0x4B, 0x64, 0x64, 0x4B, 0x45,
    0x69, 0x00, 0xFF, 0xFF, 0x00, 0x9F, 0xFF, 0xE4, 0x07, 0xD4, 0x0A, 0x4F, 0x06, 0x26, 0x00, 0x44,
    0x00, 0x00, 0x00, 0x07, 0x01, 0x43, 0x01, 0xB2, 0x00, 0x00, 0x00, 0x03, 0x00, 0x9F, 0xFF, 0xA7,
    0x07, 0xD4, 0x08, 0x55, 0x00, 0x03, 0x00, 0x13, 0x00, 0x23, 0x00, 0x00, 0x45, 0x27, 0x01, 0x17,
    0x13, 0x10, 0x02, 0x04, 0x21, 0x20, 0x24, 0x02, 0x11, 0x10, 0x12, 0x24, 0x21, 0x20, 0x04, 0x12,
    0x01, 0x34, 0x02, 0x24, 0x23, 0x22, 0x04, 0x02, 0x15, 0x14, 0x12, 0x04, 0x33, 0x32, 0x24, 0x12,
    0x01, 0xBA, 0xA6, 0x05, 0x9E, 0xA7, 0x7B, 0xF0, 0xFE, 0x5F, 0xFE, 0xF7, 0xFE, 0xF6, 0xFE, 0x5F,
    0xF0, 0xF0, 0x01, 0xA1, 0x01, 0x0A, 0x01, 0x09, 0x01, 0xA1, 0xF0, 0xFE, 0xCE, 0xA1, 0xFE, 0xE9,
    0xB0, 0xB1, 0xFE, 0xEA, 0xA1, 0xA1, 0x01, 0x16, 0xB1, 0xB0, 0x01, 0x17, 0xA1, 0x59, 0x72, 0x08,
    0x3C, 0x72, 0xFC, 0x1D, 0xFE, 0xB8, 0xFE, 0x29, 0xFD, 0xFD, 0x01, 0xD8, 0x01, 0x47, 0x01, 0x48,
    0x01, 0xD7, 0xFD, 0xFD, 0xFE, 0x29, 0xFE, 0xB8, 0xFA, 0x01, 0x57, 0xB1, 0xB1, 0xFE, 0xA9, 0xFA,
    0xFA, 0xFE, 0xA9, 0xB1, 0xB1, 0x01, 0x57, 0x00, 0xFF, 0xFF, 0x00, 0x9F, 0xFF, 0xE4, 0x07, 0xD4,
    0x0A, 0x9A, 0x06, 0x26, 0x00, 0x44, 0x00, 0x00, 0x00, 0x07, 0x01, 0x3E, 0x00, 0xE6, 0x02, 0x00,
    0xFF, 0xFF, 0x00, 0x9F, 0xFF, 0xE4, 0x07, 0xD4, 0x0A, 0x9A, 0x06, 0x26, 0x00, 0x44, 0x00, 0x00,
    0x00, 0x07, 0x01, 0x3C, 0x01, 0x97, 0x02, 0x00, 0xFF, 0xFF, 0x00, 0x9F, 0xFF, 0xE4, 0x07, 0xD4,
    0x0A, 0x6F, 0x06, 0x26, 0x00, 0x44, 0x00, 0x00, 0x00, 0x07, 0x01, 0x41, 0x01, 0x88, 0x02, 0x00,
    0xFF, 0xFF, 0x00, 0x9F, 0xFF, 0xE4, 0x07, 0xD4, 0x0A, 0x00, 0x06, 0x26, 0x00, 0x44, 0x00, 0x00,
    0x00, 0x07, 0x01, 0x44, 0x01, 0x8B, 0x02, 0x00, 0xFF, 0xFF, 0x00, 0x9F, 0xFF, 0xE4, 0x07, 0xD4,
    0x0A, 0x08, 0x06, 0x26, 0x00, 0x44, 0x00, 0x00, 0x00, 0x07, 0x01, 0x45, 0x01, 0xB2, 0x02, 0x00,
    0xFF, 0xFF, 0x00, 0x9F, 0xFF, 0xE4, 0x07, 0xD4, 0x0A, 0x50, 0x06, 0x26, 0x00, 0x44, 0x00, 0x00,
    0x00, 0x07, 0x01, 0x3D, 0x02, 0x4B, 0x02, 0x10, 0x00, 0x02, 0x00, 0x9F, 0x00, 0x00, 0x0A, 0x08,
    0x08, 0x00, 0x00, 0x12, 0x00, 0x1D, 0x00, 0x00, 0x61, 0x20, 0x24, 0x02, 0x11, 0x10, 0x12, 0x24,
    0x21, 0x21, 0x11, 0x21, 0x11, 0x21, 0x11, 0x21, 0x11, 0x21, 0x11, 0x01, 0x11, 0x23, 0x22, 0x04,
    0x02, 0x15, 0x14, 0x12, 0x04, 0x33, 0x04, 0x30, 0xFE, 0xF3, 0xFE, 0x64, 0xE8, 0xE8, 0x01, 0x9C,
    0x01, 0x0D, 0x05, 0xCC, 0xFC, 0x32, 0x03, 0x8C, 0xFC, 0x74, 0x03, 0xDA, 0xFA, 0xF0, 0xC8, 0xB4,
    0xFE, 0xEE, 0x9A, 0x9A, 0x01, 0x12, 0xB4, 0xFA, 0x01, 0xCB, 0x01, 0x3A, 0x01, 0x3D, 0x01, 0xCC,
    0xF8, 0xFE, 0xF6, 0xFD, 0x90, 0xFE, 0xF7, 0xFD, 0x8D, 0xFE, 0xF6, 0x01, 0x0A, 0x05, 0xEC, 0xB4,
    0xFE, 0xAC, 0xEF, 0xED, 0xFE, 0xAD, 0xB5, 0x00, 0x00, 0x01, 0x00, 0xE1, 0x00, 0x00, 0x06, 0x80,
    0x08, 0x00, 0x00, 0x17, 0x00, 0x00, 0x73, 0x11, 0x21, 0x32, 0x04, 0x12, 0x15, 0x14, 0x02, 0x04,
    0x23, 0x21, 0x11, 0x21, 0x32, 0x36, 0x36, 0x35, 0x34, 0x26, 0x26, 0x23, 0x21, 0x11, 0xE1, 0x02,
    0xDA, 0xEF, 0x01, 0x3A, 0x9C, 0x9D, 0xFE, 0xC5, 0xEE, 0xFE, 0x0A, 0x01, 0xDA, 0x97, 0xBC, 0x58,
    0x58, 0xBD, 0x9A, 0xFE, 0x7C, 0x08, 0x00, 0xAE, 0xFE, 0xD3, 0xBC, 0xBD, 0xFE, 0xD3, 0xAF, 0x01,
    0x06, 0x69, 0xB6, 0x74, 0x74, 0xB4, 0x66, 0xF9, 0x09, 0x00, 0x00, 0x03, 0x00, 0x9F, 0xFF, 0x48,
    0x07, 0xD4, 0x08, 0x1C, 0x00, 0x07, 0x00, 0x17, 0x00, 0x27, 0x00, 0x00, 0x41, 0x21, 0x13, 0x17,
    0x01, 0x21, 0x03, 0x27, 0x01, 0x10, 0x02, 0x04, 0x21, 0x20, 0x24, 0x02, 0x11, 0x10, 0x12, 0x24,
    0x21, 0x20, 0x04, 0x12, 0x01, 0x34, 0x02, 0x24, 0x23, 0x22, 0x04, 0x02, 0x15, 0x14, 0x12, 0x04,
    0x33, 0x32, 0x24, 0x12, 0x03, 0xD2, 0x01, 0x30, 0xD6, 0x65, 0x01, 0x55, 0xFE, 0xC4, 0xE4, 0x4E,
    0x02, 0xB0, 0xF0, 0xFE, 0x5F, 0xFE, 0xF7, 0xFE, 0xF6, 0xFE, 0x5F, 0xF0, 0xF0, 0x01, 0xA1, 0x01,
    0x0A, 0x01, 0x09, 0x01, 0xA1, 0xF0, 0xFE, 0xCE, 0xA1, 0xFE, 0xE9, 0xB0, 0xB1, 0xFE, 0xEA, 0xA1,
    0xA1, 0x01, 0x16, 0xB1, 0xB0, 0x01, 0x17, 0xA1, 0x02, 0x98, 0xFE, 0xE9, 0x7C, 0xFE, 0x43, 0x01,
    0x29, 0x6C, 0x03, 0x23, 0xFE, 0xB8, 0xFE, 0x29, 0xFD, 0xFD, 0x01, 0xD8, 0x01, 0x47, 0x01, 0x48,
    0x01, 0xD7, 0xFD, 0xFD, 0xFE, 0x29, 0xFE, 0xB8, 0xFA, 0x01, 0x57, 0xB1, 0xB1, 0xFE, 0xA9, 0xFA,
    0xFA, 0xFE, 0xA9, 0xB1, 0xB1, 0x01, 0x57, 0x00, 0x00, 0x02, 0x00, 0xE1, 0x00, 0x00, 0x06, 0xCE,
    0x08, 0x00, 0x00, 0x17, 0x00, 0x1B, 0x00, 0x00, 0x73, 0x11, 0x21, 0x32, 0x04, 0x12, 0x15, 0x14,
    0x02, 0x04, 0x23, 0x21, 0x11, 0x21, 0x32, 0x36, 0x36, 0x35, 0x34, 0x26, 0x26, 0x23, 0x21, 0x11,
    0x01, 0x01, 0x21, 0x01, 0xE1, 0x02, 0xDA, 0xEE, 0x01, 0x3B, 0x9C, 0x9D, 0xFE, 0xC5, 0xEE, 0xFD,
    0xD7, 0x02, 0x0D, 0x96, 0xBD, 0x58, 0x59, 0xBD, 0x99, 0xFE, 0x7C, 0x02, 0xBE, 0x01, 0xFA, 0xFE,
    0xA0, 0xFE, 0x10, 0x08, 0x00, 0xA4, 0xFE, 0xDF, 0xBD, 0xBC, 0xFE, 0xE3, 0x9E, 0x01, 0x0A, 0x56,
    0xA4, 0x73, 0x74, 0xAA, 0x5B, 0xF9, 0x09, 0x03, 0x9C, 0xFC, 0x64, 0x03, 0x9C, 0x00, 0xFF, 0xFF,
    0x00, 0xE1, 0x00, 0x00, 0x06, 0xCE, 0x0A, 0x9A, 0x06, 0x26, 0x00, 0x51, 0x00, 0x00, 0x00, 0x07,
    0x01, 0x3C, 0x00, 0xDE, 0x02, 0x00, 0xFF, 0xFF, 0x00, 0xE1, 0xFD, 0x60, 0x06, 0xCE, 0x08, 0x00,
    0x06, 0x26, 0x00, 0x51, 0x00, 0x00, 0x00, 0x07, 0x01, 0x4C, 0x02, 0x23, 0x00, 0x00, 0xFF, 0xFF,
    0x00, 0xE1, 0x00, 0x00, 0x06, 0xCE, 0x0A, 0x6F, 0x06, 0x26, 0x00, 0x51, 0x00, 0x00, 0x00, 0x07,
    0x01, 0x49, 0x00, 0xCE, 0x02, 0x00, 0x00, 0x01, 0x00, 0x90, 0xFF, 0xDE, 0x06, 0x84, 0x08, 0x1C,
    0x00, 0x33, 0x00, 0x00, 0x41, 0x26, 0x26, 0x23, 0x22, 0x06, 0x06, 0x15, 0x14, 0x1E, 0x02, 0x17,
    0x17, 0x1E, 0x03, 0x15, 0x14, 0x02, 0x04, 0x23, 0x22, 0x24, 0x02, 0x27, 0x21, 0x1E, 0x02, 0x33,
    0x32, 0x36, 0x36, 0x35, 0x34, 0x26, 0x26, 0x27, 0x27, 0x26, 0x00, 0x35, 0x34, 0x12, 0x24, 0x33,
    0x32, 0x04, 0x16, 0x17, 0x05, 0x3E, 0x10, 0xE8, 0xB0, 0x7E, 0xB8, 0x65, 0x45, 0x71, 0x82, 0x3C,
    0xC8, 0x62, 0xCE, 0xB0, 0x6D, 0xB3, 0xFE, 0xAD, 0xF0, 0xE6, 0xFE, 0xB0, 0xBE, 0x0A, 0x01, 0x36,
    0x09, 0x7F, 0xC7, 0x77, 0x83, 0xCD, 0x76, 0x67, 0xAF, 0x6E, 0xF2, 0xF6, 0xFE, 0xE1, 0xC0, 0x01,
    0x48, 0xCE, 0xD0, 0x01, 0x3F, 0xB8, 0x04, 0x05, 0xE6, 0x8E, 0x9D, 0x4F, 0x89, 0x57, 0x49, 0x6A,
    0x47, 0x2F, 0x0F, 0x34, 0x18, 0x52, 0x86, 0xC6, 0x8A, 0xAE, 0xFE, 0xF2, 0x9C, 0x92, 0x01, 0x0D,
    0xB9, 0x6F, 0x93, 0x47, 0x53, 0x95, 0x64, 0x5B, 0x74, 0x4C, 0x1D, 0x42, 0x43, 0x01, 0x04, 0xD6,
    0xB1, 0x01, 0x08, 0x93, 0x92, 0xFF, 0xA5, 0x00, 0xFF, 0xFF, 0x00, 0x90, 0xFF, 0xDE, 0x06, 0x84,
    0x0A, 0x9A, 0x06, 0x26, 0x00, 0x55, 0x00, 0x00, 0x00, 0x07, 0x01, 0x3C, 0x00, 0xE6, 0x02, 0x00,
    0xFF, 0xFF, 0x00, 0x90, 0xFF, 0xDE, 0x06, 0x84, 0x0A, 0x6F, 0x06, 0x26, 0x00, 0x55, 0x00, 0x00,
    0x00, 0x07, 0x01, 0x41, 0x00, 0xD7, 0x02, 0x00, 0xFF, 0xFF, 0x00, 0x90, 0xFD, 0x98, 0x06, 0x84,
    0x08, 0x1C, 0x06, 0x26, 0x00, 0x55, 0x00, 0x00, 0x00, 0x07, 0x01, 0x4A, 0x01, 0xDC, 0x00, 0x00,
    0xFF, 0xFF, 0x00, 0x90, 0xFF, 0xDE, 0x06, 0x84, 0x0A, 0x6F, 0x06, 0x26, 0x00, 0x55, 0x00, 0x00,
    0x00, 0x07, 0x01, 0x49, 0x00, 0xD7, 0x02, 0x00, 0x00, 0x01, 0x00, 0x7C, 0x00, 0x00, 0x06, 0xAD,
    0x08, 0x00, 0x00, 0x07, 0x00, 0x00, 0x53, 0x11, 0x21, 0x11, 0x21, 0x11, 0x21, 0x11, 0x7C, 0x06,
    0x31, 0xFD, 0x81, 0xFE, 0xCC, 0x06, 0xF6, 0x01, 0x0A, 0xFE, 0xF6, 0xF9, 0x0A, 0x06, 0xF6, 0x00,
    0xFF, 0xFF, 0x00, 0x7C, 0xFD, 0x98, 0x06, 0xAD, 0x08, 0x00, 0x06, 0x26, 0x00, 0x5A, 0x00, 0x00,
    0x00, 0x07, 0x01, 0x4A, 0x01, 0xFB, 0x00, 0x00, 0xFF, 0xFF, 0x00, 0x7C, 0x00, 0x00, 0x06, 0xAD,
    0x0A, 0x6F, 0x06, 0x26, 0x00, 0x5A, 0x00, 0x00, 0x00, 0x07, 0x01, 0x49, 0x00, 0xE3, 0x02, 0x00,
    0x00, 0x01, 0x00, 0xE1, 0xFF, 0xDE, 0x07, 0x3C, 0x08, 0x00, 0x00, 0x15, 0x00, 0x00, 0x41, 0x21,
    0x11, 0x14, 0x02, 0x04, 0x23, 0x22, 0x24, 0x02, 0x35, 0x11, 0x21, 0x11, 0x14, 0x16, 0x16, 0x33,
    0x32, 0x36, 0x36, 0x35, 0x06, 0x06, 0x01, 0x36, 0xCA, 0xFE, 0x92, 0xF6, 0xF5, 0xFE, 0x92, 0xCA,
    0x01, 0x35, 0x7B, 0xE2, 0x9B, 0x9C, 0xE3, 0x79, 0x08, 0x00, 0xFA, 0xBD, 0xD7, 0xFE, 0xB5, 0xBD,
    0xBD, 0x01, 0x4B, 0xD7, 0x05, 0x43, 0xFA, 0xD6, 0x8B, 0xD8, 0x7B, 0x7B, 0xD8, 0x8B, 0xFF, 0xFF,
    0x00, 0xE1, 0xFF, 0xDE, 0x07, 0x3C, 0x0A, 0x9A, 0x06, 0x26, 0x00, 0x5D, 0x00, 0x00, 0x00, 0x07,
    0x01, 0x3E, 0x00, 0xBB, 0x02, 0x00, 0xFF, 0xFF, 0x00, 0xE1, 0xFF, 0xDE, 0x07, 0x3C, 0x0A, 0x9A,
    0x06, 0x26, 0x00, 0x5D, 0x00, 0x00, 0x00, 0x07, 0x01, 0x3C, 0x01, 0x6C, 0x02, 0x00, 0xFF, 0xFF,
    0x00, 0xE1, 0xFF, 0xDE, 0x07, 0x3C, 0x0A, 0x6F, 0x06, 0x26, 0x00, 0x5D, 0x00, 0x00, 0x00, 0x07,
    0x01, 0x41, 0x01, 0x5D, 0x02, 0x00, 0xFF, 0xFF, 0x00, 0xE1, 0xFF, 0xDE, 0x07, 0x3C, 0x0A, 0x4E,
    0x06, 0x26, 0x00, 0x5D, 0x00, 0x00, 0x00, 0x07, 0x01, 0x40, 0x00, 0xE9, 0x00, 0x1C, 0xFF, 0xFF,
    0x00, 0xE1, 0xFF, 0xDE, 0x07, 0x3C, 0x0A, 0x3E, 0x06, 0x26, 0x00, 0x5D, 0x00, 0x00, 0x00, 0x07,
    0x01, 0x42, 0x01, 0x4E, 0x02, 0x00, 0xFF, 0xFF, 0x00, 0xE1, 0xFF, 0xDE, 0x07, 0x3C, 0x0A, 0x00,
    0x06, 0x26, 0x00, 0x5D, 0x00, 0x00, 0x00, 0x07, 0x01, 0x44, 0x01, 0x60, 0x02, 0x00, 0xFF, 0xFF,
    0x00, 0xE1, 0xFF, 0xDE, 0x07, 0x3C, 0x0A, 0x08, 0x06, 0x26, 0x00, 0x5D, 0x00, 0x00, 0x00, 0x07,
    0x01, 0x45, 0x01, 0x87, 0x02, 0x00, 0xFF, 0xFF, 0x00, 0xE1, 0xFF, 0xDE, 0x07, 0x3C, 0x0A, 0xD0,
    0x06, 0x26, 0x00, 0x5D, 0x00, 0x00, 0x00, 0x07, 0x01, 0x48, 0x02, 0x35, 0x00, 0x00, 0xFF, 0xFF,
    0x00, 0xE1, 0xFF, 0xDE, 0x07, 0x3C, 0x0A, 0x50, 0x06, 0x26, 0x00, 0x5D, 0x00, 0x00, 0x00, 0x07,
    0x01, 0x3D, 0x02, 0x20, 0x02, 0x10, 0xFF, 0xFF, 0x00, 0xE1, 0xFD, 0xB4, 0x07, 0x3C, 0x08, 0x00,
    0x06, 0x26, 0x00, 0x5D, 0x00, 0x00, 0x00, 0x07, 0x01, 0x4B, 0x02, 0x7A, 0x00, 0x03, 0x00, 0x01,
    0x00, 0x46, 0x00, 0x00, 0x07, 0x6D, 0x08, 0x00, 0x00, 0x07, 0x00, 0x00, 0x41, 0x01, 0x33, 0x01,
    0x21, 0x01, 0x21, 0x01, 0x01, 0x94, 0x02, 0x3A, 0x17, 0x02, 0x3A, 0x01, 0x4E, 0xFD, 0x1F, 0xFE,
    0x9B, 0xFD, 0x1F, 0x08, 0x00, 0xF9, 0x7C, 0x06, 0x84, 0xF8, 0x00, 0x08, 0x00, 0x00, 0x00, 0x01,
    0x00, 0x3A, 0x00, 0x00, 0x0A, 0x88, 0x08, 0x00, 0x00, 0x0F, 0x00, 0x00, 0x61, 0x01, 0x21, 0x01,
    0x33, 0x01, 0x21, 0x01, 0x33, 0x01, 0x21, 0x01, 0x21, 0x01, 0x23, 0x01, 0x02, 0x72, 0xFD, 0xC8,
    0x01, 0x45, 0x01, 0x8F, 0x13, 0x01, 0x9F, 0x01, 0x42, 0x01, 0x9F, 0x13, 0x01, 0x8E, 0x01, 0x46,
    0xFD, 0xC7, 0xFE, 0xC9, 0xFE, 0x51, 0x10, 0xFE, 0x51, 0x08, 0x00, 0xF9, 0xCE, 0x06, 0x32, 0xF9,
    0xCD, 0x06, 0x33, 0xF8, 0x00, 0x05, 0xFE, 0xFA, 0x02, 0x00, 0xFF, 0xFF, 0x00, 0x3A, 0x00, 0x00,
    0x0A, 0x88, 0x0A, 0x6F, 0x06, 0x26, 0x00, 0x69, 0x00, 0x00, 0x00, 0x07, 0x01, 0x41, 0x02, 0xAF,
    0x02, 0x00, 0x00, 0x01, 0x00, 0x4E, 0x00, 0x00, 0x07, 0x06, 0x08, 0x00, 0x00, 0x0D, 0x00, 0x00,
    0x41, 0x01, 0x33, 0x01, 0x21, 0x01, 0x01, 0x21, 0x01, 0x23, 0x01, 0x21, 0x01, 0x01, 0x01, 0xB8,
    0x01, 0xEA, 0x10, 0x01, 0xEA, 0x01, 0x66, 0xFD, 0x82, 0x02, 0x82, 0xFE, 0x98, 0xFE, 0x14, 0x10,
    0xFE, 0x14, 0xFE, 0x98, 0x02, 0x8D, 0xFD, 0x77, 0x08, 0x00, 0xFC, 0xDF, 0x03, 0x21, 0xFC, 0x00,
    0xFC, 0x00, 0x03, 0x16, 0xFC, 0xEA, 0x04, 0x00, 0x04, 0x00, 0x00, 0x01, 0x00, 0x43, 0x00, 0x00,
    0x07, 0x45, 0x08, 0x00, 0x00, 0x09, 0x00, 0x00, 0x53, 0x21, 0x01, 0x33, 0x01, 0x21, 0x01, 0x11,
    0x21, 0x11, 0x43, 0x01, 0x5F, 0x02, 0x17, 0x16, 0x02, 0x17, 0x01, 0x5F, 0xFD, 0x19, 0xFE, 0xCC,
    0x08, 0x00, 0xFC, 0x5D, 0x03, 0xA3, 0xFB, 0x24, 0xFC, 0xDC, 0x03, 0x24, 0xFF, 0xFF, 0x00, 0x43,
    0x00, 0x00, 0x07, 0x45, 0x0A, 0x9A, 0x06, 0x26, 0x00, 0x6C, 0x00, 0x00, 0x00, 0x07, 0x01, 0x3C,
    0x01, 0x22, 0x02, 0x00, 0xFF, 0xFF, 0x00, 0x43, 0x00, 0x00, 0x07, 0x45, 0x0A, 0x6F, 0x06, 0x26,
    0x00, 0x6C, 0x00, 0x00, 0x00, 0x07, 0x01, 0x41, 0x01, 0x12, 0x02, 0x00, 0x00, 0x03, 0x00, 0x43,
    0x00, 0x00, 0x07, 0x45, 0x0A, 0x4E, 0x00, 0x09, 0x00, 0x15, 0x00, 0x21, 0x00, 0x00, 0x53, 0x21,
    0x01, 0x33, 0x01, 0x21, 0x01, 0x11, 0x21, 0x11, 0x03, 0x22, 0x26, 0x35, 0x34, 0x36, 0x33, 0x32,
    0x16, 0x15, 0x14, 0x06, 0x21, 0x22, 0x26, 0x35, 0x34, 0x36, 0x33, 0x32, 0x16, 0x15, 0x14, 0x06,
    0x43, 0x01, 0x5F, 0x02, 0x17, 0x16, 0x02, 0x17, 0x01, 0x5F, 0xFD, 0x19, 0xFE, 0xCC, 0x8C, 0x46,
    0x6A, 0x6A, 0x46, 0x4B, 0x65, 0x65, 0x02, 0x01, 0x46, 0x6A, 0x6A, 0x46, 0x4B, 0x65, 0x65, 0x08,
    0x00, 0xFC, 0x5D, 0x03, 0xA3, 0xFB, 0x24, 0xFC, 0xDC, 0x03, 0x24, 0x05, 0xCD, 0x69, 0x45, 0x4B,
    0x64, 0x64, 0x4B, 0x45, 0x69, 0x69, 0x45, 0x4B, 0x64, 0x64, 0x4B, 0x45, 0x69, 0x00, 0x00, 0x01,
    0x00, 0xA3, 0x00, 0x00, 0x06, 0x64, 0x08, 0x00, 0x00, 0x09, 0x00, 0x00, 0x73, 0x35, 0x01, 0x21,
    0x11, 0x21, 0x15, 0x01, 0x21, 0x11, 0xAC, 0x04, 0x35, 0xFB, 0xC2, 0x05, 0xB8, 0xFB, 0xCB, 0x04,
    0x3E, 0xCE, 0x06, 0x28, 0x01, 0x0A, 0xCE, 0xF9, 0xD8, 0xFE, 0xF6, 0x00, 0xFF, 0xFF, 0x00, 0xA3,
    0x00, 0x00, 0x06, 0x64, 0x0A, 0x9A, 0x06, 0x26, 0x00, 0x70, 0x00, 0x00, 0x00, 0x07, 0x01, 0x3C,
    0x00, 0xE2, 0x02, 0x00, 0xFF, 0xFF, 0x00, 0xA3, 0x00, 0x00, 0x06, 0x64, 0x0A, 0x52, 0x06, 0x26,
    0x00, 0x70, 0x00, 0x00, 0x00, 0x07, 0x01, 0x46, 0x02, 0x1C, 0x02, 0x00, 0xFF, 0xFF, 0x00, 0xA3,
    0x00, 0x00, 0x06, 0x64, 0x0A, 0x6F, 0x06, 0x26, 0x00, 0x70, 0x00, 0x00, 0x00, 0x07, 0x01, 0x49,
    0x00, 0xD3, 0x02, 0x00, 0x00, 0x02, 0x00, 0x81, 0xFF, 0xDE, 0x05, 0x7E, 0x06, 0x14, 0x00, 0x25,
    0x00, 0x36, 0x00, 0x00, 0x45, 0x22, 0x26, 0x26, 0x35, 0x34, 0x3E, 0x02, 0x37, 0x3E, 0x02, 0x35,
    0x35, 0x34, 0x26, 0x23, 0x22, 0x06, 0x07, 0x25, 0x3E, 0x02, 0x33, 0x32, 0x1E, 0x02, 0x15, 0x11,
    0x21, 0x35, 0x23, 0x0E, 0x02, 0x27, 0x32, 0x36, 0x36, 0x35, 0x35, 0x0E, 0x03, 0x07, 0x0E, 0x02,
    0x15, 0x14, 0x16, 0x02, 0x88, 0x92, 0xEC, 0x89, 0x64, 0xAA, 0xD2, 0x6D, 0x8A, 0xAC, 0x4E, 0x93,
    0x91, 0x97, 0xAD, 0x21, 0xFE, 0xE7, 0x32, 0xC1, 0xFC, 0x8B, 0x5C, 0xCF, 0xB5, 0x74, 0xFE, 0xDC,
    0x0C, 0x1D, 0x74, 0xB6, 0x3E, 0x7C, 0xB1, 0x5D, 0x10, 0x5B, 0x74, 0x6E, 0x25, 0x57, 0x8F, 0x55,
    0xA4, 0x22, 0x6D, 0xD0, 0x97, 0x82, 0xA8, 0x62, 0x32, 0x0D, 0x10, 0x15, 0x30, 0x36, 0x07, 0x83,
    0x90, 0x85, 0x51, 0x40, 0x8C, 0xAD, 0x4F, 0x2B, 0x72, 0xD3, 0xA8, 0xFC, 0x04, 0xD2, 0x3A, 0x70,
    0x4A, 0xF0, 0x62, 0x9F, 0x5B, 0xC6, 0x10, 0x1B, 0x13, 0x0F, 0x05, 0x0B, 0x34, 0x61, 0x50, 0x6F,
    0x71, 0x00, 0xFF, 0xFF, 0x00, 0x81, 0xFF, 0xDE, 0x05, 0x7E, 0x08, 0x9A, 0x06, 0x26, 0x00, 0x74,
    0x00, 0x00, 0x00, 0x07, 0x01, 0x3C, 0x00, 0x97, 0x00, 0x00, 0xFF, 0xFF, 0x00, 0x81, 0xFF, 0xDE,
    0x05, 0x7E, 0x08, 0x08, 0x06, 0x26, 0x00, 0x74, 0x00, 0x00, 0x00, 0x07, 0x01, 0x45, 0x00, 0xB2,
    0x00, 0x00, 0xFF, 0xFF, 0x00, 0x81, 0xFF, 0xDE, 0x05, 0x7E, 0x08, 0x6F, 0x06, 0x26, 0x00, 0x74,
    0x00, 0x00, 0x00, 0x07, 0x01, 0x41, 0x00, 0x88, 0x00, 0x00, 0x00, 0x04, 0x00, 0x81, 0xFF, 0xDE,
    0x05, 0x7E, 0x08, 0x4E, 0x00, 0x25, 0x00, 0x36, 0x00, 0x42, 0x00, 0x4E, 0x00, 0x00, 0x45, 0x22,
    0x26, 0x26, 0x35, 0x34, 0x3E, 0x02, 0x37, 0x3E, 0x02, 0x35, 0x35, 0x34, 0x26, 0x23, 0x22, 0x06,
    0x07, 0x25, 0x3E, 0x02, 0x33, 0x32, 0x1E, 0x02, 0x15, 0x11, 0x21, 0x35, 0x23, 0x0E, 0x02, 0x27,
    0x32, 0x36, 0x36, 0x35, 0x35, 0x0E, 0x03, 0x07, 0x0E, 0x02, 0x15, 0x14, 0x16, 0x03, 0x22, 0x26,
    0x35, 0x34, 0x36, 0x33, 0x32, 0x16, 0x15, 0x14, 0x06, 0x21, 0x22, 0x26, 0x35, 0x34, 0x36, 0x33,
    0x32, 0x16, 0x15, 0x14, 0x06, 0x02, 0x88, 0x92, 0xEC, 0x89, 0x64, 0xAA, 0xD2, 0x6D, 0x8A, 0xAC,
    0x4E, 0x93, 0x91, 0x97, 0xAD, 0x21, 0xFE, 0xE7, 0x32, 0xC1, 0xFC, 0x8B, 0x5C, 0xCF, 0xB5, 0x74,
    0xFE, 0xDC, 0x0C, 0x1D, 0x74, 0xB6, 0x3E, 0x7C, 0xB1, 0x5D, 0x10, 0x5B, 0x74, 0x6E, 0x25, 0x57,
    0x8F, 0x55, 0xA4, 0x36, 0x47, 0x6A, 0x6A, 0x47, 0x4B, 0x65, 0x65, 0x02, 0x01, 0x47, 0x6A, 0x6A,
    0x47, 0x4B, 0x65, 0x65, 0x22, 0x6D, 0xD0, 0x97, 0x82, 0xA8, 0x62, 0x32, 0x0D, 0x10, 0x15, 0x30,
    0x36, 0x07, 0x83, 0x90, 0x85, 0x51, 0x40, 0x8C, 0xAD, 0x4F, 0x2B, 0x72, 0xD3, 0xA8, 0xFC, 0x04,
    0xD2, 0x3A, 0x70, 0x4A, 0xF0, 0x62, 0x9F, 0x5B, 0xC6, 0x10, 0x1B, 0x13, 0x0F, 0x05, 0x0B, 0x34,
    0x61, 0x50, 0x6F, 0x71, 0x06, 0x23, 0x69, 0x45, 0x4B, 0x64, 0x64, 0x4B, 0x45, 0x69, 0x69, 0x45,
    0x4B, 0x64, 0x64, 0x4B, 0x45, 0x69, 0xFF, 0xFF, 0x00, 0x81, 0xFF, 0xDE, 0x05, 0x7E, 0x08, 0x9A,
    0x06, 0x26, 0x00, 0x74, 0x00, 0x00, 0x00, 0x06, 0x01, 0x3E, 0xE6, 0x00, 0xFF, 0xFF, 0x00, 0x81,
    0xFF, 0xDE, 0x05, 0x7E, 0x08, 0x00, 0x06, 0x26, 0x00, 0x74, 0x00, 0x00, 0x00, 0x07, 0x01, 0x44,
    0x00, 0x8B, 0x00, 0x00, 0xFF, 0xFF, 0x00, 0x81, 0xFD, 0xB1, 0x05, 0x99, 0x06, 0x14, 0x06, 0x26,
    0x00, 0x74, 0x00, 0x00, 0x00, 0x07, 0x01, 0x4B, 0x03, 0x10, 0x00, 0x00, 0x00, 0x04, 0x00, 0x81,
    0xFF, 0xDE, 0x05, 0x7E, 0x09, 0x53, 0x00, 0x25, 0x00, 0x36, 0x00, 0x46, 0x00, 0x52, 0x00, 0x00,
    0x45, 0x22, 0x26, 0x26, 0x35, 0x34, 0x3E, 0x02, 0x37, 0x3E, 0x02, 0x35, 0x35, 0x34, 0x26, 0x23,
    0x22, 0x06, 0x07, 0x25, 0x3E, 0x02, 0x33, 0x32, 0x1E, 0x02, 0x15, 0x11, 0x21, 0x35, 0x23, 0x0E,
    0x02, 0x27, 0x32, 0x36, 0x36, 0x35, 0x35, 0x0E, 0x03, 0x07, 0x0E, 0x02, 0x15, 0x14, 0x16, 0x13,
    0x22, 0x26, 0x26, 0x35, 0x34, 0x36, 0x36, 0x33, 0x32, 0x16, 0x16, 0x15, 0x14, 0x06, 0x06, 0x27,
    0x36, 0x36, 0x35, 0x34, 0x26, 0x23, 0x22, 0x06, 0x15, 0x14, 0x16, 0x02, 0x88, 0x92, 0xEC, 0x89,
    0x64, 0xAA, 0xD2, 0x6D, 0x8A, 0xAC, 0x4E, 0x93, 0x91, 0x97, 0xAD, 0x21, 0xFE, 0xE7, 0x32, 0xC1,
    0xFC, 0x8B, 0x5C, 0xCF, 0xB5, 0x74, 0xFE, 0xDC, 0x0C, 0x1D, 0x74, 0xB6, 0x3E, 0x7C, 0xB1, 0x5D,
    0x10, 0x5B, 0x74, 0x6E, 0x25, 0x57, 0x8F, 0x55, 0xA4, 0xF0, 0x64, 0xA2, 0x5F, 0x5F, 0xA2, 0x64,
    0x63, 0xA0, 0x5E, 0x5E, 0xA0, 0x63, 0x4E, 0x66, 0x66, 0x4E, 0x4F, 0x65, 0x65, 0x22, 0x6D, 0xD0,
    0x97, 0x82, 0xA8, 0x62, 0x32, 0x0D, 0x10, 0x15, 0x30, 0x36, 0x07, 0x83, 0x90, 0x85, 0x51, 0x40,
    0x8C, 0xAD, 0x4F, 0x2B, 0x72, 0xD3, 0xA8, 0xFC, 0x04, 0xD2, 0x3A, 0x70, 0x4A, 0xF0, 0x62, 0x9F,
    0x5B, 0xC6, 0x10, 0x1B, 0x13, 0x0F, 0x05, 0x0B, 0x34, 0x61, 0x50, 0x6F, 0x71, 0x05, 0xDC, 0x59,
    0x98, 0x5F, 0x5E, 0x9D, 0x5E, 0x5E, 0x9D, 0x5E, 0x5F, 0x98, 0x59, 0xA0, 0x01, 0x6B, 0x44, 0x46,
    0x6F, 0x6F, 0x46, 0x44, 0x6C, 0x00, 0xFF, 0xFF, 0x00, 0x81, 0xFF, 0xDE, 0x05, 0x7E, 0x08, 0x3E,
    0x06, 0x26, 0x00, 0x74, 0x00, 0x00, 0x00, 0x06, 0x01, 0x42, 0x7A, 0x00, 0x00, 0x03, 0x00, 0x81,
    0xFF, 0xDE, 0x09, 0x9E, 0x06, 0x14, 0x00, 0x25, 0x00, 0x36, 0x00, 0x5A, 0x00, 0x00, 0x45, 0x22,
    0x24, 0x27, 0x13, 0x36, 0x24, 0x33, 0x32, 0x16, 0x16, 0x12, 0x15, 0x15, 0x21, 0x35, 0x21, 0x34,
    0x26, 0x26, 0x23, 0x22, 0x06, 0x06, 0x15, 0x15, 0x14, 0x16, 0x16, 0x33, 0x32, 0x36, 0x36, 0x37,
    0x05, 0x06, 0x06, 0x04, 0x25, 0x32, 0x36, 0x36, 0x35, 0x35, 0x0E, 0x03, 0x07, 0x0E, 0x02, 0x15,
    0x14, 0x16, 0x17, 0x22, 0x26, 0x26, 0x35, 0x34, 0x3E, 0x02, 0x37, 0x3E, 0x02, 0x35, 0x35, 0x34,
    0x26, 0x23, 0x22, 0x06, 0x07, 0x25, 0x3E, 0x02, 0x33, 0x32, 0x1E, 0x02, 0x17, 0x03, 0x23, 0x0E,
    0x02, 0x07, 0x13, 0xF1, 0xFE, 0xB4, 0x2E, 0x19, 0x51, 0x01, 0x1C, 0xC7, 0x83, 0xF3, 0xC2, 0x71,
    0xFB, 0x44, 0x03, 0x96, 0x60, 0xAD, 0x74, 0x7E, 0xBA, 0x66, 0x6E, 0xC4, 0x82, 0x56, 0x8B, 0x66,
    0x1B, 0x01, 0x1B, 0x22, 0xAE, 0xFE, 0xFB, 0xFB, 0x14, 0x7C, 0xB1, 0x5D, 0x10, 0x5B, 0x74, 0x6E,
    0x25, 0x57, 0x8F, 0x55, 0xA4, 0x46, 0x96, 0xEF, 0x8A, 0x65, 0xA9, 0xD3, 0x6C, 0x8A, 0xAC, 0x4E,
    0x93, 0x91, 0x96, 0xAE, 0x21, 0xFE, 0xE7, 0x32, 0xC0, 0xFE, 0x8C, 0x41, 0x97, 0x93, 0x78, 0x20,
    0x4E, 0x17, 0x21, 0xA9, 0xEB, 0x1F, 0xE5, 0xC0, 0x03, 0x2A, 0xAC, 0xB8, 0x56, 0xB8, 0xFE, 0xDB,
    0xD1, 0x6A, 0xE0, 0x76, 0xB7, 0x6A, 0x7B, 0xC6, 0x72, 0xAF, 0x9A, 0xD8, 0x71, 0x31, 0x62, 0x48,
    0x33, 0x7D, 0xBB, 0x67, 0xED, 0x62, 0x9F, 0x5B, 0xC6, 0x10, 0x1B, 0x13, 0x0F, 0x05, 0x0B, 0x34,
    0x61, 0x50, 0x6F, 0x71, 0xF0, 0x6D, 0xD0, 0x97, 0x82, 0xA8, 0x63, 0x32, 0x0C, 0x10, 0x16, 0x2F,
    0x36, 0x07, 0x82, 0x91, 0x84, 0x52, 0x40, 0x8C, 0xAD, 0x4F, 0x18, 0x41, 0x7A, 0x63, 0xFC, 0x30,
    0x56, 0x8A, 0x50, 0x00, 0x00, 0x02, 0x00, 0xE1, 0xFF, 0xE2, 0x06, 0x5C, 0x08, 0x00, 0x00, 0x16,
    0x00, 0x26, 0x00, 0x00, 0x73, 0x11, 0x21, 0x11, 0x33, 0x3E, 0x02, 0x33, 0x32, 0x04, 0x12, 0x15,
    0x14, 0x02, 0x04, 0x23, 0x22, 0x26, 0x26, 0x27, 0x23, 0x15, 0x13, 0x14, 0x16, 0x16, 0x33, 0x32,
    0x36, 0x36, 0x35, 0x34, 0x26, 0x26, 0x23, 0x22, 0x06, 0x06, 0xE1, 0x01, 0x2B, 0x12, 0x1A, 0x62,
    0xAE, 0x8F, 0xBA, 0x01, 0x24, 0xA7, 0xA6, 0xFE, 0xDE, 0xBA, 0x8C, 0xB1, 0x64, 0x1B, 0x19, 0x01,
    0x5E, 0xB2, 0x81, 0x86, 0xB4, 0x5D, 0x5B, 0xB5, 0x87, 0x82, 0xB3, 0x5C, 0x08, 0x00, 0xFD, 0x07,
    0x30, 0x7E, 0x5F, 0xBC, 0xFE, 0x9E, 0xF9, 0xF9, 0xFE, 0x9D, 0xBF, 0x5E, 0x7E, 0x31, 0xEF, 0x03,
    0x00, 0xA2, 0xF4, 0x89, 0x8F, 0xF6, 0x9A, 0x98, 0xF2, 0x8C, 0x86, 0xF0, 0x00, 0x01, 0x00, 0x84,
    0xFF, 0xE1, 0x05, 0xC7, 0x06, 0x14, 0x00, 0x20, 0x00, 0x00, 0x45, 0x22, 0x24, 0x02, 0x35, 0x34,
    0x12, 0x24, 0x33, 0x32, 0x04, 0x16, 0x17, 0x21, 0x26, 0x26, 0x23, 0x22, 0x06, 0x06, 0x15, 0x14,
    0x16, 0x16, 0x33, 0x32, 0x36, 0x36, 0x37, 0x21, 0x06, 0x06, 0x04, 0x03, 0x50, 0xDF, 0xFE, 0xBF,
    0xAC, 0xB0, 0x01, 0x40, 0xD9, 0xAF, 0x01, 0x12, 0xA9, 0x10, 0xFE, 0xDD, 0x18, 0xAB, 0x8F, 0x7D,
    0xBB, 0x68, 0x66, 0xBB, 0x7F, 0x55, 0x8B, 0x5F, 0x13, 0x01, 0x23, 0x10, 0xA2, 0xFE, 0xF1, 0x1F,
    0xCB, 0x01, 0x66, 0xE7, 0xEA, 0x01, 0x67, 0xCA, 0x81, 0xE8, 0x9B, 0x6C, 0x9C, 0x83, 0xF1, 0xA4,
    0xA8, 0xF4, 0x86, 0x3F, 0x76, 0x53, 0x95, 0xEA, 0x86, 0x00, 0xFF, 0xFF, 0x00, 0x84, 0xFD, 0x98,
    0x05, 0xC7, 0x06, 0x14, 0x06, 0x26, 0x00, 0x80, 0x00, 0x00, 0x00, 0x07, 0x01, 0x4A, 0x01, 0x9A,
    0x00, 0x00, 0xFF, 0xFF, 0x00, 0x84, 0xFF, 0xE1, 0x05, 0xC7, 0x08, 0x9A, 0x06, 0x26, 0x00, 0x80,
    0x00, 0x00, 0x00, 0x07, 0x01, 0x3C, 0x00, 0xA8, 0x00, 0x00, 0xFF, 0xFF, 0x00, 0x84, 0xFF, 0xE1,
    0x05, 0xC7, 0x08, 0x6F, 0x06, 0x26, 0x00, 0x80, 0x00, 0x00, 0x00, 0x07, 0x01, 0x41, 0x00, 0x99,
    0x00, 0x00, 0xFF, 0xFF, 0x00, 0x84, 0xFF, 0xE1, 0x05, 0xC7, 0x08, 0x52, 0x06, 0x26, 0x00, 0x80,
    0x00, 0x00, 0x00, 0x07, 0x01, 0x46, 0x01, 0xE2, 0x00, 0x00, 0xFF, 0xFF, 0x00, 0x84, 0xFF, 0xE1,
    0x05, 0xC7, 0x08, 0x6F, 0x06, 0x26, 0x00, 0x80, 0x00, 0x00, 0x00, 0x07, 0x01, 0x49, 0x00, 0x99,
    0x00, 0x00, 0x00, 0x02, 0x00, 0x86, 0xFF, 0xE2, 0x06, 0x01, 0x08, 0x00, 0x00, 0x16, 0x00, 0x26,
    0x00, 0x00, 0x45, 0x22, 0x24, 0x02, 0x35, 0x34, 0x12, 0x24, 0x33, 0x32, 0x16, 0x16, 0x17, 0x33,
    0x11, 0x21, 0x11, 0x21, 0x35, 0x23, 0x0E, 0x02, 0x27, 0x32, 0x36, 0x36, 0x35, 0x34, 0x26, 0x26,
    0x23, 0x22, 0x06, 0x06, 0x15, 0x14, 0x16, 0x16, 0x03, 0x08, 0xBA, 0xFE, 0xDD, 0xA5, 0xA7, 0x01,
    0x24, 0xB9, 0x8F, 0xAF, 0x61, 0x1B, 0x12, 0x01, 0x2B, 0xFE, 0xDC, 0x19, 0x1B, 0x65, 0xB0, 0x4A,
    0x81, 0xB3, 0x5D, 0x5C, 0xB2, 0x83, 0x87, 0xB4, 0x5B, 0x5C, 0xB5, 0x1E, 0xBF, 0x01, 0x63, 0xF9,
    0xF9, 0x01, 0x62, 0xBC, 0x5F, 0x7E, 0x30, 0x02, 0xF9, 0xF8, 0x00, 0xEF, 0x31, 0x7E, 0x5E, 0xFF,
    0x89, 0xF4, 0xA2, 0xA0, 0xF0, 0x86, 0x8C, 0xF2, 0x98, 0x9A, 0xF6, 0x8F, 0xFF, 0xFF, 0x00, 0x86,
    0xFF, 0xE2, 0x06, 0xCE, 0x08, 0x00, 0x06, 0x26, 0x00, 0x86, 0x00, 0x00, 0x00, 0x07, 0x01, 0x56,
    0x02, 0x7A, 0x02, 0xE9, 0xFF, 0xFF, 0x00, 0x86, 0xFF, 0xE2, 0x07, 0xCA, 0x08, 0x63, 0x04, 0x26,
    0x00, 0x86, 0x00, 0x00, 0x00, 0x07, 0x01, 0x54, 0x05, 0xC1, 0x00, 0x00, 0x00, 0x01, 0x00, 0x84,
    0xFF, 0xE1, 0x05, 0xF2, 0x06, 0x14, 0x00, 0x26, 0x00, 0x00, 0x45, 0x22, 0x24, 0x02, 0x35, 0x34,
    0x12, 0x24, 0x33, 0x32, 0x16, 0x16, 0x12, 0x15, 0x15, 0x21, 0x35, 0x21, 0x34, 0x26, 0x26, 0x23,
    0x22, 0x06, 0x06, 0x15, 0x15, 0x14, 0x16, 0x16, 0x33, 0x32, 0x36, 0x36, 0x37, 0x05, 0x06, 0x06,
    0x04, 0x03, 0x5F, 0xE3, 0xFE, 0xB9, 0xB1, 0xB1, 0x01, 0x3F, 0xD6, 0x82, 0xF4, 0xC2, 0x70, 0xFB,
    0x3B, 0x03, 0xA0, 0x60, 0xAD, 0x74, 0x7E, 0xBB, 0x65, 0x6D, 0xC4, 0x83, 0x55, 0x8C, 0x66, 0x1B,
    0x01, 0x1B, 0x22, 0xAF, 0xFE, 0xF9, 0x1F, 0xC3, 0x01, 0x63, 0xEF, 0xEC, 0x01, 0x68, 0xCA, 0x56,
    0xB8, 0xFE, 0xDB, 0xD1, 0x6A, 0xE0, 0x76, 0xB7, 0x6A, 0x7B, 0xC5, 0x73, 0xAF, 0x9A, 0xD8, 0x71,
    0x31, 0x62, 0x48, 0x33, 0x7D, 0xBB, 0x67, 0x00, 0x00, 0x03, 0x00, 0x84, 0xFF, 0xE1, 0x05, 0xF2,
    0x08, 0x4E, 0x00, 0x26, 0x00, 0x32, 0x00, 0x3E, 0x00, 0x00, 0x45, 0x22, 0x24, 0x02, 0x35, 0x34,
    0x12, 0x24, 0x33, 0x32, 0x16, 0x16, 0x12, 0x15, 0x15, 0x21, 0x35, 0x21, 0x34, 0x26, 0x26, 0x23,
    0x22, 0x06, 0x06, 0x15, 0x15, 0x14, 0x16, 0x16, 0x33, 0x32, 0x36, 0x36, 0x37, 0x05, 0x06, 0x06,
    0x04, 0x01, 0x22, 0x26, 0x35, 0x34, 0x36, 0x33, 0x32, 0x16, 0x15, 0x14, 0x06, 0x21, 0x22, 0x26,
    0x35, 0x34, 0x36, 0x33, 0x32, 0x16, 0x15, 0x14, 0x06, 0x03, 0x5F, 0xE3, 0xFE, 0xB9, 0xB1, 0xB1,
    0x01, 0x3F, 0xD6, 0x82, 0xF4, 0xC2, 0x70, 0xFB, 0x3B, 0x03, 0xA0, 0x60, 0xAD, 0x74, 0x7E, 0xBB,
    0x65, 0x6D, 0xC4, 0x83, 0x55, 0x8C, 0x66, 0x1B, 0x01, 0x1B, 0x22, 0xAF, 0xFE, 0xF9, 0xFE, 0x12,
    0x47, 0x6A, 0x6A, 0x47, 0x4B, 0x65, 0x65, 0x02, 0x01, 0x47, 0x6A, 0x6A, 0x47, 0x4B, 0x65, 0x65,
    0x1F, 0xC3, 0x01, 0x63, 0xEF, 0xEC, 0x01, 0x68, 0xCA, 0x56, 0xB8, 0xFE, 0xDB, 0xD1, 0x6A, 0xE0,
    0x76, 0xB7, 0x6A, 0x7B, 0xC5, 0x73, 0xAF, 0x9A, 0xD8, 0x71, 0x31, 0x62, 0x48, 0x33, 0x7D, 0xBB,
    0x67, 0x07, 0x10, 0x69, 0x45, 0x4B, 0x64, 0x64, 0x4B, 0x45, 0x69, 0x69, 0x45, 0x4B, 0x64, 0x64,
    0x4B, 0x45, 0x69, 0x00, 0xFF, 0xFF, 0x00, 0x84, 0xFF, 0xE1, 0x05, 0xF2, 0x08, 0x9A, 0x06, 0x26,
    0x00, 0x89, 0x00, 0x00, 0x00, 0x06, 0x01, 0x3E, 0xEB, 0x00, 0xFF, 0xFF, 0x00, 0x84, 0xFF, 0xE1,
    0x05, 0xF2, 0x08, 0x9A, 0x06, 0x26, 0x00, 0x89, 0x00, 0x00, 0x00, 0x07, 0x01, 0x3C, 0x00, 0x9C,
    0x00, 0x00, 0xFF, 0xFF, 0x00, 0x84, 0xFF, 0xE1, 0x05, 0xF2, 0x08, 0x6F, 0x06, 0x26, 0x00, 0x89,
    0x00, 0x00, 0x00, 0x07, 0x01, 0x41, 0x00, 0x8D, 0x00, 0x00, 0xFF, 0xFF, 0x00, 0x84, 0xFF, 0xE1,
    0x05, 0xF2, 0x08, 0x00, 0x06, 0x26, 0x00, 0x89, 0x00, 0x00, 0x00, 0x07, 0x01, 0x44, 0x00, 0x90,
    0x00, 0x00, 0xFF, 0xFF, 0x00, 0x84, 0xFF, 0xE1, 0x05, 0xF2, 0x08, 0x08, 0x06, 0x26, 0x00, 0x89,
    0x00, 0x00, 0x00, 0x07, 0x01, 0x45, 0x00, 0xB7, 0x00, 0x00, 0xFF, 0xFF, 0x00, 0x84, 0xFF, 0xE1,
    0x05, 0xF2, 0x08, 0x52, 0x06, 0x26, 0x00, 0x89, 0x00, 0x00, 0x00, 0x07, 0x01, 0x46, 0x01, 0xD6,
    0x00, 0x00, 0xFF, 0xFF, 0x00, 0x84, 0xFD, 0xBE, 0x05, 0xF2, 0x06, 0x14, 0x06, 0x26, 0x00, 0x89,
    0x00, 0x00, 0x00, 0x07, 0x01, 0x4B, 0x01, 0xE6, 0x00, 0x0E, 0xFF, 0xFF, 0x00, 0x84, 0xFF, 0xE1,
    0x05, 0xF2, 0x08, 0x6F, 0x06, 0x26, 0x00, 0x89, 0x00, 0x00, 0x00, 0x07, 0x01, 0x49, 0x00, 0x8D,
    0x00, 0x00, 0x00, 0x02, 0x00, 0x40, 0x00, 0x00, 0x03, 0xEF, 0x08, 0x60, 0x00, 0x03, 0x00, 0x14,
    0x00, 0x00, 0x41, 0x15, 0x21, 0x35, 0x13, 0x11, 0x34, 0x36, 0x36, 0x33, 0x32, 0x16, 0x17, 0x07,
    0x26, 0x26, 0x23, 0x22, 0x06, 0x15, 0x11, 0x03, 0xA4, 0xFC, 0x9C, 0xEE, 0x7E, 0xD0, 0x7A, 0x5A,
    0x80, 0x1F, 0x46, 0x15, 0x42, 0x2F, 0x6D, 0x5D, 0x06, 0x00, 0xF0, 0xF0, 0xFA, 0x00, 0x06, 0xB2,
    0x90, 0xBF, 0x5F, 0x1D, 0x0C, 0xF2, 0x06, 0x11, 0x6C, 0x66, 0xF9, 0x76, 0x00, 0x02, 0x00, 0x86,
    0xFD, 0xA0, 0x06, 0x02, 0x06, 0x14, 0x00, 0x25, 0x00, 0x35, 0x00, 0x00, 0x41, 0x22, 0x24, 0x26,
    0x27, 0x25, 0x1E, 0x02, 0x33, 0x32, 0x36, 0x35, 0x11, 0x23, 0x0E, 0x02, 0x23, 0x22, 0x24, 0x02,
    0x35, 0x34, 0x12, 0x24, 0x33, 0x32, 0x16, 0x16, 0x17, 0x33, 0x35, 0x21, 0x11, 0x14, 0x06, 0x04,
    0x03, 0x32, 0x36, 0x36, 0x35, 0x34, 0x26, 0x26, 0x23, 0x22, 0x06, 0x06, 0x15, 0x14, 0x16, 0x16,
    0x03, 0x4D, 0xB7, 0xFE, 0xF9, 0xA6, 0x29, 0x01, 0x01, 0x1B, 0x5B, 0x9D, 0x7C, 0xAA, 0xDE, 0x13,
    0x1B, 0x65, 0xB0, 0x8D, 0xB6, 0xFE, 0xDD, 0xA9, 0xA7, 0x01, 0x24, 0xB9, 0x8F, 0xB0, 0x63, 0x1B,
    0x16, 0x01, 0x25, 0xB8, 0xFE, 0xC7, 0xC7, 0x81, 0xB3, 0x5D, 0x5C, 0xB2, 0x83, 0x87, 0xB4, 0x5B,
    0x5C, 0xB5, 0xFD, 0xA0, 0x60, 0x9E, 0x5E, 0x6A, 0x2C, 0x63, 0x46, 0xA5, 0xB4, 0x01, 0x2E, 0x31,
    0x78, 0x58, 0xAB, 0x01, 0x4F, 0xF5, 0xF5, 0x01, 0x5E, 0xBB, 0x5F, 0x7E, 0x30, 0xF9, 0xF9, 0xDE,
    0xC6, 0xFE, 0x7A, 0x03, 0x6F, 0x79, 0xE3, 0x9F, 0x9B, 0xEC, 0x85, 0x8B, 0xEE, 0x93, 0x97, 0xE4,
    0x80, 0x00, 0xFF, 0xFF, 0x00, 0x86, 0xFD, 0xA0, 0x06, 0x02, 0x08, 0x6F, 0x06, 0x26, 0x00, 0x94,
    0x00, 0x00, 0x00, 0x07, 0x01, 0x41, 0x00, 0xAE, 0x00, 0x00, 0xFF, 0xFF, 0x00, 0x86, 0xFD, 0xA0,
    0x06, 0x02, 0x08, 0x08, 0x06, 0x26, 0x00, 0x94, 0x00, 0x00, 0x00, 0x07, 0x01, 0x45, 0x00, 0xD8,
    0x00, 0x00, 0xFF, 0xFF, 0x00, 0x86, 0xFD, 0xA0, 0x06, 0x02, 0x08, 0x52, 0x06, 0x26, 0x00, 0x94,
    0x00, 0x00, 0x00, 0x07, 0x01, 0x46, 0x01, 0xF7, 0x00, 0x00, 0xFF, 0xFF, 0x00, 0x86, 0xFD, 0xA0,
    0x06, 0x02, 0x09, 0x37, 0x06, 0x26, 0x00, 0x94, 0x00, 0x00, 0x00, 0x07, 0x01, 0x55, 0x02, 0x00,
    0x00, 0xB5, 0x00, 0x01, 0x00, 0xC9, 0x00, 0x00, 0x05, 0xD8, 0x08, 0x00, 0x00, 0x16, 0x00, 0x00,
    0x41, 0x11, 0x21, 0x11, 0x21, 0x11, 0x33, 0x36, 0x36, 0x33, 0x32, 0x16, 0x12, 0x15, 0x11, 0x21,
    0x11, 0x34, 0x26, 0x23, 0x22, 0x06, 0x06, 0x01, 0xF4, 0xFE, 0xD5, 0x01, 0x27, 0x13, 0x36, 0xDE,
    0xB3, 0x9E, 0xED, 0x83, 0xFE, 0xD5, 0xAE, 0x9B, 0x6A, 0xA7, 0x5F, 0x03, 0x90, 0xFC, 0x70, 0x08,
    0x00, 0xFD, 0x06, 0x7C, 0x92, 0x82, 0xFE, 0xFF, 0xC0, 0xFC, 0x2F, 0x03, 0xAD, 0xA9, 0xBB, 0x5A,
    0xAD, 0x00, 0x00, 0x02, 0xFF, 0x92, 0x00, 0x00, 0x05, 0xD8, 0x08, 0x00, 0x00, 0x16, 0x00, 0x1A,
    0x00, 0x00, 0x41, 0x11, 0x21, 0x11, 0x21, 0x11, 0x33, 0x36, 0x36, 0x33, 0x32, 0x16, 0x12, 0x15,
    0x11, 0x21, 0x11, 0x34, 0x26, 0x23, 0x22, 0x06, 0x06, 0x01, 0x35, 0x21, 0x15, 0x01, 0xF4, 0xFE,
    0xD5, 0x01, 0x27, 0x13, 0x36, 0xDE, 0xB3, 0x9E, 0xED, 0x83, 0xFE, 0xD5, 0xAE, 0x9B, 0x6A, 0xA7,
    0x5F, 0xFD, 0x9E, 0x03, 0x97, 0x03, 0x90, 0xFC, 0x70, 0x08, 0x00, 0xFD, 0x06, 0x7C, 0x92, 0x82,
    0xFE, 0xFF, 0xC0, 0xFC, 0x2F, 0x03, 0xAD, 0xA9, 0xBB, 0x5A, 0xAD, 0x02, 0x88, 0xCF, 0xCF, 0x00,
    0xFF, 0xFF, 0xFF, 0x82, 0x00, 0x00, 0x05, 0xD8, 0x0A, 0x6F, 0x06, 0x26, 0x00, 0x99, 0x00, 0x00,
    0x00, 0x07, 0x01, 0x41, 0xFE, 0xAD, 0x02, 0x00, 0x00, 0x02, 0x00, 0xA3, 0x00, 0x00, 0x02, 0x1D,
    0x08, 0x52, 0x00, 0x03, 0x00, 0x0F, 0x00, 0x00, 0x73, 0x11, 0x21, 0x11, 0x03, 0x22, 0x26, 0x35,
    0x34, 0x36, 0x33, 0x32, 0x16, 0x15, 0x14, 0x06, 0xC9, 0x01, 0x2B, 0x94, 0x4E, 0x6F, 0x6F, 0x4E,
    0x4E, 0x6F, 0x6F, 0x06, 0x00, 0xFA, 0x00, 0x06, 0xED, 0x69, 0x49, 0x4A, 0x69, 0x69, 0x4A, 0x49,
    0x69, 0x00, 0x00, 0x01, 0x00, 0xC9, 0x00, 0x00, 0x01, 0xF4, 0x06, 0x00, 0x00, 0x03, 0x00, 0x00,
    0x73, 0x11, 0x21, 0x11, 0xC9, 0x01, 0x2B, 0x06, 0x00, 0xFA, 0x00, 0x00, 0x00, 0x03, 0xFF, 0x8A,
    0x00, 0x00, 0x03, 0x36, 0x08, 0x4E, 0x00, 0x03, 0x00, 0x0F, 0x00, 0x1B, 0x00, 0x00, 0x73, 0x11,
    0x21, 0x11, 0x01, 0x22, 0x26, 0x35, 0x34, 0x36, 0x33, 0x32, 0x16, 0x15, 0x14, 0x06, 0x21, 0x22,
    0x26, 0x35, 0x34, 0x36, 0x33, 0x32, 0x16, 0x15, 0x14, 0x06, 0xC9, 0x01, 0x2B, 0xFE, 0x46, 0x46,
    0x6A, 0x6A, 0x46, 0x4B, 0x65, 0x65, 0x02, 0x01, 0x46, 0x6A, 0x6A, 0x46, 0x4B, 0x65, 0x65, 0x06,
    0x00, 0xFA, 0x00, 0x06, 0xF1, 0x69, 0x45, 0x4B, 0x64, 0x64, 0x4B, 0x45, 0x69, 0x69, 0x45, 0x4B,
    0x64, 0x64, 0x4B, 0x45, 0x69, 0x00, 0xFF, 0xFF, 0xFF, 0x9A, 0x00, 0x00, 0x03, 0x86, 0x08, 0x3E,
    0x04, 0x26, 0x00, 0x9D, 0x30, 0x00, 0x00, 0x07, 0x01, 0x42, 0xFE, 0xD0, 0x00, 0x00, 0xFF, 0xFF,
    0xFF, 0xB6, 0x00, 0x00, 0x01, 0xF4, 0x08, 0x9A, 0x06, 0x26, 0x00, 0x9D, 0x00, 0x00, 0x00, 0x07,
    0x01, 0x3E, 0xFE, 0x0D, 0x00, 0x00, 0xFF, 0xFF, 0x00, 0xC9, 0x00, 0x00, 0x03, 0x0A, 0x08, 0x9A,
    0x06, 0x26, 0x00, 0x9D, 0x00, 0x00, 0x00, 0x07, 0x01, 0x3C, 0xFE, 0xBE, 0x00, 0x00, 0xFF, 0xFF,
    0xFF, 0x84, 0x00, 0x00, 0x03, 0x3C, 0x08, 0x6F, 0x06, 0x26, 0x00, 0x9D, 0x00, 0x00, 0x00, 0x07,
    0x01, 0x41, 0xFE, 0xAE, 0x00, 0x00, 0xFF, 0xFF, 0xFF, 0x86, 0x00, 0x00, 0x03, 0x3A, 0x08, 0x00,
    0x06, 0x26, 0x00, 0x9D, 0x00, 0x00, 0x00, 0x07, 0x01, 0x44, 0xFE, 0xB2, 0x00, 0x00, 0xFF, 0xFF,
    0xFF, 0xA9, 0x00, 0x00, 0x03, 0x1A, 0x08, 0x08, 0x06, 0x26, 0x00, 0x9D, 0x00, 0x00, 0x00, 0x07,
    0x01, 0x45, 0xFE, 0xD8, 0x00, 0x00, 0x00, 0x02, 0x00, 0x04, 0xFD, 0xB1, 0x02, 0x0F, 0x06, 0x00,
    0x00, 0x03, 0x00, 0x18, 0x00, 0x00, 0x73, 0x11, 0x21, 0x11, 0x03, 0x22, 0x26, 0x27, 0x26, 0x36,
    0x36, 0x37, 0x17, 0x06, 0x06, 0x15, 0x14, 0x16, 0x33, 0x32, 0x36, 0x37, 0x17, 0x06, 0x06, 0xC9,
    0x01, 0x2B, 0xBE, 0x7F, 0xA7, 0x07, 0x05, 0x3B, 0x8E, 0x75, 0xB2, 0x5B, 0x87, 0x2E, 0x38, 0x29,
    0x40, 0x15, 0x19, 0x22, 0x6E, 0x06, 0x00, 0xFA, 0x00, 0xFD, 0xB1, 0x87, 0x81, 0x4C, 0x9A, 0x8A,
    0x35, 0x5E, 0x3B, 0x84, 0x54, 0x2E, 0x34, 0x16, 0x0A, 0xBE, 0x15, 0x27, 0xFF, 0xFF, 0xFF, 0xFD,
    0xFD, 0xB1, 0x02, 0x16, 0x08, 0x52, 0x06, 0x26, 0x00, 0xA5, 0xFA, 0x00, 0x00, 0x06, 0x01, 0x46,
    0xF1, 0x00, 0x00, 0x01, 0xFF, 0xD0, 0xFD, 0xC0, 0x01, 0xF4, 0x06, 0x00, 0x00, 0x10, 0x00, 0x00,
    0x53, 0x21, 0x11, 0x14, 0x06, 0x06, 0x23, 0x22, 0x22, 0x27, 0x11, 0x32, 0x32, 0x33, 0x32, 0x36,
    0x35, 0xC9, 0x01, 0x2B, 0x6F, 0xD9, 0x9F, 0x10, 0x1D, 0x10, 0x0E, 0x15, 0x0D, 0x6A, 0x5F, 0x06,
    0x00, 0xF9, 0x9C, 0x9A, 0xD4, 0x6E, 0x01, 0x01, 0x01, 0x71, 0x6B, 0x00, 0xFF, 0xFF, 0x00, 0xA3,
    0xFD, 0xC0, 0x04, 0xD6, 0x08, 0x52, 0x04, 0x26, 0x00, 0x9C, 0x00, 0x00, 0x00, 0x07, 0x00, 0xA9,
    0x02, 0xBD, 0x00, 0x00, 0x00, 0x02, 0xFF, 0xD0, 0xFD, 0xC0, 0x02, 0x1A, 0x08, 0x52, 0x00, 0x10,
    0x00, 0x1C, 0x00, 0x00, 0x53, 0x21, 0x11, 0x14, 0x06, 0x06, 0x23, 0x22, 0x22, 0x27, 0x11, 0x32,
    0x32, 0x33, 0x32, 0x36, 0x35, 0x13, 0x22, 0x26, 0x35, 0x34, 0x36, 0x33, 0x32, 0x16, 0x15, 0x14,
    0x06, 0xC9, 0x01, 0x2B, 0x6F, 0xD9, 0x9F, 0x10, 0x1D, 0x10, 0x0E, 0x15, 0x0D, 0x6A, 0x5F, 0x94,
    0x4E, 0x6F, 0x6F, 0x4E, 0x4E, 0x6F, 0x6F, 0x06, 0x00, 0xF9, 0x9C, 0x9A, 0xD4, 0x6E, 0x01, 0x01,
    0x01, 0x71, 0x6B, 0x07, 0x4F, 0x69, 0x49, 0x4A, 0x69, 0x69, 0x4A, 0x49, 0x69, 0x00, 0xFF, 0xFF,
    0xFF, 0x81, 0xFD, 0xC0, 0x03, 0x39, 0x08, 0x6F, 0x06, 0x26, 0x00, 0xA7, 0x00, 0x00, 0x00, 0x07,
    0x01, 0x41, 0xFE, 0xAB, 0x00, 0x00, 0x00, 0x03, 0x00, 0xC9, 0x00, 0x00, 0x06, 0x02, 0x08, 0x00,
    0x00, 0x06, 0x00, 0x0A, 0x00, 0x0E, 0x00, 0x00, 0x41, 0x03, 0x33, 0x01, 0x21, 0x01, 0x23, 0x01,
    0x11, 0x21, 0x11, 0x21, 0x01, 0x37, 0x01, 0x01, 0xDC, 0x02, 0x34, 0x02, 0x64, 0x01, 0x66, 0xFD,
    0x46, 0x2F, 0xFD, 0xDA, 0x01, 0x2B, 0x02, 0x9F, 0xFD, 0xDA, 0xCE, 0x02, 0xC7, 0x02, 0x09, 0x01,
    0x6D, 0x02, 0x8A, 0xFD, 0x1C, 0xFC, 0xE4, 0x08, 0x00, 0xF8, 0x00, 0x02, 0xDA, 0xD1, 0xFC, 0x55,
    0xFF, 0xFF, 0x00, 0xC9, 0xFD, 0x60, 0x06, 0x02, 0x08, 0x00, 0x06, 0x26, 0x00, 0xAB, 0x00, 0x00,
    0x00, 0x07, 0x01, 0x4C, 0x01, 0xA6, 0x00, 0x00, 0x00, 0x01, 0x00, 0xC9, 0x00, 0x00, 0x01, 0xF4,
    0x08, 0x00, 0x00, 0x03, 0x00, 0x00, 0x41, 0x11, 0x21, 0x11, 0x01, 0xF4, 0xFE, 0xD5, 0x08, 0x00,
    0xF8, 0x00, 0x08, 0x00, 0x00, 0x02, 0xFF, 0xF6, 0x00, 0x00, 0x02, 0xC6, 0x08, 0x00, 0x00, 0x03,
    0x00, 0x07, 0x00, 0x00, 0x41, 0x15, 0x01, 0x35, 0x01, 0x11, 0x21, 0x11, 0x02, 0xC6, 0xFD, 0x30,
    0x01, 0xFE, 0xFE, 0xD5, 0x05, 0x12, 0xC4, 0xFE, 0xFF, 0xC4, 0x03, 0xEF, 0xF8, 0x00, 0x08, 0x00,
    0xFF, 0xFF, 0x00, 0xCC, 0x00, 0x00, 0x03, 0xF0, 0x08, 0x00, 0x04, 0x26, 0x00, 0xAD, 0x03, 0x00,
    0x00, 0x07, 0x01, 0x46, 0x01, 0xCA, 0xFC, 0xD2, 0xFF, 0xFF, 0x00, 0xC9, 0x00, 0x00, 0x03, 0x06,
    0x0A, 0x9A, 0x06, 0x26, 0x00, 0xAD, 0x00, 0x00, 0x00, 0x07, 0x01, 0x3C, 0xFE, 0xBA, 0x02, 0x00,
    0xFF, 0xFF, 0x00, 0x58, 0xFD, 0x60, 0x01, 0xF4, 0x08, 0x00, 0x06, 0x26, 0x00, 0xAD, 0x00, 0x00,
    0x00, 0x06, 0x01, 0x4C, 0xDE, 0x00, 0xFF, 0xFF, 0x00, 0xC9, 0x00, 0x00, 0x03, 0xBD, 0x08, 0x63,
    0x04, 0x26, 0x00, 0xAD, 0x00, 0x00, 0x00, 0x07, 0x01, 0x54, 0x01, 0xB4, 0x00, 0x00, 0x00, 0x01,
    0x00, 0xC9, 0x00, 0x00, 0x08, 0xF1, 0x06, 0x14, 0x00, 0x25, 0x00, 0x00, 0x73, 0x11, 0x21, 0x15,
    0x33, 0x36, 0x36, 0x33, 0x32, 0x16, 0x17, 0x33, 0x36, 0x36, 0x33, 0x32, 0x00, 0x11, 0x11, 0x21,
    0x11, 0x34, 0x26, 0x23, 0x22, 0x06, 0x15, 0x11, 0x21, 0x11, 0x34, 0x26, 0x23, 0x22, 0x06, 0x06,
    0x15, 0x11, 0xC9, 0x01, 0x1F, 0x13, 0x30, 0xDA, 0x98, 0x9A, 0xD1, 0x32, 0x10, 0x37, 0xF0, 0xA6,
    0xD1, 0x01, 0x09, 0xFE, 0xD5, 0xAA, 0x76, 0x92, 0xA2, 0xFE, 0xD6, 0x9C, 0x7D, 0x55, 0x8F, 0x57,
    0x06, 0x00, 0xFA, 0x7F, 0x8F, 0x90, 0x7E, 0x7B, 0x93, 0xFE, 0xFA, 0xFE, 0xF8, 0xFB, 0xFA, 0x03,
    0xEA, 0x9C, 0x8C, 0xB3, 0x8C, 0xFC, 0x2D, 0x03, 0xFD, 0x7D, 0x98, 0x59, 0x9E, 0x68, 0xFC, 0x4D,
    0x00, 0x01, 0x00, 0xC9, 0x00, 0x00, 0x05, 0xCB, 0x06, 0x14, 0x00, 0x16, 0x00, 0x00, 0x41, 0x11,
    0x21, 0x11, 0x21, 0x15, 0x33, 0x36, 0x36, 0x33, 0x32, 0x16, 0x12, 0x15, 0x11, 0x21, 0x11, 0x34,
    0x26, 0x23, 0x22, 0x06, 0x06, 0x01, 0xF4, 0xFE, 0xD5, 0x01, 0x1F, 0x13, 0x35, 0xE3, 0xAD, 0x9D,
    0xEC, 0x82, 0xFE, 0xD5, 0xAE, 0x98, 0x68, 0xA1, 0x5D, 0x03, 0x90, 0xFC, 0x70, 0x06, 0x00, 0xFA,
    0x7A, 0x94, 0x83, 0xFE, 0xFE, 0xBE, 0xFC, 0x2F, 0x03, 0xAD, 0xA7, 0xBD, 0x5A, 0xAD, 0xFF, 0xFF,
    0x00, 0xC9, 0x00, 0x00, 0x05, 0xCB, 0x08, 0x3E, 0x06, 0x26, 0x00, 0xB4, 0x00, 0x00, 0x00, 0x07,
    0x01, 0x42, 0x00, 0x8A, 0x00, 0x00, 0x00, 0x02, 0x00, 0xC9, 0xFD, 0xC0, 0x05, 0xCB, 0x06, 0x14,
    0x00, 0x10, 0x00, 0x27, 0x00, 0x00, 0x65, 0x21, 0x15, 0x14, 0x06, 0x06, 0x23, 0x22, 0x26, 0x27,
    0x37, 0x16, 0x16, 0x33, 0x32, 0x36, 0x35, 0x01, 0x11, 0x21, 0x11, 0x21, 0x15, 0x33, 0x36, 0x36,
    0x33, 0x32, 0x16, 0x12, 0x15, 0x11, 0x21, 0x11, 0x34, 0x26, 0x23, 0x22, 0x06, 0x06, 0x04, 0xA0,
    0x01, 0x2B, 0x75, 0xCB, 0x81, 0x2B, 0x54, 0x24, 0x0A, 0x13, 0x2F, 0x1B, 0x5C, 0x76, 0xFD, 0x54,
    0xFE, 0xD5, 0x01, 0x1F, 0x13, 0x35, 0xE3, 0xAD, 0x9D, 0xEC, 0x82, 0xFE, 0xD5, 0xAE, 0x98, 0x68,
    0xA1, 0x5D, 0x06, 0x89, 0x91, 0xC6, 0x66, 0x04, 0x0A, 0xF8, 0x04, 0x06, 0x54, 0x6D, 0x04, 0x13,
    0xFC, 0x70, 0x06, 0x00, 0xFA, 0x7A, 0x94, 0x83, 0xFE, 0xFE, 0xBE, 0xFC, 0x2F, 0x03, 0xAD, 0xA7,
    0xBD, 0x5A, 0xAD, 0x00, 0xFF, 0xFF, 0x00, 0xC9, 0x00, 0x00, 0x05, 0xCB, 0x08, 0x9A, 0x06, 0x26,
    0x00, 0xB4, 0x00, 0x00, 0x00, 0x07, 0x01, 0x3C, 0x00, 0xA7, 0x00, 0x00, 0xFF, 0xFF, 0x00, 0xC9,
    0xFD, 0x60, 0x05, 0xCB, 0x06, 0x14, 0x06, 0x26, 0x00, 0xB4, 0x00, 0x00, 0x00, 0x07, 0x01, 0x4C,
    0x01, 0xCA, 0x00, 0x00, 0xFF, 0xFF, 0x00, 0xC9, 0x00, 0x00, 0x05, 0xCB, 0x08, 0x6F, 0x06, 0x26,
    0x00, 0xB4, 0x00, 0x00, 0x00, 0x07, 0x01, 0x49, 0x00, 0x98, 0x00, 0x00, 0x00, 0x02, 0x00, 0x84,
    0xFF, 0xE1, 0x06, 0x1C, 0x06, 0x14, 0x00, 0x0F, 0x00, 0x1F, 0x00, 0x00, 0x45, 0x22, 0x24, 0x02,
    0x35, 0x34, 0x12, 0x24, 0x33, 0x32, 0x04, 0x12, 0x15, 0x14, 0x02, 0x04, 0x27, 0x32, 0x36, 0x36,
    0x35, 0x34, 0x26, 0x26, 0x23, 0x22, 0x06, 0x06, 0x15, 0x14, 0x16, 0x16, 0x03, 0x50, 0xD8, 0xFE,
    0xBE, 0xB2, 0xB2, 0x01, 0x42, 0xD8, 0xD8, 0x01, 0x42, 0xB2, 0xB2, 0xFE, 0xBE, 0xD7, 0x8C, 0xB8,
    0x59, 0x59, 0xB8, 0x8C, 0x8D, 0xB9, 0x59, 0x59, 0xB9, 0x1F, 0xC6, 0x01, 0x64, 0xEE, 0xEF, 0x01,
    0x66, 0xC6, 0xC6, 0xFE, 0x9A, 0xEF, 0xEE, 0xFE, 0x9C, 0xC6, 0xFB, 0x94, 0xF6, 0x94, 0x93, 0xF7,
    0x96, 0x96, 0xF7, 0x93, 0x94, 0xF6, 0x94, 0x00, 0x00, 0x04, 0x00, 0x84, 0xFF, 0xE1, 0x06, 0x1C,
    0x08, 0x4E, 0x00, 0x0F, 0x00, 0x1F, 0x00, 0x2B, 0x00, 0x37, 0x00, 0x00, 0x45, 0x22, 0x24, 0x02,
    0x35, 0x34, 0x12, 0x24, 0x33, 0x32, 0x04, 0x12, 0x15, 0x14, 0x02, 0x04, 0x27, 0x32, 0x36, 0x36,
    0x35, 0x34, 0x26, 0x26, 0x23, 0x22, 0x06, 0x06, 0x15, 0x14, 0x16, 0x16, 0x03, 0x22, 0x26, 0x35,
    0x34, 0x36, 0x33, 0x32, 0x16, 0x15, 0x14, 0x06, 0x21, 0x22, 0x26, 0x35, 0x34, 0x36, 0x33, 0x32,
    0x16, 0x15, 0x14, 0x06, 0x03, 0x50, 0xD8, 0xFE, 0xBE, 0xB2, 0xB2, 0x01, 0x42, 0xD8, 0xD8, 0x01,
    0x42, 0xB2, 0xB2, 0xFE, 0xBE, 0xD7, 0x8C, 0xB8, 0x59, 0x59, 0xB8, 0x8C, 0x8D, 0xB9, 0x59, 0x59,
    0xB9, 0x9A, 0x46, 0x6A, 0x6A, 0x46, 0x4B, 0x65, 0x65, 0x02, 0x01, 0x46, 0x6A, 0x6A, 0x46, 0x4B,
    0x65, 0x65, 0x1F, 0xC6, 0x01, 0x64, 0xEE, 0xEF, 0x01, 0x66, 0xC6, 0xC6, 0xFE, 0x9A, 0xEF, 0xEE,
    0xFE, 0x9C, 0xC6, 0xFB, 0x94, 0xF6, 0x94, 0x93, 0xF7, 0x96, 0x96, 0xF7, 0x93, 0x94, 0xF6, 0x94,
    0x06, 0x15, 0x69, 0x45, 0x4B, 0x64, 0x64, 0x4B, 0x45, 0x69, 0x69, 0x45, 0x4B, 0x64, 0x64, 0x4B,
    0x45, 0x69, 0xFF, 0xFF, 0x00, 0x84, 0xFF, 0xE1, 0x06, 0x1C, 0x08, 0x3E, 0x06, 0x26, 0x00, 0xBA,
    0x00, 0x00, 0x00, 0x07, 0x01, 0x42, 0x00, 0x90, 0x00, 0x00, 0x00, 0x03, 0x00, 0x84, 0xFF, 0xA7,
    0x06, 0x1C, 0x06, 0x4D, 0x00, 0x03, 0x00, 0x13, 0x00, 0x23, 0x00, 0x00, 0x45, 0x27, 0x01, 0x17,
    0x01, 0x22, 0x24, 0x02, 0x35, 0x34, 0x12, 0x24, 0x33, 0x32, 0x04, 0x12, 0x15, 0x14, 0x02, 0x04,
    0x27, 0x32, 0x36, 0x36, 0x35, 0x34, 0x26, 0x26, 0x23, 0x22, 0x06, 0x06, 0x15, 0x14, 0x16, 0x16,
    0x01, 0x86, 0xA7, 0x04, 0x3B, 0xA7, 0xFD, 0x8F, 0xD8, 0xFE, 0xBE, 0xB2, 0xB2, 0x01, 0x42, 0xD8,
    0xD8, 0x01, 0x42, 0xB2, 0xB2, 0xFE, 0xBE, 0xD7, 0x8C, 0xB8, 0x59, 0x59, 0xB8, 0x8C, 0x8D, 0xB9,
    0x59, 0x59, 0xB9, 0x59, 0x72, 0x06, 0x34, 0x72, 0xFA, 0x05, 0xC6, 0x01, 0x64, 0xEE, 0xEF, 0x01,
    0x66, 0xC6, 0xC6, 0xFE, 0x9A, 0xEF, 0xEE, 0xFE, 0x9C, 0xC6, 0xFB, 0x95, 0xF6, 0x93, 0x93, 0xF8,
    0x96, 0x96, 0xF8, 0x93, 0x93, 0xF6, 0x95, 0x00, 0xFF, 0xFF, 0x00, 0x84, 0xFF, 0xE1, 0x06, 0x1C,
    0x08, 0x9A, 0x06, 0x26, 0x00, 0xBA, 0x00, 0x00, 0x00, 0x06, 0x01, 0x3E, 0xFD, 0x00, 0xFF, 0xFF,
    0x00, 0x84, 0xFF, 0xE1, 0x06, 0x1C, 0x08, 0x9A, 0x06, 0x26, 0x00, 0xBA, 0x00, 0x00, 0x00, 0x07,
    0x01, 0x3C, 0x00, 0xAE, 0x00, 0x00, 0xFF, 0xFF, 0x00, 0x84, 0xFF, 0xE1, 0x06, 0x1C, 0x08, 0x6F,
    0x06, 0x26, 0x00, 0xBA, 0x00, 0x00, 0x00, 0x07, 0x01, 0x41, 0x00, 0x9E, 0x00, 0x00, 0xFF, 0xFF,
    0x00, 0x84, 0xFF, 0xE1, 0x06, 0x1C, 0x08, 0x00, 0x06, 0x26, 0x00, 0xBA, 0x00, 0x00, 0x00, 0x07,
    0x01, 0x44, 0x00, 0xA2, 0x00, 0x00, 0xFF, 0xFF, 0x00, 0x84, 0xFF, 0xE1, 0x06, 0x1C, 0x08, 0x08,
    0x06, 0x26, 0x00, 0xBA, 0x00, 0x00, 0x00, 0x07, 0x01, 0x45, 0x00, 0xC8, 0x00, 0x00, 0xFF, 0xFF,
    0x00, 0x84, 0xFF, 0xE1, 0x06, 0x1C, 0x08, 0x50, 0x06, 0x26, 0x00, 0xBA, 0x00, 0x00, 0x00, 0x07,
    0x01, 0x3D, 0x01, 0x62, 0x00, 0x10, 0xFF, 0xFF, 0x00, 0x86, 0xFF, 0xE1, 0x0A, 0x66, 0x06, 0x14,
    0x04, 0x26, 0x00, 0xBA, 0x02, 0x00, 0x00, 0x07, 0x00, 0x89, 0x04, 0x73, 0x00, 0x00, 0x00, 0x02,
    0x00, 0xC9, 0xFD, 0xC0, 0x06, 0x44, 0x06, 0x14, 0x00, 0x16, 0x00, 0x26, 0x00, 0x00, 0x53, 0x11,
    0x21, 0x15, 0x33, 0x3E, 0x02, 0x33, 0x32, 0x04, 0x12, 0x15, 0x14, 0x02, 0x04, 0x23, 0x22, 0x26,
    0x26, 0x27, 0x23, 0x11, 0x03, 0x14, 0x16, 0x16, 0x33, 0x32, 0x36, 0x36, 0x35, 0x34, 0x26, 0x26,
    0x23, 0x22, 0x06, 0x06, 0xC9, 0x01, 0x24, 0x19, 0x1A, 0x62, 0xAE, 0x8F, 0xBA, 0x01, 0x24, 0xA7,
    0xA6, 0xFE, 0xDE, 0xBA, 0x8C, 0xB1, 0x64, 0x1B, 0x12, 0x06, 0x5E, 0xB2, 0x81, 0x86, 0xB4, 0x5D,
    0x5B, 0xB5, 0x87, 0x82, 0xB3, 0x5C, 0xFD, 0xC0, 0x08, 0x40, 0xF9, 0x30, 0x7E, 0x5F, 0xBC, 0xFE,
    0x9E, 0xF9, 0xF9, 0xFE, 0x9D, 0xBF, 0x5E, 0x7E, 0x31, 0xFC, 0xD1, 0x05, 0x40, 0xA2, 0xF4, 0x89,
    0x8F, 0xF6, 0x9A, 0x98, 0xF2, 0x8C, 0x86, 0xF0, 0x00, 0x02, 0x00, 0x86, 0xFD, 0xC0, 0x06, 0x01,
    0x06, 0x14, 0x00, 0x16, 0x00, 0x26, 0x00, 0x00, 0x41, 0x11, 0x23, 0x0E, 0x02, 0x23, 0x22, 0x24,
    0x02, 0x35, 0x34, 0x12, 0x24, 0x33, 0x32, 0x16, 0x16, 0x17, 0x33, 0x35, 0x21, 0x11, 0x01, 0x32,
    0x36, 0x36, 0x35, 0x34, 0x26, 0x26, 0x23, 0x22, 0x06, 0x06, 0x15, 0x14, 0x16, 0x16, 0x04, 0xD6,
    0x12, 0x1B, 0x65, 0xB0, 0x8C, 0xBA, 0xFE, 0xDD, 0xA5, 0xA7, 0x01, 0x24, 0xB9, 0x8F, 0xAF, 0x61,
    0x1B, 0x19, 0x01, 0x24, 0xFD, 0x49, 0x81, 0xB3, 0x5D, 0x5C, 0xB2, 0x83, 0x87, 0xB4, 0x5B, 0x5C,
    0xB5, 0xFD, 0xC0, 0x03, 0x2F, 0x31, 0x7E, 0x5E, 0xBF, 0x01, 0x63, 0xF9, 0xF9, 0x01, 0x62, 0xBC,
    0x5F, 0x7E, 0x30, 0xF9, 0xF7, 0xC0, 0x03, 0x21, 0x89, 0xF4, 0xA2, 0xA0, 0xF0, 0x86, 0x8C, 0xF2,
    0x98, 0x9A, 0xF6, 0x8F, 0x00, 0x01, 0x00, 0xC9, 0x00, 0x00, 0x03, 0xFF, 0x06, 0x17, 0x00, 0x13,
    0x00, 0x00, 0x73, 0x11, 0x21, 0x15, 0x33, 0x36, 0x36, 0x33, 0x32, 0x16, 0x17, 0x11, 0x26, 0x26,
    0x23, 0x22, 0x06, 0x06, 0x15, 0x11, 0xC9, 0x01, 0x21, 0x10, 0x2A, 0xD5, 0x87, 0x1C, 0x4D, 0x16,
    0x12, 0x5C, 0x2E, 0x6A, 0xA5, 0x60, 0x06, 0x00, 0xF4, 0x7C, 0x8F, 0x04, 0x03, 0xFE, 0xE2, 0x05,
    0x0D, 0x59, 0x9D, 0x64, 0xFC, 0x56, 0xFF, 0xFF, 0x00, 0xC9, 0x00, 0x00, 0x03, 0xFF, 0x08, 0x9A,
    0x06, 0x26, 0x00, 0xC7, 0x00, 0x00, 0x00, 0x06, 0x01, 0x3C, 0xB2, 0x00, 0xFF, 0xFF, 0x00, 0x58,
    0xFD, 0x60, 0x03, 0xFF, 0x06, 0x17, 0x06, 0x26, 0x00, 0xC7, 0x00, 0x00, 0x00, 0x06, 0x01, 0x4C,
    0xDE, 0x00, 0xFF, 0xFF, 0x00, 0x79, 0x00, 0x00, 0x04, 0x31, 0x08, 0x6F, 0x06, 0x26, 0x00, 0xC7,
    0x00, 0x00, 0x00, 0x06, 0x01, 0x49, 0xA3, 0x00, 0x00, 0x01, 0x00, 0x85, 0xFF, 0xE1, 0x05, 0x66,
    0x06, 0x14, 0x00, 0x2A, 0x00, 0x00, 0x41, 0x05, 0x2E, 0x02, 0x23, 0x22, 0x06, 0x15, 0x14, 0x16,
    0x17, 0x17, 0x16, 0x16, 0x15, 0x14, 0x06, 0x04, 0x23, 0x20, 0x24, 0x27, 0x25, 0x16, 0x16, 0x33,
    0x32, 0x36, 0x35, 0x34, 0x26, 0x27, 0x25, 0x26, 0x26, 0x35, 0x34, 0x36, 0x24, 0x33, 0x32, 0x04,
    0x05, 0x48, 0xFE, 0xF1, 0x11, 0x49, 0x7C, 0x5D, 0x7F, 0xAA, 0x72, 0x7F, 0xF4, 0xD4, 0xD0, 0x9F,
    0xFE, 0xE5, 0xBA, 0xFE, 0xFE, 0xFE, 0xBA, 0x25, 0x01, 0x21, 0x1B, 0xA8, 0x87, 0x93, 0xB0, 0x6B,
    0x6E, 0xFE, 0xFC, 0xD7, 0xCD, 0x98, 0x01, 0x0C, 0xAD, 0xF9, 0x01, 0x1E, 0x04, 0x89, 0x30, 0x34,
    0x5E, 0x3C, 0x71, 0x59, 0x4D, 0x5E, 0x1E, 0x38, 0x31, 0xCC, 0xA3, 0x8A, 0xD7, 0x7A, 0xDD, 0xCC,
    0x2C, 0x71, 0x73, 0x7B, 0x59, 0x48, 0x62, 0x19, 0x39, 0x31, 0xD6, 0xA4, 0x88, 0xCC, 0x73, 0xD7,
    0xFF, 0xFF, 0x00, 0x85, 0xFF, 0xE1, 0x05, 0x66, 0x08, 0x9A, 0x06, 0x26, 0x00, 0xCB, 0x00, 0x00,
    0x00, 0x06, 0x01, 0x3C, 0x64, 0x00, 0xFF, 0xFF, 0x00, 0x85, 0xFF, 0xE1, 0x05, 0x66, 0x08, 0x6F,
    0x06, 0x26, 0x00, 0xCB, 0x00, 0x00, 0x00, 0x06, 0x01, 0x41, 0x55, 0x00, 0xFF, 0xFF, 0x00, 0x85,
    0xFD, 0x98, 0x05, 0x66, 0x06, 0x14, 0x06, 0x26, 0x00, 0xCB, 0x00, 0x00, 0x00, 0x07, 0x01, 0x4A,
    0x01, 0x4E, 0x00, 0x00, 0xFF, 0xFF, 0x00, 0x85, 0xFF, 0xE1, 0x05, 0x66, 0x08, 0x6F, 0x06, 0x26,
    0x00, 0xCB, 0x00, 0x00, 0x00, 0x06, 0x01, 0x49, 0x55, 0x00, 0x00, 0x01, 0x00, 0xE1, 0x00, 0x00,
    0x06, 0x56, 0x08, 0x1C, 0x00, 0x2C, 0x00, 0x00, 0x73, 0x11, 0x34, 0x36, 0x24, 0x33, 0x32, 0x04,
    0x16, 0x15, 0x14, 0x06, 0x07, 0x15, 0x16, 0x12, 0x15, 0x06, 0x06, 0x04, 0x23, 0x23, 0x11, 0x33,
    0x32, 0x36, 0x36, 0x35, 0x34, 0x26, 0x23, 0x23, 0x11, 0x33, 0x32, 0x36, 0x36, 0x35, 0x34, 0x26,
    0x23, 0x22, 0x06, 0x15, 0x11, 0xE1, 0x9F, 0x01, 0x1B, 0xBB, 0xB4, 0x01, 0x23, 0xAA, 0xAC, 0x8E,
    0xC4, 0xF5, 0x01, 0x9A, 0xFE, 0xEB, 0xB9, 0xEF, 0xDB, 0x67, 0x96, 0x53, 0xCA, 0xAD, 0xAC, 0x78,
    0x5C, 0x86, 0x49, 0xB1, 0x9A, 0x93, 0xBF, 0x05, 0xEE, 0xAD, 0xFB, 0x86, 0x7F, 0xF0, 0xAA, 0xA9,
    0xEB, 0x2E, 0x15, 0x11, 0xFE, 0xF0, 0xD7, 0xA8, 0xFE, 0x8E, 0x01, 0x06, 0x50, 0x8F, 0x5D, 0x91,
    0xBA, 0x01, 0x04, 0x5C, 0x95, 0x54, 0x86, 0xB6, 0xAD, 0x8B, 0xFA, 0x26, 0x00, 0x02, 0x00, 0x4F,
    0xFF, 0xEA, 0x03, 0xB2, 0x07, 0x70, 0x00, 0x03, 0x00, 0x15, 0x00, 0x00, 0x41, 0x15, 0x21, 0x35,
    0x13, 0x21, 0x11, 0x14, 0x16, 0x16, 0x33, 0x32, 0x36, 0x37, 0x17, 0x06, 0x06, 0x07, 0x06, 0x26,
    0x26, 0x35, 0x03, 0x96, 0xFC, 0xB9, 0xE1, 0x01, 0x2B, 0x34, 0x53, 0x31, 0x24, 0x36, 0x0F, 0x36,
    0x1A, 0x60, 0x48, 0x76, 0xCC, 0x7E, 0x06, 0x00, 0xF0, 0xF0, 0x01, 0x70, 0xFA, 0x53, 0x57, 0x57,
    0x1F, 0x0A, 0x03, 0xF7, 0x0A, 0x15, 0x01, 0x02, 0x58, 0xB8, 0x8B, 0x00, 0x00, 0x03, 0x00, 0x4F,
    0xFF, 0xEA, 0x03, 0xB2, 0x07, 0x70, 0x00, 0x03, 0x00, 0x07, 0x00, 0x19, 0x00, 0x00, 0x53, 0x35,
    0x21, 0x15, 0x11, 0x15, 0x21, 0x35, 0x13, 0x21, 0x11, 0x14, 0x16, 0x16, 0x33, 0x32, 0x36, 0x37,
    0x17, 0x06, 0x06, 0x07, 0x06, 0x26, 0x26, 0x35, 0x4F, 0x03, 0x47, 0xFC, 0xB9, 0xE1, 0x01, 0x2B,
    0x34, 0x53, 0x31, 0x24, 0x36, 0x0F, 0x36, 0x1A, 0x60, 0x48, 0x76, 0xCC, 0x7E, 0x03, 0x31, 0xBE,
    0xBE, 0x02, 0xCF, 0xF0, 0xF0, 0x01, 0x70, 0xFA, 0x53, 0x57, 0x57, 0x1F, 0x0A, 0x03, 0xF7, 0x0A,
    0x15, 0x01, 0x02, 0x58, 0xB8, 0x8B, 0xFF, 0xFF, 0x00, 0x4F, 0xFD, 0x98, 0x03, 0xEA, 0x07, 0x70,
    0x06, 0x26, 0x00, 0xD1, 0x00, 0x00, 0x00, 0x07, 0x01, 0x4A, 0x01, 0x12, 0x00, 0x00, 0xFF, 0xFF,
    0x00, 0x4F, 0xFF, 0xEA, 0x04, 0x13, 0x08, 0xC7, 0x06, 0x26, 0x00, 0xD1, 0x00, 0x00, 0x00, 0x07,
    0x01, 0x54, 0x02, 0x0A, 0x00, 0x64, 0x00, 0x01, 0x00, 0xC9, 0xFF, 0xEC, 0x05, 0xC2, 0x06, 0x00,
    0x00, 0x16, 0x00, 0x00, 0x41, 0x11, 0x21, 0x11, 0x21, 0x11, 0x23, 0x06, 0x06, 0x23, 0x22, 0x26,
    0x02, 0x35, 0x11, 0x21, 0x11, 0x14, 0x16, 0x33, 0x32, 0x36, 0x36, 0x04, 0x96, 0x01, 0x2C, 0xFE,
    0xDA, 0x10, 0x35, 0xE9, 0xAD, 0x94, 0xE3, 0x81, 0x01, 0x2B, 0xAE, 0x8B, 0x54, 0xA7, 0x6F, 0x02,
    0x7D, 0x03, 0x83, 0xFA, 0x00, 0x01, 0x0A, 0x7B, 0xA3, 0x83, 0x01, 0x02, 0xBE, 0x03, 0xD1, 0xFC,
    0x53, 0x9D, 0xBA, 0x54, 0xAA, 0x00, 0xFF, 0xFF, 0x00, 0xC9, 0xFF, 0xEC, 0x05, 0xC2, 0x08, 0x4E,
    0x06, 0x26, 0x00, 0xD5, 0x00, 0x00, 0x00, 0x06, 0x01, 0x3F, 0x22, 0x00, 0xFF, 0xFF, 0x00, 0xC9,
    0xFF, 0xEC, 0x05, 0xC2, 0x08, 0x3E, 0x06, 0x26, 0x00, 0xD5, 0x00, 0x00, 0x00, 0x07, 0x01, 0x42,
    0x00, 0x87, 0x00, 0x00, 0x00, 0x01, 0x00, 0xC9, 0xFD, 0xC6, 0x06, 0x39, 0x06, 0x00, 0x00, 0x19,
    0x00, 0x00, 0x53, 0x11, 0x21, 0x11, 0x14, 0x16, 0x16, 0x33, 0x32, 0x36, 0x36, 0x35, 0x11, 0x21,
    0x11, 0x21, 0x35, 0x23, 0x06, 0x06, 0x23, 0x22, 0x26, 0x27, 0x23, 0x11, 0xC9, 0x01, 0x2B, 0x63,
    0xB3, 0x77, 0x77, 0xB3, 0x63, 0x01, 0x2B, 0xFE, 0xDA, 0x0C, 0x38, 0xD2, 0x7C, 0x7C, 0xD1, 0x3A,
    0x0C, 0xFD, 0xC6, 0x08, 0x3A, 0xFC, 0x7D, 0x72, 0xAE, 0x61, 0x62, 0xAD, 0x72, 0x03, 0x83, 0xFA,
    0x00, 0xE1, 0x72, 0x79, 0x79, 0x72, 0xFC, 0xE5, 0xFF, 0xFF, 0x00, 0xC9, 0xFF, 0xEC, 0x05, 0xC2,
    0x08, 0x9A, 0x06, 0x26, 0x00, 0xD5, 0x00, 0x00, 0x00, 0x06, 0x01, 0x3E, 0xF4, 0x00, 0xFF, 0xFF,
    0x00, 0xC9, 0xFF, 0xEC, 0x05, 0xC2, 0x08, 0x9A, 0x06, 0x26, 0x00, 0xD5, 0x00, 0x00, 0x00, 0x07,
    0x01, 0x3C, 0x00, 0xA5, 0x00, 0x00, 0xFF, 0xFF, 0x00, 0xC9, 0xFF, 0xEC, 0x05, 0xC2, 0x08, 0x6F,
    0x06, 0x26, 0x00, 0xD5, 0x00, 0x00, 0x00, 0x07, 0x01, 0x41, 0x00, 0x96, 0x00, 0x00, 0xFF, 0xFF,
    0x00, 0xC9, 0xFF, 0xEC, 0x05, 0xC2, 0x08, 0x00, 0x06, 0x26, 0x00, 0xD5, 0x00, 0x00, 0x00, 0x07,
    0x01, 0x44, 0x00, 0x99, 0x00, 0x00, 0xFF, 0xFF, 0x00, 0xC9, 0xFF, 0xEC, 0x05, 0xC2, 0x08, 0x08,
    0x06, 0x26, 0x00, 0xD5, 0x00, 0x00, 0x00, 0x07, 0x01, 0x45, 0x00, 0xC0, 0x00, 0x00, 0xFF, 0xFF,
    0x00, 0xC9, 0xFF, 0xEC, 0x05, 0xC2, 0x09, 0x53, 0x06, 0x26, 0x00, 0xD5, 0x00, 0x00, 0x00, 0x07,
    0x01, 0x47, 0x01, 0x6E, 0x00, 0x00, 0xFF, 0xFF, 0x00, 0xC9, 0xFF, 0xEC, 0x05, 0xE7, 0x08, 0x50,
    0x06, 0x26, 0x00, 0xD5, 0x00, 0x00, 0x00, 0x07, 0x01, 0x3D, 0x01, 0x59, 0x00, 0x10, 0xFF, 0xFF,
    0x00, 0xC9, 0xFD, 0xB1, 0x05, 0xDD, 0x06, 0x00, 0x06, 0x26, 0x00, 0xD5, 0x00, 0x00, 0x00, 0x07,
    0x01, 0x4B, 0x03, 0x54, 0x00, 0x00, 0x00, 0x01, 0x00, 0x50, 0x00, 0x00, 0x05, 0xEB, 0x06, 0x00,
    0x00, 0x07, 0x00, 0x00, 0x41, 0x01, 0x21, 0x01, 0x21, 0x01, 0x33, 0x01, 0x05, 0xEB, 0xFD, 0xD3,
    0xFE, 0xC0, 0xFD, 0xD2, 0x01, 0x41, 0x01, 0x85, 0x10, 0x01, 0x84, 0x06, 0x00, 0xFA, 0x00, 0x06,
    0x00, 0xFB, 0x62, 0x04, 0x9E, 0x00, 0x00, 0x01, 0x00, 0x52, 0x00, 0x00, 0x08, 0xC1, 0x06, 0x00,
    0x00, 0x0F, 0x00, 0x00, 0x61, 0x01, 0x21, 0x01, 0x33, 0x01, 0x21, 0x01, 0x33, 0x01, 0x21, 0x01,
    0x21, 0x01, 0x23, 0x01, 0x02, 0x16, 0xFE, 0x3C, 0x01, 0x35, 0x01, 0x2D, 0x0F, 0x01, 0x2E, 0x01,
    0x35, 0x01, 0x2C, 0x0F, 0x01, 0x2B, 0x01, 0x35, 0xFE, 0x3D, 0xFE, 0xCF, 0xFE, 0xC8, 0x17, 0xFE,
    0xC8, 0x06, 0x00, 0xFB, 0x98, 0x04, 0x68, 0xFB, 0x9D, 0x04, 0x63, 0xFA, 0x00, 0x04, 0x55, 0xFB,
    0xAB, 0x00, 0xFF, 0xFF, 0x00, 0x52, 0x00, 0x00, 0x08, 0xC1, 0x08, 0x6F, 0x06, 0x26, 0x00, 0xE2,
    0x00, 0x00, 0x00, 0x07, 0x01, 0x41, 0x01, 0xD8, 0x00, 0x00, 0x00, 0x01, 0x00, 0x67, 0x00, 0x00,
    0x05, 0xA9, 0x06, 0x00, 0x00, 0x0B, 0x00, 0x00, 0x49, 0x02, 0x21, 0x01, 0x01, 0x21, 0x01, 0x01,
    0x21, 0x01, 0x01, 0x01, 0xB5, 0x01, 0x53, 0x01, 0x56, 0x01, 0x47, 0xFE, 0x21, 0x01, 0xE3, 0xFE,
    0xB9, 0xFE, 0xA6, 0xFE, 0xA7, 0xFE, 0xB8, 0x01, 0xDE, 0xFE, 0x28, 0x06, 0x00, 0xFD, 0xAA, 0x02,
    0x56, 0xFD, 0x00, 0xFD, 0x00, 0x02, 0x3E, 0xFD, 0xC2, 0x03, 0x00, 0x03, 0x00, 0x00, 0x00, 0x01,
    0x00, 0x50, 0xFD, 0xC0, 0x05, 0xEB, 0x06, 0x00, 0x00, 0x13, 0x00, 0x00, 0x41, 0x22, 0x26, 0x27,
    0x37, 0x16, 0x36, 0x36, 0x37, 0x37, 0x01, 0x21, 0x01, 0x33, 0x01, 0x21, 0x01, 0x0E, 0x02, 0x01,
    0x86, 0x43, 0x6E, 0x1B, 0x48, 0x52, 0x80, 0x63, 0x26, 0x25, 0xFD, 0xCE, 0x01, 0x40, 0x01, 0x85,
    0x10, 0x01, 0x85, 0x01, 0x41, 0xFD, 0x87, 0x2C, 0x88, 0xBC, 0xFD, 0xC0, 0x15, 0x0C, 0xF5, 0x16,
    0x06, 0x5A, 0x66, 0x66, 0x06, 0x14, 0xFB, 0x58, 0x04, 0xA8, 0xF9, 0x33, 0x78, 0xA7, 0x54, 0x00,
    0x00, 0x03, 0x00, 0x50, 0xFD, 0xC0, 0x05, 0xEB, 0x08, 0x4E, 0x00, 0x13, 0x00, 0x1F, 0x00, 0x2B,
    0x00, 0x00, 0x41, 0x22, 0x26, 0x27, 0x37, 0x16, 0x36, 0x36, 0x37, 0x37, 0x01, 0x21, 0x01, 0x33,
    0x01, 0x21, 0x01, 0x0E, 0x02, 0x03, 0x22, 0x26, 0x35, 0x34, 0x36, 0x33, 0x32, 0x16, 0x15, 0x14,
    0x06, 0x21, 0x22, 0x26, 0x35, 0x34, 0x36, 0x33, 0x32, 0x16, 0x15, 0x14, 0x06, 0x01, 0x86, 0x43,
    0x6E, 0x1B, 0x48, 0x52, 0x80, 0x63, 0x26, 0x25, 0xFD, 0xCE, 0x01, 0x40, 0x01, 0x85, 0x10, 0x01,
    0x85, 0x01, 0x41, 0xFD, 0x87, 0x2C, 0x88, 0xBC, 0x0B, 0x47, 0x6A, 0x6A, 0x47, 0x4B, 0x65, 0x65,
    0x02, 0x01, 0x47, 0x6A, 0x6A, 0x47, 0x4B, 0x65, 0x65, 0xFD, 0xC0, 0x15, 0x0C, 0xF5, 0x16, 0x06,
    0x5A, 0x66, 0x66, 0x06, 0x14, 0xFB, 0x58, 0x04, 0xA8, 0xF9, 0x33, 0x78, 0xA7, 0x54, 0x09, 0x31,
    0x69, 0x45, 0x4B, 0x64, 0x64, 0x4B, 0x45, 0x69, 0x69, 0x45, 0x4B, 0x64, 0x64, 0x4B, 0x45, 0x69,
    0xFF, 0xFF, 0x00, 0x50, 0xFD, 0xC0, 0x05, 0xEB, 0x08, 0x9A, 0x06, 0x26, 0x00, 0xE5, 0x00, 0x00,
    0x00, 0x06, 0x01, 0x3C, 0x7A, 0x00, 0xFF, 0xFF, 0x00, 0x50, 0xFD, 0xC0, 0x05, 0xEB, 0x08, 0x6F,
    0x06, 0x26, 0x00, 0xE5, 0x00, 0x00, 0x00, 0x07, 0x01, 0x41, 0x00, 0x6B, 0x00, 0x00, 0x00, 0x01,
    0x00, 0xA9, 0x00, 0x00, 0x05, 0x7A, 0x06, 0x00, 0x00, 0x0B, 0x00, 0x00, 0x73, 0x35, 0x01, 0x35,
    0x21, 0x11, 0x21, 0x15, 0x01, 0x15, 0x21, 0x11, 0xA9, 0x03, 0x40, 0xFC, 0xDB, 0x04, 0x9A, 0xFC,
    0xE0, 0x03, 0x3C, 0xCD, 0x04, 0x21, 0x0E, 0x01, 0x04, 0xDA, 0xFB, 0xEC, 0x0E, 0xFE, 0xFC, 0x00,
    0xFF, 0xFF, 0x00, 0xA9, 0x00, 0x00, 0x05, 0x7A, 0x08, 0x9A, 0x06, 0x26, 0x00, 0xE9, 0x00, 0x00,
    0x00, 0x06, 0x01, 0x3C, 0x64, 0x00, 0xFF, 0xFF, 0x00, 0xA9, 0x00, 0x00, 0x05, 0x7A, 0x08, 0x52,
    0x06, 0x26, 0x00, 0xE9, 0x00, 0x00, 0x00, 0x07, 0x01, 0x46, 0x01, 0x9E, 0x00, 0x00, 0x00, 0x02,
    0x00, 0xA9, 0x00, 0x00, 0x05, 0x7A, 0x08, 0x6F, 0x00, 0x0B, 0x00, 0x14, 0x00, 0x00, 0x73, 0x35,
    0x01, 0x35, 0x21, 0x11, 0x21, 0x15, 0x01, 0x15, 0x21, 0x11, 0x01, 0x13, 0x13, 0x21, 0x15, 0x01,
    0x23, 0x01, 0x35, 0xA9, 0x03, 0x40, 0xFC, 0xDB, 0x04, 0x9A, 0xFC, 0xE0, 0x03, 0x3C, 0xFC, 0xBF,
    0xCD, 0xCE, 0x01, 0x0E, 0xFE, 0xA1, 0xF9, 0xFE, 0xA0, 0xCD, 0x04, 0x21, 0x0E, 0x01, 0x04, 0xDA,
    0xFB, 0xEC, 0x0E, 0xFE, 0xFC, 0x08, 0x6F, 0xFE, 0xF4, 0x01, 0x0C, 0x0F, 0xFE, 0x58, 0x01, 0xA8,
    0x0F, 0x00, 0x00, 0x02, 0x00, 0xD5, 0x00, 0x00, 0x06, 0x38, 0x08, 0x00, 0x00, 0x03, 0x00, 0x19,
    0x00, 0x00, 0x53, 0x21, 0x11, 0x21, 0x13, 0x21, 0x32, 0x04, 0x12, 0x15, 0x14, 0x02, 0x04, 0x23,
    0x21, 0x11, 0x21, 0x32, 0x36, 0x36, 0x35, 0x34, 0x26, 0x26, 0x23, 0x21, 0xD5, 0x01, 0x35, 0xFE,
    0xCB, 0x90, 0x02, 0x11, 0xE4, 0x01, 0x3B, 0xA3, 0xA3, 0xFE, 0xC5, 0xE4, 0xFD, 0xEF, 0x02, 0x11,
    0x88, 0xB6, 0x5D, 0x5D, 0xB6, 0x88, 0xFD, 0xEF, 0x08, 0x00, 0xF8, 0x00, 0x06, 0x68, 0xA0, 0xFE,
    0xEF, 0xA8, 0xA8, 0xFE, 0xF0, 0xA0, 0x01, 0x02, 0x52, 0x99, 0x67, 0x68, 0x9C, 0x57, 0x00, 0x03,
    0x00, 0x84, 0xFF, 0xE0, 0x05, 0xEF, 0x08, 0x7B, 0x00, 0x03, 0x00, 0x1E, 0x00, 0x2E, 0x00, 0x00,
    0x41, 0x01, 0x27, 0x01, 0x01, 0x22, 0x24, 0x02, 0x35, 0x34, 0x12, 0x24, 0x33, 0x32, 0x16, 0x16,
    0x17, 0x33, 0x26, 0x02, 0x00, 0x27, 0x37, 0x16, 0x00, 0x00, 0x12, 0x11, 0x14, 0x02, 0x04, 0x27,
    0x32, 0x36, 0x36, 0x35, 0x34, 0x26, 0x26, 0x23, 0x22, 0x06, 0x06, 0x15, 0x14, 0x16, 0x16, 0x05,
    0x2A, 0xFC, 0xA4, 0x36, 0x03, 0x5B, 0xFE, 0x44, 0xD2, 0xFE, 0xC9, 0xAA, 0xA2, 0x01, 0x17, 0xAF,
    0x6C, 0xA7, 0x76, 0x24, 0x14, 0x33, 0xC5, 0xFE, 0xCA, 0xDA, 0x53, 0xBC, 0x01, 0x69, 0x01, 0x25,
    0xAD, 0xAC, 0xFE, 0xC7, 0xCF, 0x85, 0xB6, 0x5D, 0x54, 0xB4, 0x90, 0x87, 0xB3, 0x58, 0x55, 0xB1,
    0x07, 0x96, 0xFE, 0x58, 0xA4, 0x01, 0xA7, 0xF7, 0xA7, 0xBD, 0x01, 0x4B, 0xD8, 0xD5, 0x01, 0x4A,
    0xBB, 0x46, 0x6C, 0x38, 0x82, 0x01, 0x1A, 0x01, 0x09, 0x6A, 0xBC, 0x4D, 0xFE, 0xFD, 0xFE, 0x9C,
    0xFE, 0x40, 0xFE, 0xF5, 0xF9, 0xFE, 0x9B, 0xBE, 0xFA, 0x7F, 0xD9, 0x8A, 0x7E, 0xEC, 0x98, 0x88,
    0xE4, 0x8A, 0x84, 0xE1, 0x89, 0x00, 0x00, 0x03, 0x00, 0xC9, 0xFD, 0xC0, 0x06, 0x32, 0x08, 0x00,
    0x00, 0x06, 0x00, 0x19, 0x00, 0x29, 0x00, 0x00, 0x53, 0x21, 0x11, 0x03, 0x13, 0x11, 0x21, 0x13,
    0x33, 0x3E, 0x02, 0x33, 0x32, 0x04, 0x12, 0x15, 0x14, 0x02, 0x04, 0x23, 0x22, 0x26, 0x26, 0x27,
    0x23, 0x01, 0x34, 0x26, 0x26, 0x23, 0x22, 0x06, 0x06, 0x15, 0x14, 0x16, 0x16, 0x33, 0x32, 0x36,
    0x36, 0xC9, 0x01, 0x2B, 0x5A, 0x5A, 0xFE, 0xD5, 0xB2, 0x8C, 0x1A, 0x5F, 0xA7, 0x86, 0xB9, 0x01,
    0x24, 0xA8, 0xA7, 0xFE, 0xDE, 0xBA, 0x83, 0xA8, 0x62, 0x1B, 0x8C, 0x03, 0x93, 0x5B, 0xB7, 0x8A,
    0x86, 0xB1, 0x58, 0x59, 0xB1, 0x85, 0x89, 0xB6, 0x5D, 0x08, 0x00, 0xFC, 0xB0, 0xFE, 0x55, 0xFE,
    0x20, 0xFC, 0x9B, 0x07, 0x62, 0x2D, 0x71, 0x54, 0xBC, 0xFE, 0x9E, 0xF9, 0xF9, 0xFE, 0x9D, 0xBF,
    0x53, 0x72, 0x2F, 0x02, 0x2A, 0x9A, 0xF1, 0x8B, 0x89, 0xF0, 0x9D, 0x9E, 0xF5, 0x8C, 0x8D, 0xF6,
    0x00, 0x02, 0x00, 0x90, 0xFF, 0x00, 0x06, 0x84, 0x09, 0x00, 0x00, 0x03, 0x00, 0x37, 0x00, 0x00,
    0x41, 0x11, 0x33, 0x11, 0x01, 0x26, 0x26, 0x23, 0x22, 0x06, 0x06, 0x15, 0x14, 0x1E, 0x02, 0x17,
    0x17, 0x1E, 0x03, 0x15, 0x14, 0x02, 0x04, 0x23, 0x22, 0x24, 0x02, 0x27, 0x21, 0x1E, 0x02, 0x33,
    0x32, 0x36, 0x36, 0x35, 0x34, 0x26, 0x26, 0x27, 0x27, 0x26, 0x00, 0x35, 0x34, 0x12, 0x24, 0x33,
    0x32, 0x04, 0x16, 0x17, 0x03, 0x3D, 0xA4, 0x01, 0x5D, 0x10, 0xE8, 0xB0, 0x7E, 0xB8, 0x65, 0x45,
    0x71, 0x82, 0x3C, 0xC8, 0x62, 0xCE, 0xB0, 0x6D, 0xB3, 0xFE, 0xAD, 0xF0, 0xE6, 0xFE, 0xB0, 0xBE,
    0x0A, 0x01, 0x36, 0x09, 0x7F, 0xC7, 0x77, 0x83, 0xCD, 0x76, 0x67, 0xAF, 0x6E, 0xF2, 0xF6, 0xFE,
    0xE1, 0xC0, 0x01, 0x48, 0xCE, 0xD0, 0x01, 0x3F, 0xB8, 0x04, 0xFF, 0x00, 0x0A, 0x00, 0xF6, 0x00,
    0x06, 0xE6, 0x8E, 0x9D, 0x4F, 0x89, 0x57, 0x49, 0x6A, 0x47, 0x2F, 0x0F, 0x34, 0x18, 0x52, 0x86,
    0xC6, 0x8A, 0xAE, 0xFE, 0xF2, 0x9C, 0x92, 0x01, 0x0D, 0xB9, 0x6F, 0x93, 0x47, 0x53, 0x95, 0x64,
    0x5B, 0x74, 0x4C, 0x1D, 0x42, 0x43, 0x01, 0x04, 0xD6, 0xB1, 0x01, 0x08, 0x93, 0x92, 0xFF, 0xA5,
    0x00, 0x02, 0x00, 0x84, 0x00, 0x00, 0x05, 0xC7, 0x08, 0x00, 0x00, 0x03, 0x00, 0x24, 0x00, 0x00,
    0x61, 0x11, 0x33, 0x11, 0x27, 0x22, 0x24, 0x02, 0x35, 0x34, 0x12, 0x24, 0x33, 0x32, 0x04, 0x16,
    0x17, 0x21, 0x26, 0x26, 0x23, 0x22, 0x06, 0x06, 0x15, 0x14, 0x16, 0x16, 0x33, 0x32, 0x36, 0x36,
    0x37, 0x21, 0x06, 0x06, 0x04, 0x02, 0xF4, 0xA4, 0x48, 0xDF, 0xFE, 0xBF, 0xAC, 0xB0, 0x01, 0x40,
    0xD9, 0xAF, 0x01, 0x12, 0xA9, 0x10, 0xFE, 0xDD, 0x18, 0xAB, 0x8F, 0x7D, 0xBB, 0x68, 0x66, 0xBB,
    0x7F, 0x55, 0x8B, 0x5F, 0x13, 0x01, 0x23, 0x10, 0xA2, 0xFE, 0xF1, 0x08, 0x00, 0xF8, 0x00, 0xE6,
    0xCB, 0x01, 0x66, 0xE7, 0xEB, 0x01, 0x66, 0xCB, 0x81, 0xE8, 0x9B, 0x6C, 0x9C, 0x83, 0xF1, 0xA4,
    0xA8, 0xF5, 0x85, 0x3F, 0x76, 0x53, 0x95, 0xEA, 0x87, 0x00, 0x00, 0x05, 0x00, 0x28, 0x00, 0x00,
    0x05, 0xF6, 0x08, 0x00, 0x00, 0x03, 0x00, 0x07, 0x00, 0x0B, 0x00, 0x0F, 0x00, 0x13, 0x00, 0x00,
    0x41, 0x01, 0x07, 0x09, 0x02, 0x21, 0x01, 0x13, 0x11, 0x21, 0x11, 0x05, 0x15, 0x21, 0x35, 0x01,
    0x15, 0x21, 0x35, 0x01, 0x74, 0x01, 0xEA, 0xE1, 0xFD, 0xAB, 0x02, 0x9A, 0x01, 0xE8, 0x01, 0x4C,
    0xFD, 0xAB, 0x06, 0xFE, 0xCC, 0x02, 0xE6, 0xFB, 0x5E, 0x04, 0xA2, 0xFB, 0x5E, 0x08, 0x00, 0xFB,
    0xB0, 0x7F, 0x04, 0xCF, 0xFB, 0xB3, 0x04, 0x4D, 0xFB, 0x31, 0x01, 0x04, 0xFB, 0xCB, 0x04, 0x35,
    0x2D, 0xCA, 0xCA, 0xFE, 0x74, 0xCA, 0xCA, 0x00, 0x00, 0x03, 0x00, 0xB6, 0x00, 0x00, 0x06, 0x58,
    0x08, 0x1C, 0x00, 0x03, 0x00, 0x07, 0x00, 0x23, 0x00, 0x00, 0x61, 0x21, 0x11, 0x21, 0x01, 0x21,
    0x11, 0x21, 0x01, 0x13, 0x16, 0x06, 0x07, 0x25, 0x3E, 0x02, 0x27, 0x03, 0x26, 0x12, 0x24, 0x33,
    0x32, 0x1E, 0x02, 0x07, 0x25, 0x36, 0x26, 0x26, 0x23, 0x22, 0x06, 0x06, 0x06, 0x35, 0xFA, 0x88,
    0x05, 0x78, 0xFE, 0x5C, 0xFC, 0x25, 0x03, 0xDB, 0xFE, 0x1B, 0x20, 0x06, 0x4E, 0x66, 0xFF, 0x00,
    0x36, 0x3A, 0x14, 0x02, 0x1D, 0x08, 0xAD, 0x01, 0x20, 0xA6, 0x94, 0xED, 0xA3, 0x46, 0x15, 0xFE,
    0xDF, 0x0A, 0x52, 0x90, 0x51, 0x55, 0x99, 0x5F, 0x01, 0x0A, 0x02, 0x18, 0x01, 0x0A, 0x01, 0x76,
    0xFC, 0xA1, 0x81, 0xCB, 0x3C, 0x4F, 0x03, 0x68, 0x8D, 0x39, 0x03, 0x67, 0xD2, 0x01, 0x1A, 0x8E,
    0x62, 0xA9, 0xD8, 0x77, 0x2E, 0x62, 0x82, 0x42, 0x50, 0xA4, 0x00, 0x02, 0x00, 0x9F, 0xFF, 0xDE,
    0x06, 0x7C, 0x08, 0x1C, 0x00, 0x0F, 0x00, 0x1D, 0x00, 0x00, 0x45, 0x26, 0x24, 0x02, 0x11, 0x10,
    0x12, 0x24, 0x33, 0x32, 0x04, 0x12, 0x11, 0x10, 0x02, 0x04, 0x03, 0x32, 0x12, 0x11, 0x34, 0x02,
    0x26, 0x23, 0x22, 0x02, 0x03, 0x10, 0x12, 0x16, 0x03, 0x8E, 0xED, 0xFE, 0xB0, 0xB2, 0xB3, 0x01,
    0x51, 0xEB, 0xEB, 0x01, 0x50, 0xB3, 0xB2, 0xFE, 0xB0, 0xEC, 0xD0, 0xEB, 0x6B, 0xC7, 0x89, 0xCF,
    0xEC, 0x01, 0x6B, 0xC6, 0x22, 0x01, 0xF8, 0x01, 0xDA, 0x01, 0x4E, 0x01, 0x4D, 0x01, 0xD8, 0xF8,
    0xF9, 0xFE, 0x29, 0xFE, 0xB3, 0xFE, 0xB1, 0xFE, 0x27, 0xF9, 0x01, 0x0B, 0x01, 0x96, 0x01, 0x80,
    0xFF, 0x01, 0x61, 0xB7, 0xFE, 0x68, 0xFE, 0x81, 0xFF, 0x00, 0xFE, 0x9F, 0xB5, 0x00, 0x00, 0x01,
    0x00, 0xA2, 0x00, 0x00, 0x03, 0xCE, 0x08, 0x00, 0x00, 0x07, 0x00, 0x00, 0x41, 0x11, 0x21, 0x11,
    0x23, 0x01, 0x11, 0x01, 0x03, 0xCE, 0xFE, 0xCA, 0x0C, 0xFE, 0x16, 0x01, 0xFF, 0x08, 0x00, 0xF8,
    0x00, 0x06, 0xCA, 0xFE, 0xC0, 0x01, 0x28, 0x01, 0x4E, 0x00, 0x00, 0x01, 0x00, 0xC3, 0x00, 0x00,
    0x06, 0x09, 0x08, 0x1C, 0x00, 0x1F, 0x00, 0x00, 0x73, 0x35, 0x01, 0x3E, 0x02, 0x35, 0x34, 0x26,
    0x26, 0x23, 0x22, 0x06, 0x06, 0x15, 0x21, 0x34, 0x12, 0x24, 0x33, 0x32, 0x04, 0x12, 0x15, 0x14,
    0x06, 0x02, 0x07, 0x01, 0x15, 0x21, 0x11, 0xC5, 0x02, 0xB5, 0x6F, 0x91, 0x48, 0x60, 0xA6, 0x68,
    0x6E, 0xA4, 0x58, 0xFE, 0xD9, 0xAC, 0x01, 0x2C, 0xBF, 0xC1, 0x01, 0x27, 0xA6, 0x55, 0xD2, 0xBB,
    0xFE, 0x69, 0x03, 0x9A, 0xE0, 0x02, 0xCE, 0x75, 0xB1, 0xA0, 0x5A, 0x66, 0x95, 0x51, 0x5A, 0xA4,
    0x6E, 0xBB, 0x01, 0x18, 0x9B, 0x99, 0xFE, 0xF9, 0xA5, 0x72, 0xDA, 0xFE, 0xF5, 0xBE, 0xFE, 0x56,
    0x0F, 0xFE, 0xF7, 0x00, 0x00, 0x01, 0x00, 0xBB, 0xFF, 0xE4, 0x06, 0x63, 0x08, 0x1C, 0x00, 0x33,
    0x00, 0x00, 0x45, 0x22, 0x24, 0x26, 0x27, 0x21, 0x1E, 0x02, 0x33, 0x32, 0x36, 0x36, 0x35, 0x34,
    0x26, 0x26, 0x23, 0x23, 0x35, 0x33, 0x32, 0x36, 0x36, 0x35, 0x34, 0x26, 0x26, 0x23, 0x22, 0x06,
    0x06, 0x07, 0x21, 0x36, 0x36, 0x24, 0x33, 0x32, 0x04, 0x16, 0x07, 0x16, 0x06, 0x07, 0x15, 0x16,
    0x12, 0x07, 0x16, 0x02, 0x04, 0x03, 0x8E, 0xCE, 0xFE, 0xBD, 0xBB, 0x07, 0x01, 0x3A, 0x06, 0x6F,
    0xB4, 0x6E, 0x79, 0xBB, 0x6A, 0x69, 0xC9, 0x8E, 0xAD, 0xAD, 0x72, 0xAD, 0x62, 0x55, 0x9B, 0x69,
    0x64, 0xAD, 0x6C, 0x04, 0xFE, 0xD5, 0x05, 0xBB, 0x01, 0x34, 0xBC, 0xC5, 0x01, 0x1F, 0x9D, 0x01,
    0x01, 0xC1, 0xA0, 0xCC, 0xE1, 0x01, 0x01, 0xBD, 0xFE, 0xBA, 0x1C, 0x8E, 0xFD, 0xA7, 0x5B, 0x85,
    0x48, 0x54, 0x97, 0x63, 0x67, 0x9D, 0x5A, 0xFC, 0x52, 0x93, 0x63, 0x5F, 0x8D, 0x50, 0x49, 0x87,
    0x5E, 0xA6, 0xFC, 0x8E, 0x99, 0xFE, 0x97, 0xAC, 0xF0, 0x29, 0x10, 0x1F, 0xFE, 0xFA, 0xC2, 0xA9,
    0xFE, 0xF4, 0x99, 0x00, 0x00, 0x02, 0x00, 0x9A, 0x00, 0x00, 0x06, 0x9B, 0x08, 0x00, 0x00, 0x09,
    0x00, 0x0F, 0x00, 0x00, 0x53, 0x35, 0x01, 0x33, 0x11, 0x23, 0x01, 0x15, 0x21, 0x11, 0x01, 0x11,
    0x37, 0x11, 0x21, 0x11, 0x9A, 0x03, 0x75, 0xC5, 0x7D, 0xFD, 0x87, 0x04, 0xBD, 0xFD, 0xCA, 0x02,
    0x01, 0x25, 0x01, 0x90, 0xFA, 0x05, 0x76, 0xFE, 0x90, 0xFC, 0x16, 0x10, 0xFE, 0xFA, 0xFE, 0x70,
    0x01, 0xDC, 0x72, 0x05, 0xB2, 0xF8, 0x00, 0x00, 0x00, 0x01, 0x00, 0xCA, 0xFF, 0xE4, 0x06, 0x2B,
    0x08, 0x00, 0x00, 0x24, 0x00, 0x00, 0x45, 0x22, 0x24, 0x26, 0x27, 0x21, 0x16, 0x16, 0x33, 0x32,
    0x36, 0x36, 0x35, 0x34, 0x26, 0x26, 0x27, 0x22, 0x06, 0x07, 0x25, 0x13, 0x21, 0x11, 0x21, 0x03,
    0x33, 0x36, 0x36, 0x33, 0x32, 0x04, 0x12, 0x07, 0x16, 0x02, 0x04, 0x03, 0x69, 0xBC, 0xFE, 0xD5,
    0xB2, 0x06, 0x01, 0x2C, 0x0B, 0xD4, 0x94, 0x76, 0xB7, 0x69, 0x6C, 0xBD, 0x7A, 0x5D, 0xBC, 0x3A,
    0xFE, 0xE5, 0x73, 0x04, 0x66, 0xFC, 0x9B, 0x41, 0x0C, 0x3C, 0xC7, 0x72, 0xBB, 0x01, 0x25, 0xA9,
    0x01, 0x01, 0xB5, 0xFE, 0xC1, 0x1C, 0x91, 0xFE, 0xA3, 0x84, 0xAA, 0x6D, 0xC0, 0x7B, 0x7D, 0xC4,
    0x70, 0x01, 0x40, 0x34, 0x2A, 0x04, 0x08, 0xFE, 0xF7, 0xFD, 0xC3, 0x3A, 0x4E, 0xB2, 0xFE, 0xCD,
    0xC7, 0xC7, 0xFE, 0xC8, 0xB3, 0x00, 0x00, 0x02, 0x00, 0xA5, 0xFF, 0xE2, 0x06, 0x57, 0x08, 0x1C,
    0x00, 0x21, 0x00, 0x32, 0x00, 0x00, 0x45, 0x26, 0x24, 0x26, 0x02, 0x11, 0x10, 0x12, 0x12, 0x24,
    0x33, 0x32, 0x04, 0x16, 0x17, 0x21, 0x26, 0x26, 0x23, 0x22, 0x02, 0x03, 0x33, 0x3E, 0x02, 0x33,
    0x32, 0x04, 0x12, 0x15, 0x14, 0x02, 0x04, 0x03, 0x32, 0x36, 0x36, 0x35, 0x34, 0x26, 0x26, 0x23,
    0x22, 0x0E, 0x02, 0x15, 0x14, 0x16, 0x16, 0x03, 0x90, 0x89, 0xFE, 0xF7, 0xD8, 0x81, 0x6B, 0xCA,
    0x01, 0x1E, 0xB2, 0xB7, 0x01, 0x1C, 0xB1, 0x18, 0xFE, 0xCF, 0x1F, 0xB8, 0x94, 0xE1, 0xFB, 0x01,
    0x0F, 0x35, 0x9B, 0xC1, 0x6B, 0xB2, 0x01, 0x21, 0xAC, 0xB1, 0xFE, 0xC0, 0xD7, 0x76, 0xBA, 0x6C,
    0x69, 0xB7, 0x75, 0x59, 0x97, 0x72, 0x41, 0x6B, 0xBB, 0x1C, 0x02, 0x60, 0xE0, 0x01, 0x7A, 0x01,
    0x1B, 0x01, 0x0C, 0x01, 0xA0, 0x01, 0x1F, 0x96, 0x90, 0xFE, 0xA2, 0x80, 0xA2, 0xFE, 0x78, 0xFE,
    0xA3, 0x57, 0x7B, 0x43, 0xAD, 0xFE, 0xD0, 0xC4, 0xC4, 0xFE, 0xC2, 0xB9, 0x01, 0x06, 0x74, 0xC4,
    0x79, 0x76, 0xC2, 0x72, 0x44, 0x78, 0x9B, 0x56, 0x73, 0xC4, 0x77, 0x00, 0x00, 0x01, 0x00, 0x7E,
    0x00, 0x00, 0x05, 0xC8, 0x08, 0x00, 0x00, 0x07, 0x00, 0x00, 0x61, 0x01, 0x35, 0x21, 0x11, 0x21,
    0x11, 0x01, 0x01, 0x0A, 0x03, 0x7E, 0xFB, 0xF6, 0x05, 0x4A, 0xFC, 0x85, 0x06, 0xE8, 0x0F, 0x01,
    0x09, 0xFE, 0xEE, 0xF9, 0x12, 0x00, 0x00, 0x03, 0x00, 0x9F, 0xFF, 0xE4, 0x06, 0x52, 0x08, 0x1C,
    0x00, 0x1F, 0x00, 0x2F, 0x00, 0x3F, 0x00, 0x00, 0x45, 0x22, 0x24, 0x02, 0x37, 0x26, 0x36, 0x36,
    0x37, 0x35, 0x26, 0x26, 0x37, 0x26, 0x36, 0x24, 0x33, 0x32, 0x04, 0x16, 0x17, 0x06, 0x06, 0x07,
    0x15, 0x1E, 0x02, 0x17, 0x06, 0x02, 0x04, 0x27, 0x32, 0x36, 0x36, 0x37, 0x2E, 0x02, 0x23, 0x22,
    0x06, 0x06, 0x17, 0x06, 0x16, 0x16, 0x13, 0x32, 0x36, 0x36, 0x37, 0x2E, 0x02, 0x23, 0x22, 0x06,
    0x06, 0x17, 0x06, 0x16, 0x16, 0x03, 0x79, 0xD7, 0xFE, 0xB7, 0xBA, 0x01, 0x01, 0x6D, 0xBC, 0x74,
    0x99, 0xB8, 0x01, 0x01, 0xA9, 0x01, 0x28, 0xBD, 0xBB, 0x01, 0x27, 0xAA, 0x01, 0x01, 0xBA, 0x95,
    0x73, 0xB9, 0x6F, 0x01, 0x01, 0xBA, 0xFE, 0xB7, 0xD5, 0x7F, 0xBA, 0x66, 0x01, 0x01, 0x6D, 0xBA,
    0x78, 0x79, 0xBC, 0x6C, 0x01, 0x01, 0x65, 0xBC, 0x80, 0x66, 0x9E, 0x5B, 0x01, 0x01, 0x59, 0x9E,
    0x68, 0x6A, 0x9F, 0x58, 0x01, 0x01, 0x5A, 0x9F, 0x1C, 0x94, 0x01, 0x04, 0xA6, 0x82, 0xDB, 0x93,
    0x14, 0x0C, 0x25, 0xFE, 0xA5, 0x9D, 0xF7, 0x8E, 0x8F, 0xF7, 0x9C, 0xA5, 0xFE, 0x25, 0x0C, 0x14,
    0x93, 0xDB, 0x82, 0xA6, 0xFE, 0xFC, 0x94, 0xFD, 0x55, 0x99, 0x67, 0x6B, 0xA4, 0x5E, 0x5E, 0xA4,
    0x6B, 0x67, 0x99, 0x55, 0x03, 0xB9, 0x52, 0x92, 0x62, 0x60, 0x90, 0x4F, 0x4F, 0x90, 0x60, 0x62,
    0x92, 0x52, 0x00, 0x02, 0x00, 0xA7, 0xFF, 0xE4, 0x06, 0x5A, 0x08, 0x1E, 0x00, 0x21, 0x00, 0x32,
    0x00, 0x00, 0x41, 0x16, 0x04, 0x16, 0x12, 0x13, 0x10, 0x02, 0x02, 0x04, 0x23, 0x22, 0x24, 0x26,
    0x27, 0x21, 0x16, 0x16, 0x33, 0x32, 0x12, 0x13, 0x23, 0x0E, 0x02, 0x23, 0x22, 0x24, 0x02, 0x35,
    0x34, 0x12, 0x24, 0x13, 0x22, 0x06, 0x06, 0x15, 0x14, 0x16, 0x16, 0x33, 0x32, 0x3E, 0x02, 0x35,
    0x34, 0x26, 0x26, 0x03, 0x6E, 0x89, 0x01, 0x0A, 0xD7, 0x81, 0x01, 0x6C, 0xC9, 0xFE, 0xE2, 0xB3,
    0xB7, 0xFE, 0xE4, 0xB2, 0x16, 0x01, 0x31, 0x1E, 0xB9, 0x93, 0xE1, 0xFC, 0x01, 0x10, 0x34, 0x9B,
    0xC0, 0x6D, 0xB1, 0xFE, 0xDE, 0xAC, 0xB1, 0x01, 0x3F, 0xD8, 0x75, 0xBB, 0x6C, 0x69, 0xB7, 0x76,
    0x58, 0x98, 0x72, 0x40, 0x6B, 0xBA, 0x08, 0x1C, 0x01, 0x62, 0xDE, 0xFE, 0x87, 0xFE, 0xE8, 0xFE,
    0xF3, 0xFE, 0x5D, 0xFE, 0xE0, 0x96, 0x90, 0xFF, 0xA6, 0x84, 0xA3, 0x01, 0x89, 0x01, 0x61, 0x56,
    0x7C, 0x44, 0xAE, 0x01, 0x30, 0xC3, 0xC2, 0x01, 0x3C, 0xB9, 0xFE, 0xFA, 0x73, 0xC3, 0x77, 0x77,
    0xC1, 0x71, 0x44, 0x79, 0x9A, 0x55, 0x71, 0xC2, 0x77, 0x00, 0x00, 0x01, 0x00, 0x86, 0xFF, 0xE3,
    0x07, 0x09, 0x08, 0x16, 0x00, 0x40, 0x00, 0x00, 0x45, 0x22, 0x24, 0x02, 0x35, 0x34, 0x36, 0x36,
    0x37, 0x25, 0x36, 0x36, 0x35, 0x34, 0x26, 0x23, 0x22, 0x06, 0x06, 0x15, 0x14, 0x16, 0x16, 0x17,
    0x01, 0x21, 0x01, 0x2E, 0x02, 0x35, 0x34, 0x36, 0x36, 0x33, 0x32, 0x16, 0x16, 0x15, 0x14, 0x06,
    0x07, 0x01, 0x06, 0x06, 0x15, 0x14, 0x16, 0x16, 0x33, 0x32, 0x36, 0x36, 0x12, 0x35, 0x21, 0x14,
    0x02, 0x06, 0x07, 0x06, 0x06, 0x07, 0x06, 0x04, 0x03, 0x1D, 0xCE, 0xFE, 0xD7, 0xA0, 0x68, 0xBA,
    0x7A, 0x01, 0x4A, 0x54, 0x5E, 0x7C, 0x68, 0x48, 0x6D, 0x3D, 0x4D, 0x7A, 0x43, 0x03, 0xB7, 0xFE,
    0xAE, 0xFC, 0xED, 0x63, 0xAA, 0x69, 0x81, 0xE8, 0x9C, 0x9E, 0xE3, 0x7B, 0x91, 0x7F, 0xFE, 0x65,
    0x78, 0x5D, 0x5B, 0xA5, 0x6F, 0x72, 0xD9, 0xB1, 0x68, 0x01, 0x0E, 0x5A, 0x7F, 0x38, 0x12, 0x20,
    0x12, 0x68, 0xFE, 0xD9, 0x1D, 0x96, 0x01, 0x03, 0xA4, 0x7D, 0xC3, 0xA6, 0x54, 0xE9, 0x37, 0x7B,
    0x5B, 0x48, 0x84, 0x46, 0x6D, 0x3C, 0x46, 0x8E, 0x97, 0x51, 0xFB, 0x8F, 0x03, 0x9D, 0x75, 0xCF,
    0xD5, 0x7C, 0x8D, 0xDB, 0x7C, 0x7B, 0xCB, 0x78, 0x92, 0xDF, 0x5D, 0xFE, 0xD1, 0x58, 0xAB, 0x30,
    0x58, 0x96, 0x5A, 0x63, 0xBA, 0x01, 0x04, 0xA1, 0xC6, 0xFE, 0xEF, 0xAB, 0x30, 0x10, 0x20, 0x10,
    0x69, 0x64, 0x00, 0x02, 0x00, 0xD5, 0xFF, 0xED, 0x02, 0x66, 0x08, 0x00, 0x00, 0x03, 0x00, 0x10,
    0x00, 0x00, 0x41, 0x03, 0x21, 0x03, 0x13, 0x22, 0x26, 0x37, 0x26, 0x36, 0x33, 0x32, 0x16, 0x17,
    0x0E, 0x02, 0x02, 0x42, 0x1A, 0xFE, 0xEB, 0x1A, 0xA5, 0x53, 0x76, 0x01, 0x01, 0x76, 0x53, 0x51,
    0x76, 0x01, 0x01, 0x37, 0x5A, 0x08, 0x00, 0xFA, 0x4D, 0x05, 0xB3, 0xF7, 0xED, 0x75, 0x53, 0x52,
    0x75, 0x75, 0x52, 0x37, 0x5B, 0x36, 0x00, 0x02, 0x00, 0xD5, 0xFD, 0xF9, 0x02, 0x66, 0x06, 0x0C,
    0x00, 0x03, 0x00, 0x10, 0x00, 0x00, 0x41, 0x21, 0x13, 0x21, 0x03, 0x32, 0x16, 0x17, 0x06, 0x06,
    0x23, 0x22, 0x26, 0x37, 0x26, 0x36, 0x36, 0x02, 0x42, 0xFE, 0xB7, 0x1A, 0x01, 0x15, 0x8A, 0x51,
    0x76, 0x01, 0x01, 0x76, 0x51, 0x53, 0x76, 0x01, 0x01, 0x37, 0x5B, 0xFD, 0xF9, 0x05, 0xB3, 0x02,
    0x60, 0x75, 0x53, 0x52, 0x75, 0x75, 0x52, 0x38, 0x5A, 0x36, 0x00, 0x02, 0x00, 0x6E, 0xFF, 0xED,
    0x05, 0x3F, 0x08, 0x1C, 0x00, 0x23, 0x00, 0x30, 0x00, 0x00, 0x41, 0x35, 0x3E, 0x02, 0x37, 0x3E,
    0x02, 0x35, 0x34, 0x26, 0x26, 0x23, 0x22, 0x06, 0x06, 0x07, 0x21, 0x36, 0x36, 0x24, 0x33, 0x32,
    0x04, 0x16, 0x15, 0x14, 0x06, 0x06, 0x07, 0x0E, 0x02, 0x07, 0x15, 0x03, 0x22, 0x26, 0x35, 0x34,
    0x36, 0x33, 0x32, 0x16, 0x15, 0x14, 0x06, 0x06, 0x02, 0x10, 0x02, 0x47, 0x84, 0x5D, 0x3C, 0x60,
    0x38, 0x54, 0x8B, 0x55, 0x4D, 0x8C, 0x5C, 0x07, 0xFE, 0xD0, 0x07, 0xA8, 0x01, 0x15, 0xA8, 0xB8,
    0x01, 0x14, 0x99, 0x46, 0x81, 0x5A, 0x55, 0x69, 0x30, 0x02, 0x87, 0x52, 0x76, 0x76, 0x52, 0x51,
    0x77, 0x37, 0x5A, 0x02, 0x4D, 0x13, 0xBA, 0xDC, 0x88, 0x38, 0x26, 0x5E, 0x7A, 0x4A, 0x59, 0x82,
    0x47, 0x40, 0x87, 0x6A, 0xB4, 0xF9, 0x80, 0x89, 0xF5, 0xA3, 0x70, 0xB3, 0x8C, 0x36, 0x35, 0x72,
    0x9C, 0x73, 0x13, 0xFD, 0xA0, 0x75, 0x53, 0x52, 0x75, 0x75, 0x52, 0x37, 0x5B, 0x36, 0x00, 0x02,
    0x00, 0x89, 0xFD, 0xDA, 0x05, 0x5A, 0x06, 0x0A, 0x00, 0x23, 0x00, 0x30, 0x00, 0x00, 0x41, 0x15,
    0x0E, 0x02, 0x07, 0x0E, 0x02, 0x15, 0x14, 0x16, 0x16, 0x33, 0x32, 0x36, 0x36, 0x37, 0x21, 0x06,
    0x06, 0x04, 0x23, 0x22, 0x24, 0x26, 0x35, 0x34, 0x36, 0x36, 0x37, 0x3E, 0x02, 0x37, 0x35, 0x13,
    0x32, 0x16, 0x15, 0x14, 0x06, 0x23, 0x22, 0x26, 0x35, 0x34, 0x36, 0x36, 0x03, 0xB8, 0x01, 0x48,
    0x84, 0x5D, 0x3B, 0x61, 0x38, 0x54, 0x8B, 0x55, 0x4D, 0x8C, 0x5D, 0x06, 0x01, 0x30, 0x06, 0xA9,
    0xFE, 0xEB, 0xA8, 0xB8, 0xFE, 0xEC, 0x99, 0x46, 0x82, 0x59, 0x55, 0x69, 0x30, 0x02, 0x87, 0x52,
    0x76, 0x76, 0x52, 0x51, 0x77, 0x37, 0x5B, 0x03, 0xAA, 0x14, 0xB8, 0xDD, 0x87, 0x3A, 0x24, 0x60,
    0x79, 0x4B, 0x58, 0x83, 0x47, 0x41, 0x86, 0x6A, 0xB4, 0xF8, 0x81, 0x89, 0xF6, 0xA2, 0x71, 0xB3,
    0x8C, 0x36, 0x34, 0x73, 0x9B, 0x73, 0x14, 0x02, 0x60, 0x76, 0x52, 0x52, 0x76, 0x76, 0x52, 0x37,
    0x5A, 0x37, 0x00, 0x01, 0x01, 0x20, 0xFE, 0x56, 0x03, 0xB6, 0x08, 0x4D, 0x00, 0x10, 0x00, 0x00,
    0x41, 0x10, 0x12, 0x13, 0x21, 0x06, 0x0A, 0x02, 0x15, 0x14, 0x12, 0x12, 0x17, 0x21, 0x02, 0x02,
    0x01, 0x20, 0xC6, 0xBE, 0x01, 0x12, 0x4A, 0x80, 0x60, 0x36, 0x5E, 0xA0, 0x62, 0xFE, 0xEE, 0xBE,
    0xC6, 0x03, 0x52, 0x01, 0x78, 0x02, 0x78, 0x01, 0x0B, 0x63, 0xFE, 0xE0, 0xFE, 0xA9, 0xFE, 0x91,
    0xB2, 0xEE, 0xFE, 0x18, 0xFE, 0x5E, 0x84, 0x01, 0x0B, 0x02, 0x78, 0x00, 0x00, 0x01, 0x00, 0x72,
    0xFE, 0x56, 0x03, 0x08, 0x08, 0x4D, 0x00, 0x10, 0x00, 0x00, 0x41, 0x10, 0x02, 0x03, 0x21, 0x36,
    0x1A, 0x02, 0x35, 0x34, 0x02, 0x02, 0x27, 0x21, 0x12, 0x12, 0x03, 0x08, 0xC6, 0xBE, 0xFE, 0xEE,
    0x4A, 0x80, 0x60, 0x36, 0x5E, 0xA0, 0x62, 0x01, 0x12, 0xBE, 0xC6, 0x03, 0x52, 0xFE, 0x87, 0xFD,
    0x88, 0xFE, 0xF5, 0x63, 0x01, 0x20, 0x01, 0x57, 0x01, 0x70, 0xB2, 0xED, 0x01, 0xE8, 0x01, 0xA2,
    0x84, 0xFE, 0xF5, 0xFD, 0x88, 0x00, 0x00, 0x01, 0x01, 0x41, 0xFE, 0x56, 0x03, 0xD2, 0x08, 0x4D,
    0x00, 0x07, 0x00, 0x00, 0x41, 0x11, 0x21, 0x15, 0x21, 0x11, 0x21, 0x15, 0x01, 0x41, 0x02, 0x91,
    0xFE, 0x8D, 0x01, 0x73, 0xFE, 0x56, 0x09, 0xF7, 0xED, 0xF7, 0xE3, 0xED, 0x00, 0x01, 0x00, 0x56,
    0xFE, 0x56, 0x02, 0xE7, 0x08, 0x4D, 0x00, 0x07, 0x00, 0x00, 0x41, 0x11, 0x21, 0x35, 0x21, 0x11,
    0x21, 0x35, 0x02, 0xE7, 0xFD, 0x6F, 0x01, 0x73, 0xFE, 0x8D, 0x08, 0x4D, 0xF6, 0x09, 0xED, 0x08,
    0x1D, 0xED, 0x00, 0x03, 0x00, 0x62, 0xFE, 0x56, 0x03, 0xD2, 0x08, 0x4D, 0x00, 0x14, 0x00, 0x29,
    0x00, 0x2D, 0x00, 0x00, 0x53, 0x35, 0x32, 0x36, 0x35, 0x11, 0x34, 0x3E, 0x02, 0x33, 0x15, 0x22,
    0x06, 0x06, 0x15, 0x11, 0x14, 0x0E, 0x02, 0x01, 0x22, 0x2E, 0x02, 0x35, 0x11, 0x34, 0x26, 0x23,
    0x35, 0x32, 0x1E, 0x02, 0x15, 0x11, 0x14, 0x16, 0x16, 0x33, 0x01, 0x11, 0x21, 0x11, 0x62, 0xA9,
    0x86, 0x45, 0x8E, 0xDA, 0x94, 0x74, 0x82, 0x33, 0x2E, 0x7C, 0xE6, 0x02, 0xB9, 0x94, 0xDA, 0x8E,
    0x45, 0x86, 0xA9, 0xB7, 0xE6, 0x7C, 0x2E, 0x33, 0x82, 0x74, 0xFC, 0x90, 0x01, 0x15, 0x03, 0x4C,
    0x96, 0x8B, 0xA1, 0x01, 0x1F, 0x99, 0xD1, 0x7E, 0x38, 0xED, 0x44, 0x8F, 0x6F, 0xFE, 0x94, 0x4D,
    0x83, 0x60, 0x36, 0xFB, 0x0A, 0x38, 0x7E, 0xD1, 0x99, 0x01, 0x20, 0xA0, 0x8C, 0x95, 0x35, 0x61,
    0x83, 0x4D, 0xFE, 0x94, 0x6E, 0x8F, 0x45, 0x03, 0x7F, 0x01, 0x20, 0xFE, 0xE0, 0x00, 0x00, 0x03,
    0x00, 0x56, 0xFE, 0x56, 0x03, 0xC6, 0x08, 0x4D, 0x00, 0x14, 0x00, 0x29, 0x00, 0x2D, 0x00, 0x00,
    0x41, 0x15, 0x22, 0x06, 0x15, 0x11, 0x14, 0x0E, 0x02, 0x23, 0x35, 0x32, 0x36, 0x36, 0x35, 0x11,
    0x34, 0x3E, 0x02, 0x01, 0x32, 0x1E, 0x02, 0x15, 0x11, 0x14, 0x16, 0x33, 0x15, 0x22, 0x2E, 0x02,
    0x35, 0x11, 0x34, 0x26, 0x26, 0x23, 0x01, 0x11, 0x21, 0x11, 0x03, 0xC6, 0xA9, 0x86, 0x45, 0x8E,
    0xDA, 0x94, 0x74, 0x82, 0x33, 0x2E, 0x7C, 0xE6, 0xFD, 0x47, 0x94, 0xDA, 0x8E, 0x45, 0x86, 0xA9,
    0xB7, 0xE6, 0x7C, 0x2E, 0x33, 0x82, 0x74, 0x03, 0x70, 0xFE, 0xEB, 0x03, 0x57, 0x95, 0x8C, 0xA0,
    0xFE, 0xE0, 0x99, 0xD1, 0x7E, 0x38, 0xED, 0x45, 0x8F, 0x6E, 0x01, 0x6C, 0x4D, 0x83, 0x61, 0x35,
    0x04, 0xF6, 0x38, 0x7E, 0xD1, 0x99, 0xFE, 0xE1, 0xA1, 0x8B, 0x96, 0x36, 0x60, 0x83, 0x4D, 0x01,
    0x6C, 0x6F, 0x8F, 0x44, 0xFC, 0x82, 0xFE, 0xE0, 0x01, 0x20, 0x00, 0x02, 0x00, 0x93, 0xFD, 0xD3,
    0x0A, 0x24, 0x07, 0xCA, 0x00, 0x4E, 0x00, 0x5E, 0x00, 0x00, 0x41, 0x20, 0x24, 0x00, 0x02, 0x11,
    0x10, 0x12, 0x00, 0x24, 0x21, 0x20, 0x04, 0x00, 0x12, 0x15, 0x14, 0x02, 0x06, 0x06, 0x07, 0x06,
    0x26, 0x26, 0x27, 0x23, 0x0E, 0x02, 0x27, 0x2E, 0x03, 0x35, 0x34, 0x3E, 0x02, 0x37, 0x36, 0x16,
    0x16, 0x17, 0x33, 0x35, 0x33, 0x11, 0x14, 0x16, 0x33, 0x32, 0x36, 0x12, 0x35, 0x34, 0x02, 0x26,
    0x26, 0x24, 0x23, 0x22, 0x04, 0x02, 0x02, 0x15, 0x14, 0x12, 0x00, 0x04, 0x33, 0x32, 0x36, 0x36,
    0x37, 0x17, 0x0E, 0x02, 0x03, 0x32, 0x36, 0x36, 0x35, 0x2E, 0x02, 0x23, 0x22, 0x06, 0x06, 0x07,
    0x1E, 0x02, 0x05, 0x9A, 0xFE, 0xCA, 0xFE, 0x21, 0xFE, 0xB8, 0xAA, 0xAC, 0x01, 0x49, 0x01, 0xD8,
    0x01, 0x2C, 0x01, 0x1F, 0x01, 0xB6, 0x01, 0x2B, 0x98, 0x28, 0x6B, 0xC9, 0xA0, 0x55, 0xA0, 0x70,
    0x0C, 0x0C, 0x18, 0x70, 0xAD, 0x72, 0x7E, 0xCA, 0x8F, 0x4C, 0x56, 0x95, 0xC2, 0x6C, 0x69, 0xB0,
    0x75, 0x0F, 0x0D, 0xF6, 0x53, 0x4D, 0x5B, 0x67, 0x2B, 0x51, 0x9D, 0xE4, 0xFE, 0xDD, 0xB0, 0xEF,
    0xFE, 0x8C, 0xFF, 0x83, 0x86, 0x01, 0x06, 0x01, 0x82, 0xFC, 0x70, 0xD8, 0xA9, 0x2A, 0x46, 0x3E,
    0xCD, 0xEF, 0xD0, 0x82, 0x9F, 0x47, 0x01, 0x4B, 0x9D, 0x7B, 0x71, 0x9F, 0x53, 0x01, 0x01, 0x43,
    0x99, 0xFD, 0xD3, 0xA9, 0x01, 0x47, 0x01, 0xDA, 0x01, 0x30, 0x01, 0x28, 0x01, 0xD8, 0x01, 0x4D,
    0xB0, 0xB4, 0xFE, 0xC6, 0xFE, 0x6A, 0xE2, 0x9E, 0xFE, 0xD3, 0xF3, 0x91, 0x03, 0x03, 0x2E, 0x67,
    0x50, 0x3B, 0x65, 0x3B, 0x05, 0x05, 0x68, 0xB8, 0xFC, 0x9A, 0x94, 0xEB, 0xAB, 0x64, 0x0D, 0x0C,
    0x24, 0x4A, 0x2C, 0x70, 0xFC, 0x60, 0x4F, 0x6E, 0x86, 0x01, 0x16, 0xD9, 0x98, 0x01, 0x0D, 0xDB,
    0x9E, 0x56, 0x93, 0xFE, 0xEC, 0xFE, 0x7F, 0xEF, 0xF9, 0xFE, 0x7F, 0xFE, 0xF8, 0x89, 0x27, 0x31,
    0x0F, 0xDB, 0x1D, 0x38, 0x24, 0x03, 0x40, 0x68, 0xCF, 0x9C, 0x98, 0xB5, 0x4F, 0x6E, 0xBC, 0x73,
    0x79, 0xD5, 0x84, 0x00, 0x00, 0x04, 0x00, 0x2A, 0x00, 0x00, 0x06, 0xD8, 0x08, 0x00, 0x00, 0x03,
    0x00, 0x07, 0x00, 0x0B, 0x00, 0x0F, 0x00, 0x00, 0x61, 0x01, 0x33, 0x01, 0x01, 0x37, 0x21, 0x07,
    0x01, 0x01, 0x33, 0x01, 0x01, 0x37, 0x21, 0x07, 0x03, 0xC9, 0x01, 0x50, 0xF0, 0xFE, 0xB0, 0xFB,
    0x71, 0x27, 0x06, 0x10, 0x27, 0xFA, 0xBF, 0x01, 0x50, 0xF0, 0xFE, 0xB0, 0xFE, 0xB8, 0x27, 0x06,
    0x10, 0x27, 0x08, 0x00, 0xF8, 0x00, 0x02, 0x24, 0xF0, 0xF0, 0xFD, 0xDC, 0x08, 0x00, 0xF8, 0x00,
    0x04, 0xEC, 0xF0, 0xF0, 0x00, 0x06, 0x00, 0xAC, 0xFF, 0xE4, 0x07, 0x72, 0x06, 0xC1, 0x00, 0x13,
    0x00, 0x24, 0x00, 0x28, 0x00, 0x2C, 0x00, 0x30, 0x00, 0x34, 0x00, 0x00, 0x45, 0x22, 0x24, 0x26,
    0x02, 0x35, 0x34, 0x12, 0x36, 0x24, 0x33, 0x32, 0x04, 0x16, 0x12, 0x15, 0x14, 0x02, 0x06, 0x04,
    0x27, 0x32, 0x3E, 0x02, 0x35, 0x34, 0x02, 0x24, 0x23, 0x22, 0x04, 0x02, 0x15, 0x14, 0x12, 0x04,
    0x01, 0x27, 0x01, 0x17, 0x03, 0x01, 0x37, 0x01, 0x05, 0x27, 0x01, 0x17, 0x03, 0x01, 0x37, 0x01,
    0x04, 0x0A, 0xAB, 0xFE, 0xD5, 0xE4, 0x7F, 0x7F, 0xE4, 0x01, 0x2B, 0xAB, 0xAB, 0x01, 0x2B, 0xE3,
    0x82, 0x82, 0xE3, 0xFE, 0xD5, 0xAB, 0x7A, 0xD6, 0xA1, 0x5C, 0x9F, 0xFE, 0xF5, 0xA3, 0xA5, 0xFE,
    0xF3, 0x9F, 0x9F, 0x01, 0x0D, 0x02, 0xF2, 0xAA, 0x01, 0x16, 0xAF, 0xAF, 0xFE, 0xEA, 0xAA, 0x01,
    0x1B, 0xF9, 0xE4, 0xAA, 0x01, 0x16, 0xAF, 0xAF, 0xFE, 0xEA, 0xAA, 0x01, 0x1B, 0x1C, 0x83, 0xEC,
    0x01, 0x3A, 0xB7, 0xB7, 0x01, 0x39, 0xEA, 0x82, 0x82, 0xEA, 0xFE, 0xC7, 0xB7, 0xB7, 0xFE, 0xC6,
    0xEC, 0x83, 0xEA, 0x62, 0xAD, 0xE5, 0x82, 0xB0, 0x01, 0x1D, 0xA9, 0xA9, 0xFE, 0xE3, 0xB0, 0xAE,
    0xFE, 0xE2, 0xAA, 0x04, 0x25, 0xB2, 0x01, 0x1C, 0xB2, 0xF9, 0xD8, 0x01, 0x1C, 0xAE, 0xFE, 0xE8,
    0xB2, 0xB2, 0x01, 0x18, 0xAE, 0x03, 0xF0, 0x01, 0x1C, 0xB2, 0xFE, 0xE4, 0x00, 0x01, 0x00, 0x36,
    0xFE, 0xCC, 0x03, 0xD5, 0x08, 0x60, 0x00, 0x03, 0x00, 0x00, 0x41, 0x01, 0x21, 0x01, 0x03, 0xD5,
    0xFD, 0x6C, 0xFE, 0xF5, 0x02, 0x94, 0x08, 0x60, 0xF6, 0x6C, 0x09, 0x94, 0x00, 0x01, 0x01, 0x5C,
    0xFD, 0x6C, 0x02, 0x68, 0x0A, 0x94, 0x00, 0x03, 0x00, 0x00, 0x41, 0x11, 0x21, 0x11, 0x02, 0x68,
    0xFE, 0xF4, 0x0A, 0x94, 0xF2, 0xD8, 0x0D, 0x28, 0x00, 0x02, 0x01, 0x12, 0xFE, 0x80, 0x02, 0x24,
    0x08, 0x00, 0x00, 0x03, 0x00, 0x07, 0x00, 0x00, 0x41, 0x21, 0x11, 0x21, 0x01, 0x11, 0x21, 0x11,
    0x01, 0x12, 0x01, 0x12, 0xFE, 0xEE, 0x01, 0x12, 0xFE, 0xEE, 0x02, 0x2E, 0xFC, 0x52, 0x09, 0x80,
    0xFC, 0x56, 0x03, 0xAA, 0x00, 0x01, 0x00, 0x36, 0xFE, 0xCC, 0x03, 0xD5, 0x08, 0x60, 0x00, 0x03,
    0x00, 0x00, 0x41, 0x01, 0x21, 0x01, 0x02, 0xCA, 0xFD, 0x6C, 0x01, 0x0B, 0x02, 0x94, 0xFE, 0xCC,
    0x09, 0x94, 0xF6, 0x6C, 0x00, 0x01, 0x00, 0xC6, 0x02, 0xE0, 0x04, 0x52, 0x03, 0xE3, 0x00, 0x03,
    0x00, 0x00, 0x41, 0x11, 0x21, 0x11, 0x04, 0x52, 0xFC, 0x74, 0x03, 0xE3, 0xFE, 0xFD, 0x01, 0x03,
    0xFF, 0xFF, 0x00, 0xC6, 0x02, 0xE0, 0x04, 0x52, 0x03, 0xE3, 0x06, 0x06, 0x01, 0x10, 0x00, 0x00,
    0x00, 0x01, 0x00, 0xB4, 0x05, 0x27, 0x01, 0xAC, 0x08, 0x00, 0x00, 0x03, 0x00, 0x00, 0x41, 0x11,
    0x23, 0x11, 0x01, 0xAC, 0xF8, 0x08, 0x00, 0xFD, 0x27, 0x02, 0xD9, 0x00, 0xFF, 0xFF, 0x00, 0xB4,
    0x05, 0x27, 0x03, 0xAE, 0x08, 0x00, 0x04, 0x26, 0x01, 0x12, 0x00, 0x00, 0x00, 0x07, 0x01, 0x12,
    0x02, 0x02, 0x00, 0x00, 0x00, 0x01, 0x00, 0xB2, 0xFE, 0x0C, 0x02, 0x4E, 0x01, 0x18, 0x00, 0x0B,
    0x00, 0x00, 0x41, 0x07, 0x06, 0x02, 0x06, 0x07, 0x23, 0x36, 0x36, 0x12, 0x37, 0x37, 0x02, 0x4E,
    0x0F, 0x0F, 0x47, 0x4B, 0x18, 0xD4, 0x0D, 0x2E, 0x2C, 0x0B, 0x0A, 0x01, 0x18, 0x6D, 0x78, 0xFE,
    0xFB, 0xE0, 0x42, 0x3E, 0xD3, 0x01, 0x04, 0x87, 0x70, 0x00, 0x00, 0x01, 0x00, 0xC6, 0xFF, 0xED,
    0x02, 0x56, 0x01, 0x7C, 0x00, 0x0C, 0x00, 0x00, 0x45, 0x22, 0x26, 0x35, 0x34, 0x36, 0x33, 0x32,
    0x16, 0x15, 0x14, 0x06, 0x06, 0x01, 0x8E, 0x52, 0x76, 0x76, 0x52, 0x52, 0x76, 0x37, 0x5A, 0x13,
    0x75, 0x53, 0x52, 0x75, 0x75, 0x52, 0x37, 0x5B, 0x36, 0x00, 0x00, 0x02, 0x00, 0xC6, 0xFF, 0xED,
    0x02, 0x56, 0x05, 0xDA, 0x00, 0x0C, 0x00, 0x19, 0x00, 0x00, 0x45, 0x22, 0x26, 0x35, 0x34, 0x36,
    0x33, 0x32, 0x16, 0x15, 0x14, 0x06, 0x06, 0x03, 0x22, 0x26, 0x35, 0x34, 0x36, 0x33, 0x32, 0x16,
    0x15, 0x14, 0x06, 0x06, 0x01, 0x8E, 0x52, 0x76, 0x76, 0x52, 0x52, 0x76, 0x37, 0x5A, 0x37, 0x52,
    0x76, 0x76, 0x52, 0x52, 0x76, 0x37, 0x5A, 0x13, 0x75, 0x53, 0x52, 0x75, 0x75, 0x52, 0x37, 0x5B,
    0x36, 0x04, 0x5E, 0x76, 0x52, 0x52, 0x75, 0x75, 0x52, 0x37, 0x5B, 0x36, 0x00, 0x02, 0x00, 0xB2,
    0xFE, 0x0C, 0x02, 0x7A, 0x05, 0xDA, 0x00, 0x0B, 0x00, 0x18, 0x00, 0x00, 0x41, 0x07, 0x06, 0x02,
    0x06, 0x07, 0x23, 0x36, 0x36, 0x12, 0x37, 0x37, 0x13, 0x22, 0x26, 0x35, 0x34, 0x36, 0x33, 0x32,
    0x16, 0x15, 0x14, 0x06, 0x06, 0x02, 0x4E, 0x0F, 0x0F, 0x47, 0x4B, 0x18, 0xD4, 0x0D, 0x2E, 0x2C,
    0x0B, 0x0A, 0x84, 0x52, 0x76, 0x76, 0x52, 0x52, 0x76, 0x37, 0x5A, 0x01, 0x18, 0x6D, 0x78, 0xFE,
    0xFB, 0xE0, 0x42, 0x3E, 0xD3, 0x01, 0x04, 0x87, 0x70, 0x03, 0x33, 0x76, 0x52, 0x52, 0x75, 0x75,
    0x52, 0x37, 0x5B, 0x36, 0xFF, 0xFF, 0x00, 0xC6, 0x02, 0xB8, 0x02, 0x56, 0x04, 0x48, 0x06, 0x07,
    0x01, 0x15, 0x00, 0x00, 0x02, 0xCC, 0x00, 0x02, 0x00, 0xB4, 0x00, 0xDC, 0x03, 0x53, 0x05, 0xA8,
    0x00, 0x04, 0x00, 0x09, 0x00, 0x00, 0x65, 0x21, 0x01, 0x35, 0x21, 0x01, 0x01, 0x21, 0x35, 0x01,
    0x03, 0x53, 0xFE, 0xF5, 0xFE, 0x6C, 0x01, 0x1F, 0x01, 0x80, 0xFE, 0x80, 0xFE, 0xE1, 0x01, 0x94,
    0xDC, 0x02, 0x58, 0x14, 0x02, 0x60, 0xFD, 0x94, 0x14, 0x02, 0x58, 0x00, 0x00, 0x02, 0x00, 0xAD,
    0x00, 0xDC, 0x03, 0x4C, 0x05, 0xA8, 0x00, 0x04, 0x00, 0x09, 0x00, 0x00, 0x77, 0x01, 0x21, 0x15,
    0x01, 0x01, 0x21, 0x01, 0x15, 0x21, 0xAD, 0x01, 0x80, 0x01, 0x1F, 0xFE, 0x6C, 0xFE, 0xF5, 0x01,
    0x0B, 0x01, 0x94, 0xFE, 0xE1, 0xDC, 0x02, 0x6C, 0x14, 0xFD, 0xA8, 0x04, 0xCC, 0xFD, 0xA8, 0x14,
    0xFF, 0xFF, 0x00, 0xB4, 0x00, 0xDC, 0x05, 0x84, 0x05, 0xA8, 0x04, 0x26, 0x01, 0x19, 0x00, 0x00,
    0x00, 0x07, 0x01, 0x19, 0x02, 0x31, 0x00, 0x00, 0xFF, 0xFF, 0x00, 0xAD, 0x00, 0xDC, 0x05, 0x80,
    0x05, 0xA8, 0x04, 0x26, 0x01, 0x1A, 0x00, 0x00, 0x00, 0x07, 0x01, 0x1A, 0x02, 0x34, 0x00, 0x00,
    0x00, 0x01, 0x01, 0x12, 0x00, 0x32, 0x06, 0x42, 0x06, 0x1A, 0x00, 0x09, 0x00, 0x00, 0x41, 0x35,
    0x01, 0x11, 0x01, 0x37, 0x15, 0x27, 0x01, 0x11, 0x01, 0x12, 0x05, 0x30, 0xFC, 0x2C, 0x09, 0x09,
    0x03, 0xD4, 0x02, 0xB6, 0xE0, 0x02, 0x84, 0xFE, 0xCF, 0xFE, 0x41, 0x12, 0x2B, 0x11, 0xFE, 0x42,
    0xFE, 0xCE, 0x00, 0x01, 0x01, 0x12, 0x00, 0x32, 0x06, 0x42, 0x06, 0x1A, 0x00, 0x09, 0x00, 0x00,
    0x41, 0x01, 0x11, 0x01, 0x07, 0x35, 0x17, 0x01, 0x11, 0x01, 0x06, 0x42, 0xFA, 0xD0, 0x03, 0xD4,
    0x0A, 0x0A, 0xFC, 0x2C, 0x05, 0x30, 0x02, 0xB6, 0xFD, 0x7C, 0x01, 0x32, 0x01, 0xBE, 0x11, 0x2B,
    0x12, 0x01, 0xBF, 0x01, 0x31, 0xFD, 0x7C, 0x00, 0x00, 0x02, 0x01, 0x29, 0x01, 0x6F, 0x06, 0x2A,
    0x04, 0xDE, 0x00, 0x03, 0x00, 0x07, 0x00, 0x00, 0x41, 0x11, 0x21, 0x11, 0x01, 0x11, 0x21, 0x11,
    0x01, 0x29, 0x05, 0x01, 0xFA, 0xFF, 0x05, 0x01, 0x03, 0xD7, 0x01, 0x07, 0xFE, 0xF9, 0xFD, 0x98,
    0x01, 0x07, 0xFE, 0xF9, 0x00, 0x02, 0x01, 0x06, 0x00, 0x82, 0x06, 0x4E, 0x05, 0xCA, 0x00, 0x03,
    0x00, 0x07, 0x00, 0x00, 0x65, 0x11, 0x21, 0x11, 0x01, 0x11, 0x21, 0x11, 0x03, 0x23, 0x01, 0x0D,
    0xFC, 0xD6, 0x05, 0x48, 0x82, 0x05, 0x48, 0xFA, 0xB8, 0x02, 0x1E, 0x01, 0x0D, 0xFE, 0xF3, 0x00,
    0x00, 0x02, 0x01, 0x0C, 0x00, 0x89, 0x06, 0x47, 0x05, 0xC4, 0x00, 0x03, 0x00, 0x07, 0x00, 0x00,
    0x65, 0x01, 0x37, 0x01, 0x05, 0x27, 0x01, 0x17, 0x05, 0x8A, 0xFB, 0x82, 0xBD, 0x04, 0x7E, 0xFB,
    0x82, 0xBD, 0x04, 0x7E, 0xBD, 0x89, 0x04, 0x7D, 0xBE, 0xFB, 0x82, 0xBD, 0xBD, 0x04, 0x7E, 0xBE,
    0x00, 0x03, 0x01, 0x16, 0x00, 0x4D, 0x06, 0x3E, 0x06, 0x00, 0x00, 0x03, 0x00, 0x0F, 0x00, 0x1C,
    0x00, 0x00, 0x41, 0x11, 0x21, 0x11, 0x01, 0x22, 0x26, 0x35, 0x34, 0x36, 0x33, 0x32, 0x16, 0x15,
    0x14, 0x06, 0x03, 0x22, 0x26, 0x26, 0x35, 0x34, 0x36, 0x33, 0x32, 0x16, 0x15, 0x14, 0x06, 0x06,
    0x3E, 0xFA, 0xD8, 0x02, 0x94, 0x54, 0x75, 0x75, 0x54, 0x50, 0x74, 0x74, 0x50, 0x38, 0x5B, 0x36,
    0x75, 0x54, 0x51, 0x73, 0x73, 0x03, 0xAA, 0xFE, 0xF9, 0x01, 0x07, 0xFC, 0xA3, 0x75, 0x54, 0x50,
    0x74, 0x74, 0x50, 0x54, 0x75, 0x04, 0x25, 0x36, 0x5C, 0x37, 0x51, 0x74, 0x74, 0x51, 0x53, 0x76,
    0x00, 0x03, 0x01, 0x12, 0x00, 0x5A, 0x06, 0x42, 0x06, 0x10, 0x00, 0x03, 0x00, 0x07, 0x00, 0x0B,
    0x00, 0x00, 0x65, 0x11, 0x21, 0x11, 0x01, 0x11, 0x21, 0x11, 0x01, 0x11, 0x21, 0x11, 0x01, 0x12,
    0x05, 0x30, 0xFA, 0xD0, 0x05, 0x30, 0xFC, 0xE1, 0x01, 0x0D, 0x5A, 0x01, 0x06, 0xFE, 0xFA, 0x03,
    0x30, 0x01, 0x03, 0xFE, 0xFD, 0xFE, 0x7C, 0x04, 0x0A, 0xFB, 0xF6, 0x00, 0x00, 0x01, 0x00, 0xDE,
    0x02, 0x19, 0x06, 0x75, 0x04, 0x44, 0x00, 0x1B, 0x00, 0x00, 0x53, 0x26, 0x36, 0x36, 0x33, 0x32,
    0x16, 0x17, 0x16, 0x16, 0x33, 0x32, 0x36, 0x27, 0x33, 0x16, 0x06, 0x06, 0x23, 0x22, 0x26, 0x27,
    0x26, 0x26, 0x23, 0x22, 0x06, 0x17, 0xE2, 0x04, 0x6F, 0xBC, 0x71, 0x64, 0xAA, 0x6D, 0x44, 0x56,
    0x35, 0x51, 0x61, 0x02, 0xFD, 0x04, 0x6F, 0xBD, 0x70, 0x65, 0xAA, 0x6C, 0x46, 0x54, 0x35, 0x4D,
    0x65, 0x02, 0x02, 0x4E, 0xAD, 0xDE, 0x6B, 0x55, 0x60, 0x3B, 0x35, 0x79, 0x77, 0xAE, 0xDE, 0x6A,
    0x57, 0x5E, 0x3D, 0x33, 0x6F, 0x81, 0x00, 0x02, 0x00, 0xCA, 0x02, 0x04, 0x05, 0x51, 0x04, 0x54,
    0x00, 0x03, 0x00, 0x07, 0x00, 0x00, 0x41, 0x15, 0x21, 0x35, 0x05, 0x11, 0x21, 0x11, 0x05, 0x51,
    0xFB, 0x79, 0x04, 0x87, 0xFE, 0xE9, 0x04, 0x54, 0xEC, 0xEC, 0x6C, 0xFE, 0x1C, 0x01, 0xE4, 0x00,
    0x00, 0x01, 0xFF, 0xFD, 0xFF, 0x02, 0x05, 0x12, 0x00, 0x00, 0x00, 0x03, 0x00, 0x00, 0x61, 0x15,
    0x21, 0x35, 0x05, 0x12, 0xFA, 0xEB, 0xFE, 0xFE, 0x00, 0x02, 0x00, 0x6A, 0x04, 0x60, 0x04, 0xD0,
    0x07, 0xC6, 0x00, 0x03, 0x00, 0x0B, 0x00, 0x00, 0x41, 0x33, 0x15, 0x23, 0x01, 0x01, 0x21, 0x01,
    0x21, 0x01, 0x33, 0x01, 0x02, 0x79, 0x48, 0x48, 0xFD, 0xF1, 0x01, 0x9F, 0x01, 0x28, 0x01, 0x9F,
    0xFE, 0xF7, 0xFE, 0xCB, 0x16, 0xFE, 0xCE, 0x07, 0x41, 0x67, 0xFD, 0x86, 0x03, 0x66, 0xFC, 0x9A,
    0x02, 0xA2, 0xFD, 0x5E, 0x00, 0x01, 0x00, 0xB4, 0x03, 0x80, 0x05, 0x09, 0x08, 0x00, 0x00, 0x11,
    0x00, 0x00, 0x41, 0x13, 0x05, 0x27, 0x25, 0x25, 0x37, 0x05, 0x03, 0x33, 0x03, 0x25, 0x17, 0x05,
    0x05, 0x07, 0x25, 0x13, 0x02, 0x72, 0x13, 0xFE, 0x9C, 0x6D, 0x01, 0x7A, 0xFE, 0x86, 0x6D, 0x01,
    0x64, 0x13, 0xD9, 0x13, 0x01, 0x64, 0x6D, 0xFE, 0x86, 0x01, 0x7A, 0x6D, 0xFE, 0x9C, 0x13, 0x03,
    0x80, 0x01, 0xA6, 0xE5, 0xBE, 0xC1, 0xC1, 0xBE, 0xE5, 0x01, 0xA6, 0xFE, 0x5A, 0xE5, 0xBE, 0xC1,
    0xC1, 0xBE, 0xE5, 0xFE, 0x5A, 0x00, 0x00, 0x04, 0x00, 0x8D, 0x01, 0xDC, 0x06, 0xCD, 0x08, 0x1C,
    0x00, 0x15, 0x00, 0x19, 0x00, 0x2D, 0x00, 0x3D, 0x00, 0x00, 0x41, 0x11, 0x21, 0x32, 0x16, 0x16,
    0x15, 0x14, 0x06, 0x06, 0x23, 0x21, 0x35, 0x33, 0x32, 0x36, 0x35, 0x34, 0x26, 0x23, 0x23, 0x11,
    0x01, 0x13, 0x23, 0x03, 0x13, 0x22, 0x24, 0x26, 0x02, 0x35, 0x34, 0x12, 0x36, 0x24, 0x33, 0x32,
    0x04, 0x16, 0x12, 0x15, 0x14, 0x02, 0x06, 0x04, 0x27, 0x32, 0x24, 0x12, 0x35, 0x34, 0x02, 0x24,
    0x23, 0x22, 0x04, 0x02, 0x15, 0x14, 0x12, 0x04, 0x02, 0x92, 0x01, 0x71, 0x36, 0x6D, 0x49, 0x4C,
    0x72, 0x39, 0xFE, 0xFA, 0xD8, 0x24, 0x47, 0x47, 0x21, 0x8F, 0x01, 0x1A, 0xB3, 0xBD, 0xAC, 0x0B,
    0xA6, 0xFE, 0xDE, 0xDC, 0x7C, 0x7C, 0xDC, 0x01, 0x22, 0xA6, 0xA6, 0x01, 0x22, 0xDC, 0x7C, 0x7C,
    0xDC, 0xFE, 0xDE, 0xA6, 0xA6, 0x01, 0x11, 0xA2, 0xA2, 0xFE, 0xEF, 0xA6, 0xA6, 0xFE, 0xEE, 0xA2,
    0xA2, 0x01, 0x12, 0x03, 0x94, 0x02, 0xE2, 0x35, 0x6B, 0x4F, 0x50, 0x70, 0x3A, 0x7F, 0x3E, 0x3D,
    0x40, 0x30, 0xFD, 0x9D, 0x01, 0x5A, 0xFE, 0xA6, 0x01, 0x5A, 0xFC, 0xEE, 0x7C, 0xDC, 0x01, 0x22,
    0xA6, 0xA6, 0x01, 0x22, 0xDC, 0x7C, 0x7C, 0xDC, 0xFE, 0xDE, 0xA6, 0xA6, 0xFE, 0xDE, 0xDC, 0x7C,
    0xC6, 0xA3, 0x01, 0x11, 0xA6, 0xA6, 0x01, 0x11, 0xA3, 0xA3, 0xFE, 0xEF, 0xA6, 0xA6, 0xFE, 0xEF,
    0xA3, 0x00, 0x00, 0x03, 0x00, 0xE7, 0xFF, 0xE0, 0x09, 0x29, 0x08, 0x20, 0x00, 0x1F, 0x00, 0x33,
    0x00, 0x47, 0x00, 0x00, 0x41, 0x34, 0x12, 0x24, 0x33, 0x32, 0x16, 0x16, 0x17, 0x21, 0x26, 0x26,
    0x23, 0x22, 0x06, 0x06, 0x15, 0x14, 0x16, 0x16, 0x33, 0x32, 0x36, 0x37, 0x21, 0x0E, 0x02, 0x23,
    0x22, 0x24, 0x02, 0x01, 0x22, 0x24, 0x00, 0x02, 0x37, 0x36, 0x12, 0x00, 0x24, 0x33, 0x32, 0x04,
    0x00, 0x12, 0x17, 0x16, 0x02, 0x00, 0x04, 0x03, 0x32, 0x24, 0x36, 0x12, 0x27, 0x34, 0x02, 0x26,
    0x24, 0x23, 0x22, 0x04, 0x06, 0x02, 0x15, 0x06, 0x12, 0x16, 0x04, 0x02, 0xC9, 0x9E, 0x01, 0x09,
    0xA1, 0x8C, 0xEE, 0x9C, 0x11, 0xFE, 0xFC, 0x12, 0xA7, 0x6A, 0x5C, 0x98, 0x5A, 0x5A, 0x98, 0x5C,
    0x6A, 0x96, 0x13, 0x01, 0x04, 0x11, 0x94, 0xE6, 0x8C, 0xA1, 0xFE, 0xF7, 0x9E, 0x02, 0x3F, 0xDA,
    0xFE, 0x81, 0xFE, 0xDD, 0xA5, 0x01, 0x01, 0xA5, 0x01, 0x22, 0x01, 0x7E, 0xDA, 0xDB, 0x01, 0x7F,
    0x01, 0x21, 0xA4, 0x01, 0x01, 0xA4, 0xFE, 0xDE, 0xFE, 0x80, 0xDB, 0xA4, 0x01, 0x20, 0xD9, 0x7A,
    0x01, 0x7B, 0xD9, 0xFE, 0xE2, 0xA4, 0xA3, 0xFE, 0xE2, 0xD9, 0x7C, 0x01, 0x7B, 0xD9, 0x01, 0x1F,
    0x04, 0x00, 0xA1, 0x01, 0x0A, 0x9D, 0x79, 0xD2, 0x83, 0x5D, 0x77, 0x5A, 0x97, 0x5D, 0x5C, 0x98,
    0x5A, 0x77, 0x5D, 0x83, 0xD2, 0x79, 0x9D, 0x01, 0x0A, 0xFC, 0x81, 0xA4, 0x01, 0x23, 0x01, 0x7E,
    0xDB, 0xDB, 0x01, 0x7E, 0x01, 0x23, 0xA4, 0xA4, 0xFE, 0xDD, 0xFE, 0x82, 0xDB, 0xDB, 0xFE, 0x82,
    0xFE, 0xDD, 0xA4, 0x01, 0x0A, 0x7A, 0xD9, 0x01, 0x1F, 0xA3, 0xA4, 0x01, 0x20, 0xD9, 0x7A, 0x7A,
    0xDA, 0xFE, 0xE1, 0xA4, 0xA2, 0xFE, 0xE1, 0xD9, 0x7B, 0x00, 0x00, 0x02, 0x00, 0xAC, 0x04, 0x62,
    0x04, 0x59, 0x08, 0x0F, 0x00, 0x0F, 0x00, 0x1F, 0x00, 0x00, 0x41, 0x22, 0x26, 0x26, 0x35, 0x34,
    0x36, 0x36, 0x33, 0x32, 0x16, 0x16, 0x15, 0x14, 0x06, 0x06, 0x27, 0x32, 0x36, 0x36, 0x35, 0x34,
    0x26, 0x26, 0x23, 0x22, 0x06, 0x06, 0x15, 0x14, 0x16, 0x16, 0x02, 0x82, 0x82, 0xD5, 0x7F, 0x7F,
    0xD5, 0x82, 0x82, 0xD6, 0x7F, 0x7F, 0xD6, 0x82, 0x44, 0x6E, 0x41, 0x41, 0x6E, 0x44, 0x43, 0x6E,
    0x41, 0x41, 0x6E, 0x04, 0x62, 0x7F, 0xD6, 0x82, 0x82, 0xD5, 0x7F, 0x7F, 0xD5, 0x82, 0x82, 0xD6,
    0x7F, 0xE4, 0x42, 0x6E, 0x43, 0x43, 0x6E, 0x41, 0x41, 0x6E, 0x43, 0x43, 0x6E, 0x42, 0x00, 0x02,
    0x00, 0xCA, 0x03, 0xB8, 0x04, 0x4A, 0x07, 0xF0, 0x00, 0x15, 0x00, 0x2C, 0x00, 0x00, 0x41, 0x11,
    0x34, 0x26, 0x23, 0x22, 0x06, 0x15, 0x27, 0x34, 0x36, 0x33, 0x32, 0x16, 0x15, 0x11, 0x14, 0x16,
    0x17, 0x23, 0x26, 0x26, 0x13, 0x15, 0x23, 0x22, 0x06, 0x15, 0x14, 0x16, 0x33, 0x32, 0x36, 0x36,
    0x35, 0x17, 0x06, 0x06, 0x23, 0x22, 0x26, 0x35, 0x34, 0x36, 0x33, 0x03, 0x33, 0x4F, 0x52, 0x5B,
    0x66, 0xEF, 0xEB, 0xC5, 0xB5, 0xDF, 0x0E, 0x16, 0xF6, 0x0F, 0x12, 0x3D, 0xCA, 0x78, 0x6E, 0x4D,
    0x55, 0x38, 0x74, 0x4E, 0x18, 0x1F, 0xA2, 0x8E, 0xA6, 0xB5, 0xED, 0xEF, 0x04, 0xA0, 0x01, 0xD4,
    0x56, 0x5A, 0x46, 0x42, 0x13, 0x8B, 0xB6, 0xBF, 0xBD, 0xFE, 0x50, 0x40, 0x7B, 0x3E, 0x30, 0x6E,
    0x01, 0xC6, 0xA0, 0x5C, 0x3C, 0x38, 0x40, 0x33, 0x48, 0x22, 0xA1, 0x42, 0x81, 0xAB, 0x8D, 0x99,
    0xA6, 0x00, 0x00, 0x02, 0x00, 0xA8, 0x03, 0xB7, 0x04, 0x6A, 0x07, 0xF0, 0x00, 0x0F, 0x00, 0x1D,
    0x00, 0x00, 0x53, 0x35, 0x34, 0x36, 0x36, 0x33, 0x32, 0x00, 0x15, 0x15, 0x14, 0x06, 0x06, 0x23,
    0x22, 0x00, 0x13, 0x15, 0x14, 0x16, 0x33, 0x32, 0x36, 0x35, 0x35, 0x34, 0x26, 0x23, 0x22, 0x06,
    0xA8, 0x75, 0xD9, 0x93, 0xE0, 0x01, 0x01, 0x74, 0xD6, 0x93, 0xE1, 0xFE, 0xFC, 0xF2, 0x7A, 0x79,
    0x76, 0x74, 0x75, 0x79, 0x76, 0x79, 0x05, 0x9C, 0x6B, 0x8F, 0xDC, 0x7E, 0xFE, 0xED, 0xD6, 0x6B,
    0x8E, 0xDA, 0x7D, 0x01, 0x10, 0x01, 0x40, 0x6B, 0x7B, 0xA1, 0xA1, 0x7B, 0x6B, 0x78, 0xA5, 0xA5,
    0x00, 0x02, 0x00, 0x93, 0x00, 0x00, 0x05, 0xC1, 0x08, 0x00, 0x00, 0x0C, 0x00, 0x10, 0x00, 0x00,
    0x41, 0x21, 0x11, 0x23, 0x22, 0x24, 0x02, 0x35, 0x34, 0x12, 0x24, 0x33, 0x21, 0x03, 0x11, 0x21,
    0x11, 0x05, 0x82, 0xFE, 0x30, 0x74, 0xDD, 0xFE, 0xCF, 0x9D, 0x9D, 0x01, 0x31, 0xDD, 0x02, 0x44,
    0xD8, 0x01, 0x17, 0x07, 0x00, 0xFB, 0xF8, 0xA7, 0x01, 0x23, 0xBA, 0xB8, 0x01, 0x23, 0xA9, 0xF8,
    0x00, 0x08, 0x00, 0xF8, 0x00, 0x00, 0x00, 0x02, 0x00, 0x93, 0xFE, 0x61, 0x05, 0xA6, 0x08, 0x1C,
    0x00, 0x42, 0x00, 0x53, 0x00, 0x00, 0x41, 0x21, 0x34, 0x26, 0x23, 0x22, 0x06, 0x06, 0x15, 0x14,
    0x16, 0x16, 0x17, 0x05, 0x1E, 0x03, 0x07, 0x0E, 0x02, 0x07, 0x07, 0x16, 0x16, 0x15, 0x14, 0x06,
    0x06, 0x23, 0x22, 0x24, 0x26, 0x35, 0x21, 0x14, 0x16, 0x37, 0x32, 0x36, 0x35, 0x34, 0x26, 0x26,
    0x27, 0x25, 0x2E, 0x03, 0x37, 0x3E, 0x02, 0x37, 0x35, 0x26, 0x26, 0x35, 0x34, 0x36, 0x36, 0x33,
    0x32, 0x16, 0x16, 0x03, 0x36, 0x26, 0x26, 0x27, 0x25, 0x26, 0x06, 0x06, 0x07, 0x06, 0x16, 0x17,
    0x05, 0x16, 0x36, 0x36, 0x05, 0x24, 0xFE, 0xEB, 0x7A, 0x81, 0x4E, 0x6A, 0x37, 0x42, 0x60, 0x2D,
    0x01, 0x82, 0x28, 0x68, 0x61, 0x3F, 0x04, 0x02, 0x51, 0x79, 0x42, 0x02, 0x4C, 0x4B, 0x94, 0xF4,
    0x90, 0xA7, 0xFE, 0xFE, 0x92, 0x01, 0x18, 0xA3, 0x81, 0x64, 0x9C, 0x42, 0x5F, 0x2C, 0xFE, 0x7D,
    0x27, 0x69, 0x61, 0x3E, 0x03, 0x02, 0x4C, 0x79, 0x48, 0x44, 0x52, 0x85, 0xE9, 0x97, 0xA1, 0xED,
    0x82, 0x89, 0x02, 0x30, 0x52, 0x33, 0xFE, 0x8B, 0x29, 0x64, 0x48, 0x02, 0x03, 0x6B, 0x4E, 0x01,
    0x68, 0x26, 0x69, 0x51, 0x06, 0x14, 0x70, 0x94, 0x36, 0x58, 0x31, 0x38, 0x60, 0x4B, 0x18, 0xD3,
    0x14, 0x48, 0x6C, 0x95, 0x62, 0x4D, 0x89, 0x62, 0x15, 0x04, 0x42, 0xAC, 0x66, 0x97, 0xCA, 0x65,
    0x80, 0xED, 0xA2, 0x82, 0x8A, 0x02, 0x5F, 0x62, 0x44, 0x5D, 0x41, 0x19, 0xCF, 0x15, 0x48, 0x6D,
    0x96, 0x63, 0x4C, 0x8A, 0x65, 0x15, 0x06, 0x43, 0xA5, 0x67, 0x82, 0xCC, 0x75, 0x86, 0xEA, 0xFC,
    0x19, 0x32, 0x56, 0x47, 0x1A, 0xCB, 0x17, 0x28, 0x67, 0x46, 0x51, 0x72, 0x2A, 0xC1, 0x15, 0x26,
    0x62, 0x00, 0x00, 0x01, 0x00, 0x6D, 0x04, 0x00, 0x02, 0x97, 0x08, 0xCC, 0x00, 0x07, 0x00, 0x00,
    0x41, 0x11, 0x23, 0x05, 0x35, 0x25, 0x33, 0x11, 0x01, 0xAB, 0x09, 0xFE, 0xCB, 0x01, 0x43, 0xE7,
    0x04, 0x00, 0x03, 0xDE, 0xCA, 0xE5, 0xD3, 0xFB, 0x34, 0x00, 0x00, 0x01, 0x00, 0x79, 0x04, 0x00,
    0x04, 0x34, 0x08, 0xDC, 0x00, 0x1C, 0x00, 0x00, 0x53, 0x35, 0x01, 0x3E, 0x02, 0x35, 0x34, 0x26,
    0x23, 0x22, 0x06, 0x15, 0x23, 0x34, 0x24, 0x33, 0x32, 0x16, 0x16, 0x15, 0x14, 0x06, 0x06, 0x07,
    0x07, 0x15, 0x21, 0x15, 0x86, 0x01, 0xDB, 0x41, 0x5A, 0x2F, 0x83, 0x60, 0x66, 0x7C, 0xED, 0x01,
    0x06, 0xCD, 0x8A, 0xCE, 0x73, 0x44, 0x90, 0x71, 0xE8, 0x02, 0x4A, 0x04, 0x00, 0xB2, 0x01, 0x97,
    0x38, 0x5A, 0x57, 0x32, 0x54, 0x61, 0x6A, 0x59, 0xB2, 0xD4, 0x62, 0xA8, 0x6A, 0x54, 0x90, 0x94,
    0x5A, 0xC4, 0x09, 0xC9, 0x00, 0x01, 0x00, 0x6E, 0x03, 0xF0, 0x04, 0x5B, 0x08, 0xDC, 0x00, 0x2D,
    0x00, 0x00, 0x41, 0x22, 0x26, 0x26, 0x27, 0x33, 0x16, 0x16, 0x33, 0x32, 0x36, 0x35, 0x34, 0x26,
    0x23, 0x23, 0x35, 0x33, 0x32, 0x36, 0x35, 0x34, 0x26, 0x23, 0x22, 0x06, 0x07, 0x23, 0x3E, 0x02,
    0x33, 0x32, 0x16, 0x16, 0x15, 0x14, 0x06, 0x07, 0x15, 0x16, 0x16, 0x15, 0x14, 0x06, 0x06, 0x02,
    0x61, 0x8F, 0xDF, 0x82, 0x03, 0xFC, 0x03, 0x8D, 0x67, 0x6C, 0x8E, 0x95, 0x80, 0x71, 0x71, 0x69,
    0x8A, 0x75, 0x5F, 0x61, 0x8A, 0x03, 0xED, 0x02, 0x7F, 0xD6, 0x85, 0x86, 0xCB, 0x73, 0x95, 0x6B,
    0x93, 0x9E, 0x82, 0xE5, 0x03, 0xF0, 0x5D, 0xA3, 0x6C, 0x49, 0x56, 0x5F, 0x4E, 0x4C, 0x62, 0xB6,
    0x5C, 0x4C, 0x47, 0x5C, 0x5A, 0x4A, 0x6B, 0xA1, 0x5B, 0x5A, 0x9C, 0x62, 0x6C, 0x87, 0x11, 0x09,
    0x12, 0x9C, 0x71, 0x68, 0xA3, 0x5D, 0x00, 0x01, 0x00, 0x6A, 0x00, 0x00, 0x03, 0xD6, 0x04, 0x50,
    0x00, 0x1A, 0x00, 0x00, 0x73, 0x35, 0x01, 0x36, 0x36, 0x35, 0x34, 0x26, 0x23, 0x22, 0x06, 0x15,
    0x23, 0x34, 0x36, 0x33, 0x32, 0x16, 0x15, 0x14, 0x06, 0x06, 0x07, 0x07, 0x15, 0x21, 0x15, 0x7A,
    0x01, 0xB0, 0x58, 0x59, 0x74, 0x56, 0x57, 0x72, 0xDE, 0xEE, 0xBE, 0xBE, 0xE4, 0x3C, 0x82, 0x69,
    0xC7, 0x02, 0x0C, 0xA8, 0x01, 0x62, 0x49, 0x6A, 0x3D, 0x4A, 0x55, 0x5B, 0x4E, 0x9F, 0xC1, 0xC3,
    0x8F, 0x4A, 0x7F, 0x84, 0x50, 0x9C, 0x09, 0xBC, 0x00, 0x02, 0x00, 0x56, 0x00, 0x00, 0x04, 0x1A,
    0x04, 0x40, 0x00, 0x09, 0x00, 0x0F, 0x00, 0x00, 0x77, 0x35, 0x01, 0x33, 0x15, 0x23, 0x01, 0x15,
    0x21, 0x15, 0x05, 0x35, 0x37, 0x11, 0x33, 0x11, 0x56, 0x02, 0x07, 0x9F, 0x5F, 0xFE, 0xA8, 0x02,
    0xD5, 0xFE, 0x88, 0x04, 0xD9, 0xBD, 0xB7, 0x02, 0xCC, 0xFB, 0xFE, 0x39, 0x06, 0xBB, 0xBD, 0xF6,
    0x51, 0x02, 0xF9, 0xFB, 0xC0, 0x00, 0x00, 0x01, 0xFE, 0x4A, 0x00, 0x00, 0x04, 0xB9, 0x08, 0x00,
    0x00, 0x03, 0x00, 0x00, 0x61, 0x01, 0x33, 0x01, 0xFE, 0x4A, 0x05, 0x80, 0xEF, 0xFA, 0x80, 0x08,
    0x00, 0xF8, 0x00, 0x00, 0x00, 0x01, 0x00, 0x5C, 0x04, 0x00, 0x02, 0x56, 0x08, 0x40, 0x00, 0x07,
    0x00, 0x00, 0x41, 0x11, 0x23, 0x05, 0x35, 0x25, 0x33, 0x11, 0x01, 0x6F, 0x09, 0xFE, 0xF6, 0x01,
    0x18, 0xE2, 0x04, 0x00, 0x03, 0x57, 0xAE, 0xE1, 0xB6, 0xFB, 0xC0, 0x00, 0x00, 0x01, 0x00, 0x61,
    0x03, 0xF0, 0x03, 0xF3, 0x08, 0x50, 0x00, 0x2D, 0x00, 0x00, 0x41, 0x22, 0x26, 0x26, 0x27, 0x33,
    0x16, 0x16, 0x33, 0x32, 0x36, 0x35, 0x34, 0x26, 0x23, 0x23, 0x35, 0x33, 0x32, 0x36, 0x35, 0x34,
    0x26, 0x23, 0x22, 0x06, 0x07, 0x23, 0x3E, 0x02, 0x33, 0x32, 0x16, 0x16, 0x15, 0x14, 0x06, 0x07,
    0x15, 0x16, 0x16, 0x15, 0x14, 0x06, 0x06, 0x02, 0x28, 0x85, 0xCD, 0x74, 0x01, 0xEC, 0x01, 0x7C,
    0x5C, 0x5E, 0x7C, 0x84, 0x6E, 0x66, 0x66, 0x5D, 0x7B, 0x69, 0x56, 0x54, 0x77, 0x02, 0xE1, 0x02,
    0x72, 0xC2, 0x7B, 0x7A, 0xBC, 0x69, 0x82, 0x69, 0x86, 0x8F, 0x76, 0xCF, 0x03, 0xF0, 0x56, 0x96,
    0x60, 0x3E, 0x4F, 0x55, 0x3F, 0x42, 0x51, 0xA8, 0x4F, 0x3F, 0x3D, 0x51, 0x50, 0x3E, 0x5E, 0x92,
    0x54, 0x51, 0x8B, 0x57, 0x5C, 0x7B, 0x0E, 0x09, 0x10, 0x89, 0x64, 0x5D, 0x92, 0x53, 0xFF, 0xFF,
    0x00, 0x5C, 0x00, 0x00, 0x09, 0xC6, 0x08, 0x00, 0x04, 0x27, 0x01, 0x35, 0x03, 0x27, 0x00, 0x00,
    0x00, 0x26, 0x01, 0x36, 0x00, 0xC0, 0x00, 0x07, 0x01, 0x33, 0x05, 0xEF, 0x00, 0x00, 0xFF, 0xFF,
    0x00, 0x5C, 0x00, 0x00, 0x09, 0x66, 0x08, 0x00, 0x04, 0x27, 0x01, 0x35, 0x03, 0x27, 0x00, 0x00,
    0x00, 0x26, 0x01, 0x36, 0x00, 0xC0, 0x00, 0x07, 0x01, 0x34, 0x05, 0x4C, 0x00, 0x00, 0xFF, 0xFF,
    0x00, 0x61, 0x00, 0x00, 0x0A, 0x31, 0x08, 0x10, 0x04, 0x27, 0x01, 0x35, 0x03, 0xF2, 0x00, 0x00,
    0x00, 0x27, 0x01, 0x34, 0x06, 0x17, 0x00, 0x00, 0x00, 0x06, 0x01, 0x37, 0x00, 0xC0, 0x00, 0x05,
    0x00, 0xEC, 0xFF, 0xD6, 0x08, 0x32, 0x08, 0x2A, 0x00, 0x11, 0x00, 0x1F, 0x00, 0x31, 0x00, 0x3F,
    0x00, 0x43, 0x00, 0x00, 0x41, 0x35, 0x34, 0x36, 0x36, 0x33, 0x32, 0x16, 0x16, 0x15, 0x15, 0x14,
    0x06, 0x06, 0x23, 0x22, 0x26, 0x26, 0x37, 0x15, 0x14, 0x16, 0x33, 0x32, 0x36, 0x35, 0x35, 0x34,
    0x26, 0x23, 0x22, 0x06, 0x01, 0x35, 0x34, 0x36, 0x36, 0x33, 0x32, 0x16, 0x16, 0x15, 0x15, 0x14,
    0x06, 0x06, 0x23, 0x22, 0x26, 0x26, 0x37, 0x15, 0x14, 0x16, 0x33, 0x32, 0x36, 0x35, 0x35, 0x34,
    0x26, 0x23, 0x22, 0x06, 0x03, 0x01, 0x33, 0x01, 0x04, 0xF2, 0x61, 0xBB, 0x85, 0x88, 0xB8, 0x5F,
    0x60, 0xB9, 0x86, 0x87, 0xBA, 0x60, 0xE9, 0x52, 0x66, 0x65, 0x50, 0x4D, 0x68, 0x64, 0x54, 0xFB,
    0x11, 0x61, 0xBB, 0x85, 0x88, 0xB8, 0x5E, 0x5F, 0xB9, 0x86, 0x88, 0xB9, 0x60, 0xEA, 0x51, 0x66,
    0x64, 0x51, 0x4E, 0x67, 0x64, 0x53, 0x8B, 0x05, 0x80, 0xEF, 0xFA, 0x80, 0x01, 0x80, 0x6C, 0x74,
    0xC1, 0x75, 0x74, 0xC2, 0x74, 0x6C, 0x74, 0xC1, 0x75, 0x75, 0xC1, 0xE0, 0x6C, 0x56, 0x8C, 0x8C,
    0x56, 0x6C, 0x56, 0x8C, 0x8C, 0x03, 0xD2, 0x6C, 0x74, 0xC2, 0x74, 0x74, 0xC2, 0x74, 0x6C, 0x74,
    0xC1, 0x75, 0x75, 0xC1, 0xE0, 0x6C, 0x56, 0x8C, 0x8C, 0x56, 0x6C, 0x56, 0x8C, 0x8C, 0xF9, 0x2A,
    0x08, 0x00, 0xF8, 0x00, 0x00, 0x01, 0x02, 0x27, 0x06, 0xCD, 0x04, 0x4C, 0x08, 0x9A, 0x00, 0x03,
    0x00, 0x00, 0x41, 0x13, 0x21, 0x01, 0x02, 0x27, 0xEA, 0x01, 0x3B, 0xFE, 0xCA, 0x06, 0xCD, 0x01,
    0xCD, 0xFE, 0x33, 0x00, 0x00, 0x02, 0x00, 0x72, 0x06, 0x9B, 0x04, 0x8E, 0x08, 0x40, 0x00, 0x03,
    0x00, 0x07, 0x00, 0x00, 0x41, 0x01, 0x21, 0x01, 0x21, 0x13, 0x21, 0x01, 0x02, 0x2F, 0x01, 0x37,
    0x01, 0x28, 0xFE, 0x90, 0xFD, 0x54, 0xEE, 0x01, 0x25, 0xFE, 0xCD, 0x06, 0x9B, 0x01, 0xA5, 0xFE,
    0x5B, 0x01, 0xA5, 0xFE, 0x5B, 0x00, 0x00, 0x01, 0x01, 0xAA, 0x06, 0xCD, 0x03, 0xCE, 0x08, 0x9A,
    0x00, 0x03, 0x00, 0x00, 0x41, 0x01, 0x21, 0x13, 0x02, 0xDF, 0xFE, 0xCB, 0x01, 0x3B, 0xE9, 0x06,
    0xCD, 0x01, 0xCD, 0xFE, 0x33, 0x00, 0x00, 0x02, 0x01, 0x4F, 0x06, 0xF1, 0x04, 0xFC, 0x08, 0x4E,
    0x00, 0x0B, 0x00, 0x17, 0x00, 0x00, 0x41, 0x22, 0x26, 0x35, 0x34, 0x36, 0x33, 0x32, 0x16, 0x15,
    0x14, 0x06, 0x21, 0x22, 0x26, 0x35, 0x34, 0x36, 0x33, 0x32, 0x16, 0x15, 0x14, 0x06, 0x02, 0x00,
    0x47, 0x6A, 0x6A, 0x47, 0x4B, 0x65, 0x65, 0x02, 0x01, 0x47, 0x6A, 0x6A, 0x47, 0x4B, 0x65, 0x65,
    0x06, 0xF1, 0x69, 0x45, 0x4B, 0x64, 0x64, 0x4B, 0x45, 0x69, 0x69, 0x45, 0x4B, 0x64, 0x64, 0x4B,
    0x45, 0x69, 0x00, 0x02, 0x01, 0x4F, 0x08, 0xD5, 0x04, 0xFC, 0x0A, 0x32, 0x00, 0x0B, 0x00, 0x17,
    0x00, 0x00, 0x41, 0x22, 0x26, 0x35, 0x34, 0x36, 0x33, 0x32, 0x16, 0x15, 0x14, 0x06, 0x21, 0x22,
    0x26, 0x35, 0x34, 0x36, 0x33, 0x32, 0x16, 0x15, 0x14, 0x06, 0x02, 0x00, 0x47, 0x6A, 0x6A, 0x47,
    0x4B, 0x65, 0x65, 0x02, 0x01, 0x47, 0x6A, 0x6A, 0x47, 0x4B, 0x65, 0x65, 0x08, 0xD5, 0x69, 0x45,
    0x4B, 0x64, 0x64, 0x4B, 0x45, 0x69, 0x69, 0x45, 0x4B, 0x64, 0x64, 0x4B, 0x45, 0x69, 0x00, 0x01,
    0x00, 0xD6, 0x06, 0xB8, 0x04, 0x8E, 0x08, 0x6F, 0x00, 0x08, 0x00, 0x00, 0x41, 0x03, 0x03, 0x21,
    0x35, 0x01, 0x33, 0x01, 0x15, 0x03, 0x7F, 0xCD, 0xCE, 0xFE, 0xF2, 0x01, 0x5F, 0xF9, 0x01, 0x60,
    0x06, 0xB8, 0x01, 0x0C, 0xFE, 0xF4, 0x0F, 0x01, 0xA8, 0xFE, 0x58, 0x0F, 0x00, 0x01, 0x00, 0xCA,
    0x06, 0xBA, 0x04, 0xB6, 0x08, 0x3E, 0x00, 0x17, 0x00, 0x00, 0x41, 0x27, 0x34, 0x36, 0x33, 0x32,
    0x1E, 0x02, 0x33, 0x32, 0x36, 0x35, 0x17, 0x14, 0x06, 0x07, 0x22, 0x2E, 0x02, 0x23, 0x22, 0x06,
    0x01, 0x93, 0xC9, 0xB3, 0x84, 0x3D, 0x5C, 0x51, 0x51, 0x32, 0x3A, 0x49, 0xC5, 0xB4, 0x83, 0x47,
    0x5D, 0x48, 0x4C, 0x35, 0x38, 0x47, 0x06, 0xBA, 0x06, 0xA6, 0xC6, 0x29, 0x35, 0x29, 0x58, 0x41,
    0x0D, 0xA7, 0xBF, 0x01, 0x29, 0x35, 0x2A, 0x57, 0x00, 0x01, 0x00, 0x91, 0x08, 0xCB, 0x04, 0x7E,
    0x0A, 0x4F, 0x00, 0x17, 0x00, 0x00, 0x41, 0x27, 0x34, 0x36, 0x37, 0x32, 0x1E, 0x02, 0x33, 0x36,
    0x36, 0x35, 0x17, 0x06, 0x06, 0x23, 0x22, 0x2E, 0x02, 0x23, 0x22, 0x06, 0x01, 0x5B, 0xCA, 0xB4,
    0x83, 0x3E, 0x5C, 0x50, 0x52, 0x32, 0x39, 0x49, 0xC6, 0x01, 0xB3, 0x83, 0x47, 0x5E, 0x48, 0x4C,
    0x35, 0x37, 0x47, 0x08, 0xCB, 0x07, 0xA5, 0xC6, 0x01, 0x29, 0x36, 0x29, 0x01, 0x57, 0x41, 0x0D,
    0xA7, 0xBF, 0x29, 0x35, 0x29, 0x56, 0x00, 0x01, 0x00, 0xD4, 0x07, 0x2E, 0x04, 0x89, 0x08, 0x00,
    0x00, 0x03, 0x00, 0x00, 0x41, 0x15, 0x21, 0x35, 0x04, 0x89, 0xFC, 0x4B, 0x08, 0x00, 0xD2, 0xD2,
    0x00, 0x01, 0x00, 0xD0, 0x06, 0x8C, 0x04, 0x42, 0x08, 0x08, 0x00, 0x0D, 0x00, 0x00, 0x41, 0x33,
    0x14, 0x06, 0x23, 0x22, 0x26, 0x35, 0x33, 0x14, 0x16, 0x33, 0x32, 0x36, 0x03, 0x4C, 0xF6, 0xEF,
    0xCB, 0xCA, 0xEE, 0xF5, 0x58, 0x6B, 0x69, 0x5B, 0x08, 0x08, 0xA9, 0xD3, 0xD3, 0xA9, 0x4B, 0x73,
    0x72, 0x00, 0x00, 0x01, 0x00, 0xAC, 0x06, 0xED, 0x02, 0x26, 0x08, 0x52, 0x00, 0x0B, 0x00, 0x00,
    0x41, 0x22, 0x26, 0x35, 0x34, 0x36, 0x33, 0x32, 0x16, 0x15, 0x14, 0x06, 0x01, 0x69, 0x4E, 0x6F,
    0x6F, 0x4E, 0x4E, 0x6F, 0x6F, 0x06, 0xED, 0x69, 0x49, 0x4A, 0x69, 0x69, 0x4A, 0x49, 0x69, 0x00,
    0x00, 0x02, 0x00, 0x75, 0x06, 0xAA, 0x03, 0x3B, 0x09, 0x53, 0x00, 0x0F, 0x00, 0x1B, 0x00, 0x00,
    0x41, 0x22, 0x26, 0x26, 0x35, 0x34, 0x36, 0x36, 0x33, 0x32, 0x16, 0x16, 0x15, 0x14, 0x06, 0x06,
    0x27, 0x36, 0x36, 0x35, 0x34, 0x26, 0x23, 0x22, 0x06, 0x15, 0x14, 0x16, 0x01, 0xDA, 0x64, 0xA2,
    0x5F, 0x5F, 0xA2, 0x64, 0x63, 0xA0, 0x5E, 0x5E, 0xA0, 0x63, 0x4E, 0x66, 0x66, 0x4E, 0x4F, 0x65,
    0x65, 0x06, 0xAA, 0x59, 0x98, 0x5F, 0x5E, 0x9D, 0x5E, 0x5E, 0x9D, 0x5E, 0x5F, 0x98, 0x59, 0xA0,
    0x01, 0x6B, 0x44, 0x46, 0x6F, 0x6F, 0x46, 0x44, 0x6C, 0x00, 0x00, 0x02, 0x00, 0xB2, 0x08, 0x85,
    0x03, 0x02, 0x0A, 0xD0, 0x00, 0x0E, 0x00, 0x1A, 0x00, 0x00, 0x41, 0x22, 0x26, 0x35, 0x34, 0x36,
    0x36, 0x33, 0x32, 0x16, 0x16, 0x15, 0x14, 0x06, 0x06, 0x27, 0x32, 0x36, 0x35, 0x34, 0x26, 0x23,
    0x22, 0x06, 0x15, 0x14, 0x16, 0x01, 0xDA, 0x7B, 0xAD, 0x4F, 0x87, 0x52, 0x51, 0x87, 0x50, 0x50,
    0x87, 0x51, 0x3C, 0x50, 0x50, 0x3C, 0x3C, 0x51, 0x50, 0x08, 0x85, 0xAC, 0x79, 0x51, 0x86, 0x4F,
    0x4F, 0x86, 0x51, 0x51, 0x85, 0x4F, 0x99, 0x52, 0x3A, 0x3B, 0x52, 0x52, 0x3B, 0x3A, 0x53, 0x00,
    0x00, 0x01, 0x00, 0xD6, 0x06, 0xB8, 0x04, 0x8E, 0x08, 0x6F, 0x00, 0x08, 0x00, 0x00, 0x41, 0x13,
    0x13, 0x21, 0x15, 0x01, 0x23, 0x01, 0x35, 0x01, 0xE4, 0xCE, 0xCD, 0x01, 0x0F, 0xFE, 0xA0, 0xF9,
    0xFE, 0xA1, 0x08, 0x6F, 0xFE, 0xF4, 0x01, 0x0C, 0x0F, 0xFE, 0x58, 0x01, 0xA8, 0x0F, 0x00, 0x01,
    0x01, 0x09, 0xFD, 0x98, 0x02, 0xD8, 0x00, 0x08, 0x00, 0x0F, 0x00, 0x00, 0x65, 0x33, 0x07, 0x16,
    0x16, 0x15, 0x16, 0x06, 0x23, 0x27, 0x32, 0x36, 0x37, 0x36, 0x26, 0x27, 0x01, 0x4A, 0xC4, 0x10,
    0x57, 0x82, 0x01, 0xEB, 0xDE, 0x06, 0x68, 0x81, 0x01, 0x01, 0x65, 0x6E, 0x08, 0x52, 0x0E, 0x70,
    0x71, 0x87, 0xA8, 0xA7, 0x3C, 0x43, 0x43, 0x36, 0x0B, 0x00, 0x00, 0x01, 0x00, 0x7D, 0xFD, 0xB1,
    0x02, 0x89, 0x00, 0x5E, 0x00, 0x14, 0x00, 0x00, 0x41, 0x22, 0x26, 0x27, 0x26, 0x36, 0x36, 0x37,
    0x17, 0x06, 0x06, 0x15, 0x14, 0x16, 0x33, 0x32, 0x36, 0x37, 0x17, 0x06, 0x06, 0x01, 0xAF, 0x7E,
    0xA7, 0x08, 0x05, 0x3C, 0x8E, 0x75, 0xB2, 0x5C, 0x86, 0x2E, 0x38, 0x29, 0x40, 0x14, 0x1A, 0x23,
    0x6D, 0xFD, 0xB1, 0x87, 0x81, 0x4C, 0x9A, 0x8A, 0x35, 0x5E, 0x3B, 0x84, 0x54, 0x2E, 0x34, 0x16,
    0x0A, 0xBE, 0x15, 0x27, 0x00, 0x01, 0x00, 0x7A, 0xFD, 0x60, 0x02, 0x13, 0xFF, 0x5E, 0x00, 0x03,
    0x00, 0x00, 0x53, 0x13, 0x21, 0x03, 0x7A, 0x74, 0x01, 0x25, 0xBB, 0xFD, 0x60, 0x01, 0xFE, 0xFE,
    0x02, 0x00, 0xFF, 0xFF, 0xFF, 0xAF, 0x00, 0x00, 0x07, 0x51, 0x08, 0x00, 0x06, 0x06, 0x00, 0x16,
    0x00, 0x00, 0xFF, 0xFF, 0xFF, 0xAF, 0x00, 0x00, 0x07, 0x51, 0x08, 0x00, 0x06, 0x06, 0x00, 0x16,
    0x00, 0x00, 0xFF, 0xFF, 0x00, 0xE1, 0xFF, 0xE4, 0x08, 0x28, 0x08, 0x00, 0x04, 0x26, 0x00, 0x2A,
    0x00, 0x00, 0x00, 0x07, 0x00, 0x34, 0x02, 0xF7, 0x00, 0x00, 0xFF, 0xFF, 0x00, 0xE3, 0x00, 0x00,
    0x05, 0xB8, 0x08, 0x00, 0x06, 0x26, 0x00, 0x38, 0x02, 0x00, 0x00, 0x07, 0x01, 0x46, 0x02, 0x79,
    0xFD, 0x0C, 0xFF, 0xFF, 0x00, 0x7C, 0x00, 0x00, 0x06, 0xAD, 0x08, 0x00, 0x06, 0x26, 0x00, 0x5A,
    0x00, 0x00, 0x00, 0x07, 0x01, 0x56, 0x01, 0x0B, 0x00, 0x0D, 0x00, 0x01, 0x00, 0xFC, 0x06, 0x5A,
    0x02, 0x08, 0x08, 0x63, 0x00, 0x03, 0x00, 0x00, 0x53, 0x11, 0x21, 0x03, 0xFC, 0x01, 0x0C, 0x46,
    0x06, 0x5A, 0x02, 0x09, 0xFD, 0xF7, 0x00, 0x01, 0x00, 0xC9, 0x06, 0x1A, 0x02, 0x44, 0x08, 0x82,
    0x00, 0x0A, 0x00, 0x00, 0x53, 0x35, 0x34, 0x36, 0x36, 0x37, 0x17, 0x06, 0x06, 0x15, 0x07, 0xC9,
    0x3D, 0x5E, 0x31, 0xAF, 0x2C, 0x2B, 0x02, 0x06, 0x1A, 0xB5, 0x5B, 0xAB, 0x87, 0x26, 0x76, 0x4C,
    0x9E, 0x60, 0xA8, 0x00, 0x00, 0x01, 0x00, 0xBD, 0x03, 0x92, 0x04, 0x54, 0x04, 0x61, 0x00, 0x03,
    0x00, 0x00, 0x53, 0x35, 0x21, 0x15, 0xBD, 0x03, 0x97, 0x03, 0x92, 0xCF, 0xCF, 0x00, 0x00, 0x03,
    0x00, 0xE3, 0x00, 0x00, 0x06, 0x36, 0x06, 0x00, 0x00, 0x03, 0x00, 0x09, 0x00, 0x0D, 0x00, 0x00,
    0x41, 0x11, 0x21, 0x11, 0x21, 0x01, 0x21, 0x03, 0x21, 0x01, 0x03, 0x01, 0x37, 0x01, 0x02, 0x28,
    0xFE, 0xBB, 0x05, 0x53, 0xFD, 0x19, 0xFE, 0x83, 0x2E, 0x01, 0x10, 0x01, 0xF2, 0x0F, 0xFD, 0xFB,
    0xEB, 0x02, 0xB5, 0x06, 0x00, 0xFA, 0x00, 0x06, 0x00, 0xFC, 0x74, 0x01, 0x23, 0x02, 0x69, 0xFA,
    0x00, 0x02, 0x8B, 0xCA, 0xFC, 0xAB, 0x00, 0x01, 0x00, 0x1E, 0x00, 0x00, 0x02, 0xE7, 0x08, 0x5E,
    0x00, 0x10, 0x00, 0x00, 0x61, 0x21, 0x11, 0x34, 0x36, 0x36, 0x33, 0x32, 0x16, 0x17, 0x07, 0x26,
    0x26, 0x23, 0x22, 0x06, 0x15, 0x01, 0x62, 0xFE, 0xBC, 0x79, 0xE4, 0x9F, 0x32, 0x68, 0x33, 0x20,
    0x1A, 0x3C, 0x27, 0x72, 0x76, 0x06, 0x61, 0xA5, 0xE3, 0x75, 0x10, 0x0C, 0xF3, 0x06, 0x06, 0x83,
    0x77, 0x00, 0x00, 0x00, 0x00, 0x00, 0x00, 0x09, 0x00, 0x72, 0x00, 0x03, 0x00, 0x01, 0x04, 0x09,
    0x00, 0x01, 0x00, 0x18, 0x00, 0x00, 0x00, 0x03, 0x00, 0x01, 0x04, 0x09, 0x00, 0x02, 0x00, 0x0E,
    0x00, 0x18, 0x00, 0x03, 0x00, 0x01, 0x04, 0x09, 0x00, 0x03, 0x00, 0x2E, 0x00, 0x26, 0x00, 0x03,
    0x00, 0x01, 0x04, 0x09, 0x00, 0x04, 0x00, 0x18, 0x00, 0x00, 0x00, 0x03, 0x00, 0x01, 0x04, 0x09,
    0x00, 0x06, 0x00, 0x18, 0x00, 0x54, 0x00, 0x03, 0x00, 0x01, 0x04, 0x09, 0x01, 0x0F, 0x00, 0x0C,
    0x00, 0x6C, 0x00, 0x03, 0x00, 0x01, 0x04, 0x09, 0x01, 0x10, 0x00, 0x0A, 0x00, 0x78, 0x00, 0x03,
    0x00, 0x01, 0x04, 0x09, 0x01, 0x17, 0x00, 0x0E, 0x00, 0x18, 0x00, 0x03, 0x00, 0x01, 0x04, 0x09,
    0x01, 0x19, 0x00, 0x0C, 0x00, 0x82, 0x00, 0x49, 0x00, 0x6E, 0x00, 0x74, 0x00, 0x65, 0x00, 0x72,
    0x00, 0x20, 0x00, 0x4D, 0x00, 0x65, 0x00, 0x64, 0x00, 0x69, 0x00, 0x75, 0x00, 0x6D, 0x00, 0x52,
    0x00, 0x65, 0x00, 0x67, 0x00, 0x75, 0x00, 0x6C, 0x00, 0x61, 0x00, 0x72, 0x00, 0x33, 0x00, 0x2E,
    0x00, 0x30, 0x00, 0x31, 0x00, 0x39, 0x00, 0x3B, 0x00, 0x52, 0x00, 0x53, 0x00, 0x4D, 0x00, 0x53,
    0x00, 0x3B, 0x00, 0x49, 0x00, 0x6E, 0x00, 0x74, 0x00, 0x65, 0x00, 0x72, 0x00, 0x2D, 0x00, 0x4D,
    0x00, 0x65, 0x00, 0x64, 0x00, 0x69, 0x00, 0x75, 0x00, 0x6D, 0x00, 0x49, 0x00, 0x6E, 0x00, 0x74,
    0x00, 0x65, 0x00, 0x72, 0x00, 0x2D, 0x00, 0x4D, 0x00, 0x65, 0x00, 0x64, 0x00, 0x69, 0x00, 0x75,
    0x00, 0x6D, 0x00, 0x57, 0x00, 0x65, 0x00, 0x69, 0x00, 0x67, 0x00, 0x68, 0x00, 0x74, 0x00, 0x53,
    0x00, 0x6C, 0x00, 0x61, 0x00, 0x6E, 0x00, 0x74, 0x00, 0x4D, 0x00, 0x65, 0x00, 0x64, 0x00, 0x69,
    0x00, 0x75, 0x00, 0x6D, 0x00, 0x03, 0x00, 0x00, 0x00, 0x00, 0x00, 0x00, 0xFE, 0x30, 0x00, 0xC0,
    0x00, 0x00, 0x00, 0x00, 0x00, 0x00, 0x00, 0x00, 0x00, 0x00, 0x00, 0x00, 0x00, 0x00, 0x00, 0x00,
    0x00, 0x00, 0x00, 0x00, 0x00, 0x01, 0x00, 0x01, 0xFF, 0xFF, 0x00, 0x0F, 0x00, 0x01, 0x00, 0x00,
    0x00, 0x0C, 0x00, 0x00, 0x00, 0x00, 0x00, 0x00, 0x00, 0x02, 0x00, 0x0D, 0x00, 0x02, 0x00, 0x15,
    0x00, 0x01, 0x00, 0x17, 0x00, 0xA4, 0x00, 0x01, 0x00, 0xA6, 0x00, 0xA6, 0x00, 0x01, 0x00, 0xA8,
    0x00, 0xA8, 0x00, 0x01, 0x00, 0xAB, 0x00, 0xCF, 0x00, 0x01, 0x00, 0xD1, 0x00, 0xD7, 0x00, 0x01,
    0x00, 0xD9, 0x00, 0xEC, 0x00, 0x01, 0x00, 0xF0, 0x00, 0xF1, 0x00, 0x01, 0x00, 0xF6, 0x00, 0xF6,
    0x00, 0x01, 0x01, 0x31, 0x01, 0x31, 0x00, 0x01, 0x01, 0x38, 0x01, 0x3C, 0x00, 0x01, 0x01, 0x3E,
    0x01, 0x3F, 0x00, 0x01, 0x01, 0x4F, 0x01, 0x53, 0x00, 0x01, 0x00, 0x00, 0x00, 0x01, 0x00, 0x00,
    0x00, 0x0A, 0x00, 0x1C, 0x00, 0x1E, 0x00, 0x01, 0x44, 0x46, 0x4C, 0x54, 0x00, 0x08, 0x00, 0x04,
    0x00, 0x00, 0x00, 0x00, 0xFF, 0xFF, 0x00, 0x00, 0x00, 0x00, 0x00, 0x00, 0x00, 0x01, 0x00, 0x00,
    0x00, 0x0A, 0x00, 0x26, 0x00, 0x28, 0x00, 0x02, 0x44, 0x46, 0x4C, 0x54, 0x00, 0x0E, 0x6C, 0x61,
    0x74, 0x6E, 0x00, 0x18, 0x00, 0x04, 0x00, 0x00, 0x00, 0x00, 0xFF, 0xFF, 0x00, 0x00, 0x00, 0x00,
    0x00, 0x00, 0x00, 0x00, 0x00, 0x00, 0x00, 0x00, 0x00, 0x01, 0x00, 0x01, 0x00, 0x08, 0x00, 0x02,
    0x00, 0x00, 0x00, 0x14, 0x00, 0x02, 0x00, 0x00, 0x00, 0x24, 0x00, 0x02, 0x77, 0x67, 0x68, 0x74,
    0x01, 0x0F, 0x00, 0x00, 0x73, 0x6C, 0x6E, 0x74, 0x01, 0x10, 0x00, 0x01, 0x00, 0x04, 0x00, 0x10,
    0x00, 0x01, 0x00, 0x00, 0x00, 0x00, 0x01, 0x19, 0x01, 0xF4, 0x00, 0x00, 0x00, 0x03, 0x00, 0x01,
    0x00, 0x02, 0x01, 0x17, 0x00, 0x00, 0x00, 0x00, 0xFF, 0xF6, 0x00, 0x00,
};
